0.000000,209.153500,1.000000,1.000000
0.000032,209.183700,2.000000,1.000000
0.000109,207.194200,3.000000,1.000000
0.000141,207.465500,4.000000,1.000000
0.000154,207.248600,5.000000,1.000000
0.000161,207.340900,6.000000,1.000000
0.000193,206.897200,7.000000,1.000000
0.000199,207.161100,8.000000,1.000000
0.000219,207.132500,9.000000,1.000000
0.000232,204.501500,10.000000,1.000000
0.000238,206.791600,11.000000,1.000000
0.000244,206.974200,12.000000,1.000000
0.000289,209.004700,13.000000,1.000000
0.000309,210.828200,14.000000,1.000000
0.000367,204.148100,15.000000,1.000000
0.000380,204.234500,16.000000,1.000000
0.000399,204.101800,17.000000,1.000000
0.000399,207.145800,18.000000,1.000000
0.000399,203.938200,19.000000,1.000000
0.000405,204.073500,20.000000,1.000000
0.000457,203.484600,21.000000,1.000000
0.000502,202.367600,22.000000,1.000000
0.000521,200.356500,23.000000,1.000000
0.000528,199.760800,24.000000,1.000000
0.000534,202.316400,25.000000,1.000000
0.000573,199.732500,26.000000,1.000000
0.000579,197.504900,27.000000,1.000000
0.000611,197.976100,28.000000,1.000000
0.000650,197.211000,29.000000,1.000000
0.000663,197.694900,30.000000,1.000000
0.000669,197.681900,31.000000,1.000000
0.000688,197.140100,32.000000,1.000000
0.000695,197.526800,33.000000,1.000000
0.000708,197.740400,34.000000,1.000000
0.000746,198.218300,35.000000,1.000000
0.000759,198.058400,36.000000,1.000000
0.000760,111.766000,37.000000,0.000000
0.000766,198.051800,38.000000,1.000000
0.000804,198.908400,39.000000,1.000000
0.000836,199.033400,40.000000,1.000000
0.000881,199.241200,41.000000,1.000000
0.000901,200.260800,42.000000,1.000000
0.000913,197.916400,43.000000,1.000000
0.000939,198.324900,44.000000,1.000000
0.000939,198.133000,45.000000,1.000000
0.000991,199.818300,46.000000,1.000000
0.001010,196.026000,47.000000,1.000000
0.001036,198.768300,48.000000,1.000000
0.001049,199.591200,49.000000,1.000000
0.001055,197.707000,50.000000,1.000000
0.001055,198.212200,51.000000,1.000000
0.001068,197.009400,52.000000,1.000000
0.001087,196.200100,53.000000,1.000000
0.001094,197.000900,54.000000,1.000000
0.001100,195.884200,55.000000,1.000000
0.001119,195.714800,56.000000,1.000000
0.001151,209.787900,57.000000,1.000000
0.001184,195.286600,58.000000,1.000000
0.001190,209.433800,59.000000,1.000000
0.001203,195.636200,60.000000,1.000000
0.001209,195.990000,61.000000,1.000000
0.001209,195.471400,62.000000,1.000000
0.001216,195.535000,63.000000,1.000000
0.001261,195.896200,64.000000,1.000000
0.001267,194.119400,65.000000,1.000000
0.001274,195.746800,66.000000,1.000000
0.001312,195.810900,67.000000,1.000000
0.001337,304.005500,68.000000,0.000000
0.001351,193.981800,69.000000,1.000000
0.001364,194.124100,70.000000,1.000000
0.001473,193.895500,71.000000,1.000000
0.001499,193.875700,72.000000,1.000000
0.001518,193.760800,73.000000,1.000000
0.001524,193.847500,74.000000,1.000000
0.001537,193.887700,75.000000,1.000000
0.001537,198.364000,76.000000,1.000000
0.001538,156.643200,77.000000,0.000000
0.001672,193.256100,78.000000,1.000000
0.001717,191.076900,79.000000,1.000000
0.001723,195.712400,80.000000,1.000000
0.001781,195.138400,81.000000,1.000000
0.001826,196.878500,82.000000,1.000000
0.001852,189.170500,83.000000,1.000000
0.001936,190.568600,84.000000,1.000000
0.001987,189.395200,85.000000,1.000000
0.002006,187.903200,86.000000,1.000000
0.002013,182.435600,87.000000,1.000000
0.002051,195.065600,88.000000,1.000000
0.002115,192.477100,89.000000,1.000000
0.002135,185.708700,90.000000,1.000000
0.002135,195.353100,91.000000,1.000000
0.002162,24.044860,92.000000,0.000000
0.002205,186.922700,93.000000,1.000000
0.002205,186.677600,94.000000,1.000000
0.002212,186.014400,95.000000,1.000000
0.002212,186.608300,96.000000,1.000000
0.002218,186.573600,97.000000,1.000000
0.002237,186.591500,98.000000,1.000000
0.002244,186.634300,99.000000,1.000000
0.002263,231.826400,100.000000,0.000000
0.002263,186.320700,101.000000,1.000000
0.002327,186.627300,102.000000,1.000000
0.002327,186.809800,103.000000,1.000000
0.002430,184.874900,104.000000,1.000000
0.002430,184.479700,105.000000,1.000000
0.002468,184.140400,106.000000,1.000000
0.002468,193.609800,107.000000,1.000000
0.002513,199.698400,108.000000,1.000000
0.002539,183.925400,109.000000,1.000000
0.002552,185.197600,110.000000,1.000000
0.002603,184.589100,111.000000,1.000000
0.002629,183.424400,112.000000,1.000000
0.002648,183.459800,113.000000,1.000000
0.002693,183.221700,114.000000,1.000000
0.002758,117.905300,115.000000,0.000000
0.002763,170.963100,116.000000,1.000000
0.002783,172.626700,117.000000,1.000000
0.002789,181.806400,118.000000,1.000000
0.002802,180.809100,119.000000,1.000000
0.002834,180.205600,120.000000,1.000000
0.002847,182.726800,121.000000,1.000000
0.002859,180.364700,122.000000,1.000000
0.002911,182.248800,123.000000,1.000000
0.002917,173.069300,124.000000,1.000000
0.002962,180.157700,125.000000,1.000000
0.003000,180.074400,126.000000,1.000000
0.003045,178.977300,127.000000,1.000000
0.003045,179.070100,128.000000,1.000000
0.003045,171.777800,129.000000,1.000000
0.003058,179.130000,130.000000,1.000000
0.003065,179.000100,131.000000,1.000000
0.003097,179.285600,132.000000,1.000000
0.003116,180.383800,133.000000,1.000000
0.003148,176.298300,134.000000,1.000000
0.003160,182.261500,135.000000,1.000000
0.003167,178.233800,136.000000,1.000000
0.003199,178.443700,137.000000,1.000000
0.003257,183.606000,138.000000,1.000000
0.003282,168.427300,139.000000,1.000000
0.003289,169.536900,140.000000,1.000000
0.003308,182.227300,141.000000,1.000000
0.003327,167.513000,142.000000,1.000000
0.003346,169.001000,143.000000,1.000000
0.003385,177.208300,144.000000,1.000000
0.003468,167.305500,145.000000,1.000000
0.003487,167.693500,146.000000,1.000000
0.003494,168.197100,147.000000,1.000000
0.003577,167.381500,148.000000,1.000000
0.003603,164.636500,149.000000,1.000000
0.003673,166.929000,150.000000,1.000000
0.003699,179.248300,151.000000,1.000000
0.003725,166.919800,152.000000,1.000000
0.003782,166.216400,153.000000,1.000000
0.003782,165.312500,154.000000,1.000000
0.003827,165.327100,155.000000,1.000000
0.003860,165.018300,156.000000,1.000000
0.003892,164.341700,157.000000,1.000000
0.003917,163.554500,158.000000,1.000000
0.003943,167.256300,159.000000,1.000000
0.003975,167.816300,160.000000,1.000000
0.003982,167.246000,161.000000,1.000000
0.004001,177.488200,162.000000,1.000000
0.004019,277.633600,163.000000,0.000000
0.004052,169.279900,164.000000,1.000000
0.004091,171.629600,165.000000,1.000000
0.004114,372.349500,166.000000,0.000000
0.004123,164.717400,167.000000,1.000000
0.004142,173.125800,168.000000,1.000000
0.004162,174.174900,169.000000,1.000000
0.004162,164.271000,170.000000,1.000000
0.004162,164.133600,171.000000,1.000000
0.004168,176.234900,172.000000,1.000000
0.004175,169.825600,173.000000,1.000000
0.004213,161.635400,174.000000,1.000000
0.004252,175.328700,175.000000,1.000000
0.004284,160.937700,176.000000,1.000000
0.004291,161.089200,177.000000,1.000000
0.004304,161.023400,178.000000,1.000000
0.004323,160.928100,179.000000,1.000000
0.004362,161.153700,180.000000,1.000000
0.004388,160.768000,181.000000,1.000000
0.004401,159.287600,182.000000,1.000000
0.004413,160.749500,183.000000,1.000000
0.004446,160.810100,184.000000,1.000000
0.004504,159.778900,185.000000,1.000000
0.004510,159.288700,186.000000,1.000000
0.004614,157.897000,187.000000,1.000000
0.004620,159.677100,188.000000,1.000000
0.004627,157.378600,189.000000,1.000000
0.004653,156.970000,190.000000,1.000000
0.004666,159.987300,191.000000,1.000000
0.004672,159.127800,192.000000,1.000000
0.004696,289.930400,193.000000,0.000000
0.004750,162.278800,194.000000,1.000000
0.004769,159.930300,195.000000,1.000000
0.004801,168.260000,196.000000,1.000000
0.004827,176.725300,197.000000,1.000000
0.004872,170.932000,198.000000,1.000000
0.004885,171.435300,199.000000,1.000000
0.004911,174.513700,200.000000,1.000000
0.004963,174.197600,201.000000,1.000000
0.004989,173.307000,202.000000,1.000000
0.005028,171.193500,203.000000,1.000000
0.005053,171.225700,204.000000,1.000000
0.005066,172.667200,205.000000,1.000000
0.005112,171.483800,206.000000,1.000000
0.005112,174.203000,207.000000,1.000000
0.005118,166.357200,208.000000,1.000000
0.005144,171.750300,209.000000,1.000000
0.005215,173.626000,210.000000,1.000000
0.005247,166.873600,211.000000,1.000000
0.005247,176.434100,212.000000,1.000000
0.005299,180.216000,213.000000,1.000000
0.005325,172.120100,214.000000,1.000000
0.005357,170.212000,215.000000,1.000000
0.005363,179.690500,216.000000,1.000000
0.005383,186.219600,217.000000,1.000000
0.005396,185.027200,218.000000,1.000000
0.005396,170.409800,219.000000,1.000000
0.005428,166.537900,220.000000,1.000000
0.005467,179.028400,221.000000,1.000000
0.005473,176.884300,222.000000,1.000000
0.005538,167.280100,223.000000,1.000000
0.005621,177.773400,224.000000,1.000000
0.005628,173.314000,225.000000,1.000000
0.005641,173.028600,226.000000,1.000000
0.005718,166.908400,227.000000,1.000000
0.005795,167.926700,228.000000,1.000000
0.005808,171.786800,229.000000,1.000000
0.005859,172.009100,230.000000,1.000000
0.005865,173.605400,231.000000,1.000000
0.005878,172.884800,232.000000,1.000000
0.005910,171.471800,233.000000,1.000000
0.005910,169.657200,234.000000,1.000000
0.005949,171.033700,235.000000,1.000000
0.006000,173.847400,236.000000,1.000000
0.006039,167.201900,237.000000,1.000000
0.006039,176.508400,238.000000,1.000000
0.006039,166.843700,239.000000,1.000000
0.006084,167.088700,240.000000,1.000000
0.006090,167.175300,241.000000,1.000000
0.006109,171.803300,242.000000,1.000000
0.006129,171.792800,243.000000,1.000000
0.006135,170.024800,244.000000,1.000000
0.006148,170.029700,245.000000,1.000000
0.006161,169.836600,246.000000,1.000000
0.006186,169.480100,247.000000,1.000000
0.006206,169.558700,248.000000,1.000000
0.006206,170.193000,249.000000,1.000000
0.006212,170.686300,250.000000,1.000000
0.006250,174.585400,251.000000,1.000000
0.006257,170.339500,252.000000,1.000000
0.006263,173.072700,253.000000,1.000000
0.006295,170.345200,254.000000,1.000000
0.006321,176.295800,255.000000,1.000000
0.006366,176.198000,256.000000,1.000000
0.006385,175.339700,257.000000,1.000000
0.006385,171.327400,258.000000,1.000000
0.006392,171.329100,259.000000,1.000000
0.006417,173.586700,260.000000,1.000000
0.006436,172.450500,261.000000,1.000000
0.006443,167.905900,262.000000,1.000000
0.006526,180.372000,263.000000,1.000000
0.006629,180.706500,264.000000,1.000000
0.006641,178.841600,265.000000,1.000000
0.006648,178.200500,266.000000,1.000000
0.006654,179.278400,267.000000,1.000000
0.006654,178.709400,268.000000,1.000000
0.006693,179.333100,269.000000,1.000000
0.006693,179.184400,270.000000,1.000000
0.006712,179.662400,271.000000,1.000000
0.006789,179.426300,272.000000,1.000000
0.006853,180.280200,273.000000,1.000000
0.006892,180.377200,274.000000,1.000000
0.006924,183.779700,275.000000,1.000000
0.006943,179.723300,276.000000,1.000000
0.006949,180.452400,277.000000,1.000000
0.007046,180.672700,278.000000,1.000000
0.007046,180.590000,279.000000,1.000000
0.007091,182.296600,280.000000,1.000000
0.007091,183.866200,281.000000,1.000000
0.007097,180.289400,282.000000,1.000000
0.007116,182.898400,283.000000,1.000000
0.007148,180.193600,284.000000,1.000000
0.007155,180.303800,285.000000,1.000000
0.007174,190.412900,286.000000,1.000000
0.007193,191.993500,287.000000,1.000000
0.007270,179.222500,288.000000,1.000000
0.007290,180.877900,289.000000,1.000000
0.007335,179.117200,290.000000,1.000000
0.007347,179.159500,291.000000,1.000000
0.007347,178.668900,292.000000,1.000000
0.007347,178.920500,293.000000,1.000000
0.007360,178.814000,294.000000,1.000000
0.007367,183.836300,295.000000,1.000000
0.007367,179.053800,296.000000,1.000000
0.007373,178.841100,297.000000,1.000000
0.007405,178.838200,298.000000,1.000000
0.007418,179.033400,299.000000,1.000000
0.007425,178.519300,300.000000,1.000000
0.007444,179.060800,301.000000,1.000000
0.007450,179.021000,302.000000,1.000000
0.007463,177.857100,303.000000,1.000000
0.007476,177.571200,304.000000,1.000000
0.007482,177.717500,305.000000,1.000000
0.007514,177.729200,306.000000,1.000000
0.007566,177.294800,307.000000,1.000000
0.007611,183.168600,308.000000,1.000000
0.007630,183.806900,309.000000,1.000000
0.007637,176.897900,310.000000,1.000000
0.007643,176.895100,311.000000,1.000000
0.007656,183.981700,312.000000,1.000000
0.007656,176.720600,313.000000,1.000000
0.007662,183.940800,314.000000,1.000000
0.007681,183.962300,315.000000,1.000000
0.007688,183.350400,316.000000,1.000000
0.007694,183.838300,317.000000,1.000000
0.007694,183.908100,318.000000,1.000000
0.007701,181.795900,319.000000,1.000000
0.007701,183.880800,320.000000,1.000000
0.007720,183.553700,321.000000,1.000000
0.007740,125.029200,322.000000,0.000000
0.007778,178.212000,323.000000,1.000000
0.007784,183.898700,324.000000,1.000000
0.007791,184.026200,325.000000,1.000000
0.007803,178.433900,326.000000,1.000000
0.007803,178.024600,327.000000,1.000000
0.007855,177.857600,328.000000,1.000000
0.007861,178.208700,329.000000,1.000000
0.007887,179.029000,330.000000,1.000000
0.007906,174.891100,331.000000,1.000000
0.007932,174.639000,332.000000,1.000000
0.007951,174.573400,333.000000,1.000000
0.007957,183.335400,334.000000,1.000000
0.007964,174.584000,335.000000,1.000000
0.007970,175.893400,336.000000,1.000000
0.007977,177.997300,337.000000,1.000000
0.007977,178.134600,338.000000,1.000000
0.008002,178.522700,339.000000,1.000000
0.008060,179.727100,340.000000,1.000000
0.008080,179.784900,341.000000,1.000000
0.008086,174.175300,342.000000,1.000000
0.008105,174.289600,343.000000,1.000000
0.008124,175.014500,344.000000,1.000000
0.008131,177.406400,345.000000,1.000000
0.008163,189.569700,346.000000,1.000000
0.008169,189.156300,347.000000,1.000000
0.008176,188.059400,348.000000,1.000000
0.008208,184.305800,349.000000,1.000000
0.008214,173.438000,350.000000,1.000000
0.008221,180.944400,351.000000,1.000000
0.008240,174.329200,352.000000,1.000000
0.008272,186.112500,353.000000,1.000000
0.008272,186.755200,354.000000,1.000000
0.008285,180.931100,355.000000,1.000000
0.008310,186.117900,356.000000,1.000000
0.008317,182.565300,357.000000,1.000000
0.008323,185.907500,358.000000,1.000000
0.008330,176.000400,359.000000,1.000000
0.008343,174.903400,360.000000,1.000000
0.008349,183.161500,361.000000,1.000000
0.008400,173.547700,362.000000,1.000000
0.008413,183.255500,363.000000,1.000000
0.008426,182.878800,364.000000,1.000000
0.008464,184.396300,365.000000,1.000000
0.008471,174.139400,366.000000,1.000000
0.008483,183.429500,367.000000,1.000000
0.008484,172.166000,368.000000,1.000000
0.008490,174.962500,369.000000,1.000000
0.008496,172.027500,370.000000,1.000000
0.008528,176.136900,371.000000,1.000000
0.008541,171.344900,372.000000,1.000000
0.008580,167.838800,373.000000,1.000000
0.008650,168.042100,374.000000,1.000000
0.008657,169.453400,375.000000,1.000000
0.008676,169.366300,376.000000,1.000000
0.008676,169.685900,377.000000,1.000000
0.008747,166.569700,378.000000,1.000000
0.008772,162.149000,379.000000,1.000000
0.008843,161.800200,380.000000,1.000000
0.008849,155.891700,381.000000,1.000000
0.008939,155.436500,382.000000,1.000000
0.008952,156.441900,383.000000,1.000000
0.008965,163.053100,384.000000,1.000000
0.008990,155.583200,385.000000,1.000000
0.009003,157.239300,386.000000,1.000000
0.009010,155.310900,387.000000,1.000000
0.009022,155.253000,388.000000,1.000000
0.009067,156.764000,389.000000,1.000000
0.009067,152.582900,390.000000,1.000000
0.009080,155.389300,391.000000,1.000000
0.009087,156.274400,392.000000,1.000000
0.009093,154.449800,393.000000,1.000000
0.009106,155.814200,394.000000,1.000000
0.009112,152.847200,395.000000,1.000000
0.009138,152.553100,396.000000,1.000000
0.009157,153.846400,397.000000,1.000000
0.009202,153.883600,398.000000,1.000000
0.009240,156.177700,399.000000,1.000000
0.009279,151.531300,400.000000,1.000000
0.009285,151.193600,401.000000,1.000000
0.009311,153.320100,402.000000,1.000000
0.009311,152.413200,403.000000,1.000000
0.009330,151.513100,404.000000,1.000000
0.009337,151.307600,405.000000,1.000000
0.009362,151.316900,406.000000,1.000000
0.009362,152.556700,407.000000,1.000000
0.009401,151.344800,408.000000,1.000000
0.009414,151.383600,409.000000,1.000000
0.009433,151.431700,410.000000,1.000000
0.009459,151.466100,411.000000,1.000000
0.009478,151.435900,412.000000,1.000000
0.009504,151.150900,413.000000,1.000000
0.009536,151.472100,414.000000,1.000000
0.009574,147.908400,415.000000,1.000000
0.009581,147.774500,416.000000,1.000000
0.009600,147.926800,417.000000,1.000000
0.009606,148.148900,418.000000,1.000000
0.009613,148.088800,419.000000,1.000000
0.009613,147.455200,420.000000,1.000000
0.009651,147.646600,421.000000,1.000000
0.009651,151.352200,422.000000,1.000000
0.009658,147.424500,423.000000,1.000000
0.009664,147.497800,424.000000,1.000000
0.009677,147.142400,425.000000,1.000000
0.009690,147.531400,426.000000,1.000000
0.009703,147.844700,427.000000,1.000000
0.009716,147.542200,428.000000,1.000000
0.009728,147.796300,429.000000,1.000000
0.009748,147.520800,430.000000,1.000000
0.009754,147.575800,431.000000,1.000000
0.009773,147.450200,432.000000,1.000000
0.009780,147.638000,433.000000,1.000000
0.009780,147.533800,434.000000,1.000000
0.009780,147.730900,435.000000,1.000000
0.009799,150.800700,436.000000,1.000000
0.009799,147.528900,437.000000,1.000000
0.009876,150.585600,438.000000,1.000000
0.009915,147.668400,439.000000,1.000000
0.009934,148.233800,440.000000,1.000000
0.009953,148.168200,441.000000,1.000000
0.009960,148.364200,442.000000,1.000000
0.009992,148.202000,443.000000,1.000000
0.009998,148.070700,444.000000,1.000000
0.010024,148.489000,445.000000,1.000000
0.010062,148.270700,446.000000,1.000000
0.010069,148.358300,447.000000,1.000000
0.010082,148.470200,448.000000,1.000000
0.010095,148.497000,449.000000,1.000000
0.010114,149.098500,450.000000,1.000000
0.010140,149.869900,451.000000,1.000000
0.010159,149.086100,452.000000,1.000000
0.010159,149.077800,453.000000,1.000000
0.010165,149.418700,454.000000,1.000000
0.010172,149.117100,455.000000,1.000000
0.010178,148.301100,456.000000,1.000000
0.010196,235.039600,457.000000,0.000000
0.010208,325.861000,458.000000,0.000000
0.010236,154.558600,459.000000,1.000000
0.010274,151.278400,460.000000,1.000000
0.010306,155.448800,461.000000,1.000000
0.010306,153.335200,462.000000,1.000000
0.010319,154.765000,463.000000,1.000000
0.010326,153.473000,464.000000,1.000000
0.010332,153.224200,465.000000,1.000000
0.010351,153.273500,466.000000,1.000000
0.010351,152.931200,467.000000,1.000000
0.010371,153.295800,468.000000,1.000000
0.010377,153.186200,469.000000,1.000000
0.010416,153.504800,470.000000,1.000000
0.010448,153.474100,471.000000,1.000000
0.010448,153.605300,472.000000,1.000000
0.010454,154.082300,473.000000,1.000000
0.010461,153.852600,474.000000,1.000000
0.010461,153.602800,475.000000,1.000000
0.010467,153.576400,476.000000,1.000000
0.010486,153.512300,477.000000,1.000000
0.010518,153.970500,478.000000,1.000000
0.010570,156.034700,479.000000,1.000000
0.010576,156.449400,480.000000,1.000000
0.010634,156.368000,481.000000,1.000000
0.010660,155.890500,482.000000,1.000000
0.010660,134.927600,483.000000,0.000000
0.010692,155.826800,484.000000,1.000000
0.010724,156.098700,485.000000,1.000000
0.010743,156.247000,486.000000,1.000000
0.010749,155.926600,487.000000,1.000000
0.010749,156.090500,488.000000,1.000000
0.010762,156.484300,489.000000,1.000000
0.010775,156.160300,490.000000,1.000000
0.010775,156.485200,491.000000,1.000000
0.010801,157.713300,492.000000,1.000000
0.010813,156.855100,493.000000,1.000000
0.010820,156.155700,494.000000,1.000000
0.010826,157.485400,495.000000,1.000000
0.010839,157.631300,496.000000,1.000000
0.010858,157.664300,497.000000,1.000000
0.010890,156.931800,498.000000,1.000000
0.010897,156.928500,499.000000,1.000000
0.010922,158.593900,500.000000,1.000000
0.010929,158.658500,501.000000,1.000000
0.010929,157.104900,502.000000,1.000000
0.010929,158.718600,503.000000,1.000000
0.010942,158.846100,504.000000,1.000000
0.010974,159.956200,505.000000,1.000000
0.010993,159.216000,506.000000,1.000000
0.011019,158.440100,507.000000,1.000000
0.011044,158.465700,508.000000,1.000000
0.011057,158.476400,509.000000,1.000000
0.011102,158.522200,510.000000,1.000000
0.011108,157.649700,511.000000,1.000000
0.011140,158.896000,512.000000,1.000000
0.011192,158.257200,513.000000,1.000000
0.011224,158.332100,514.000000,1.000000
0.011237,159.615400,515.000000,1.000000
0.011243,158.695100,516.000000,1.000000
0.011269,160.103000,517.000000,1.000000
0.011314,158.626700,518.000000,1.000000
0.011333,158.810900,519.000000,1.000000
0.011333,158.641900,520.000000,1.000000
0.011397,158.693000,521.000000,1.000000
0.011410,158.665700,522.000000,1.000000
0.011423,158.694700,523.000000,1.000000
0.011423,158.528900,524.000000,1.000000
0.011474,159.761200,525.000000,1.000000
0.011500,159.316300,526.000000,1.000000
0.011513,159.540400,527.000000,1.000000
0.011519,159.900200,528.000000,1.000000
0.011583,159.259300,529.000000,1.000000
0.011590,159.069600,530.000000,1.000000
0.011603,159.303500,531.000000,1.000000
0.011660,159.662400,532.000000,1.000000
0.011725,160.087000,533.000000,1.000000
0.011750,159.573900,534.000000,1.000000
0.011770,159.494700,535.000000,1.000000
0.011776,159.752100,536.000000,1.000000
0.011782,159.702700,537.000000,1.000000
0.011782,159.961100,538.000000,1.000000
0.011834,159.431600,539.000000,1.000000
0.011860,159.916900,540.000000,1.000000
0.011866,159.529900,541.000000,1.000000
0.011866,159.714600,542.000000,1.000000
0.011917,159.622600,543.000000,1.000000
0.011936,260.777500,544.000000,0.000000
0.012053,160.418700,545.000000,1.000000
0.012066,161.958000,546.000000,1.000000
0.012098,160.434800,547.000000,1.000000
0.012111,160.651700,548.000000,1.000000
0.012130,161.102000,549.000000,1.000000
0.012136,160.315000,550.000000,1.000000
0.012143,160.471100,551.000000,1.000000
0.012162,160.121200,552.000000,1.000000
0.012188,160.533300,553.000000,1.000000
0.012194,160.137500,554.000000,1.000000
0.012207,160.999400,555.000000,1.000000
0.012220,160.491700,556.000000,1.000000
0.012227,160.550200,557.000000,1.000000
0.012298,160.699600,558.000000,1.000000
0.012298,160.758900,559.000000,1.000000
0.012317,161.449300,560.000000,1.000000
0.012317,160.702800,561.000000,1.000000
0.012368,226.407500,562.000000,0.000000
0.012369,158.438800,563.000000,1.000000
0.012369,156.076700,564.000000,1.000000
0.012375,155.997600,565.000000,1.000000
0.012388,160.970500,566.000000,1.000000
0.012414,165.407600,567.000000,1.000000
0.012439,160.666400,568.000000,1.000000
0.012452,168.220600,569.000000,1.000000
0.012452,156.407300,570.000000,1.000000
0.012503,240.948500,571.000000,0.000000
0.012504,168.951600,572.000000,1.000000
0.012510,168.142300,573.000000,1.000000
0.012523,165.369200,574.000000,1.000000
0.012575,148.287500,575.000000,0.000000
0.012588,170.045500,576.000000,1.000000
0.012601,164.948200,577.000000,1.000000
0.012607,164.013200,578.000000,1.000000
0.012626,201.424500,579.000000,0.000000
0.012652,164.964900,580.000000,1.000000
0.012659,167.030900,581.000000,1.000000
0.012659,170.185200,582.000000,1.000000
0.012678,160.965700,583.000000,1.000000
0.012697,165.290500,584.000000,1.000000
0.012762,160.429900,585.000000,1.000000
0.012768,160.488200,586.000000,1.000000
0.012768,160.737900,587.000000,1.000000
0.012775,166.944100,588.000000,1.000000
0.012775,84.986270,589.000000,0.000000
0.012781,159.639300,590.000000,1.000000
0.012787,159.875500,591.000000,1.000000
0.012833,159.763500,592.000000,1.000000
0.012839,162.669900,593.000000,1.000000
0.012916,158.525500,594.000000,1.000000
0.012923,159.452900,595.000000,1.000000
0.012974,158.506900,596.000000,1.000000
0.013045,157.849200,597.000000,1.000000
0.013135,157.695500,598.000000,1.000000
0.013135,157.423100,599.000000,1.000000
0.013187,157.286700,600.000000,1.000000
0.013200,157.178900,601.000000,1.000000
0.013232,157.155200,602.000000,1.000000
0.013251,156.994100,603.000000,1.000000
0.013264,157.663000,604.000000,1.000000
0.013264,156.832300,605.000000,1.000000
0.013315,158.970300,606.000000,1.000000
0.013360,155.158000,607.000000,1.000000
0.013366,155.436900,608.000000,1.000000
0.013437,155.055100,609.000000,1.000000
0.013443,154.756800,610.000000,1.000000
0.013480,288.411400,611.000000,0.000000
0.013584,154.180700,612.000000,1.000000
0.013629,150.955400,613.000000,1.000000
0.013649,150.617900,614.000000,1.000000
0.013732,150.524300,615.000000,1.000000
0.013732,150.638100,616.000000,1.000000
0.013738,150.635900,617.000000,1.000000
0.013751,149.137400,618.000000,1.000000
0.013777,150.988600,619.000000,1.000000
0.013815,150.980500,620.000000,1.000000
0.013841,149.733000,621.000000,1.000000
0.013854,150.516200,622.000000,1.000000
0.013866,150.525100,623.000000,1.000000
0.013879,150.838200,624.000000,1.000000
0.013995,149.603400,625.000000,1.000000
0.014020,150.701800,626.000000,1.000000
0.014046,150.415200,627.000000,1.000000
0.014052,150.265800,628.000000,1.000000
0.014072,149.721700,629.000000,1.000000
0.014084,149.494800,630.000000,1.000000
0.014097,150.343300,631.000000,1.000000
0.014104,149.476700,632.000000,1.000000
0.014142,149.939400,633.000000,1.000000
0.014142,154.952700,634.000000,1.000000
0.014155,149.890700,635.000000,1.000000
0.014174,152.275900,636.000000,1.000000
0.014193,150.065700,637.000000,1.000000
0.014232,150.112900,638.000000,1.000000
0.014238,150.599200,639.000000,1.000000
0.014264,150.962900,640.000000,1.000000
0.014270,151.100400,641.000000,1.000000
0.014277,150.903700,642.000000,1.000000
0.014328,154.776400,643.000000,1.000000
0.014411,152.425800,644.000000,1.000000
0.014508,157.702400,645.000000,1.000000
0.014514,153.226600,646.000000,1.000000
0.014527,152.638700,647.000000,1.000000
0.014546,152.672900,648.000000,1.000000
0.014617,152.456100,649.000000,1.000000
0.014623,155.451200,650.000000,1.000000
0.014630,154.510000,651.000000,1.000000
0.014636,156.222500,652.000000,1.000000
0.014681,158.358000,653.000000,1.000000
0.014701,155.242100,654.000000,1.000000
0.014713,168.245500,655.000000,1.000000
0.014739,161.092400,656.000000,1.000000
0.014752,155.620400,657.000000,1.000000
0.014797,158.776900,658.000000,1.000000
0.014809,237.130400,659.000000,0.000000
0.014836,166.543300,660.000000,1.000000
0.014849,163.678200,661.000000,1.000000
0.014855,163.549100,662.000000,1.000000
0.014874,162.913200,663.000000,1.000000
0.014894,163.626500,664.000000,1.000000
0.014913,167.199600,665.000000,1.000000
0.014932,163.467900,666.000000,1.000000
0.014965,163.853000,667.000000,1.000000
0.014990,168.518200,668.000000,1.000000
0.015029,175.232200,669.000000,1.000000
0.015048,164.313100,670.000000,1.000000
0.015093,173.916600,671.000000,1.000000
0.015125,173.604100,672.000000,1.000000
0.015132,173.668500,673.000000,1.000000
0.015132,173.663000,674.000000,1.000000
0.015138,173.652400,675.000000,1.000000
0.015151,173.615100,676.000000,1.000000
0.015181,374.002800,677.000000,0.000000
0.015190,173.890500,678.000000,1.000000
0.015190,173.770400,679.000000,1.000000
0.015203,173.669000,680.000000,1.000000
0.015229,173.480300,681.000000,1.000000
0.015248,175.049100,682.000000,1.000000
0.015254,174.837200,683.000000,1.000000
0.015261,174.801300,684.000000,1.000000
0.015293,170.933800,685.000000,1.000000
0.015299,175.043200,686.000000,1.000000
0.015319,175.146900,687.000000,1.000000
0.015357,174.968900,688.000000,1.000000
0.015383,175.338500,689.000000,1.000000
0.015389,175.298000,690.000000,1.000000
0.015402,175.279500,691.000000,1.000000
0.015428,175.331200,692.000000,1.000000
0.015454,178.096600,693.000000,1.000000
0.015454,178.135900,694.000000,1.000000
0.015486,177.836600,695.000000,1.000000
0.015486,156.342300,696.000000,0.000000
0.015505,178.000400,697.000000,1.000000
0.015538,179.690900,698.000000,1.000000
0.015544,179.976800,699.000000,1.000000
0.015550,179.556000,700.000000,1.000000
0.015589,179.757500,701.000000,1.000000
0.015595,179.736700,702.000000,1.000000
0.015621,179.985800,703.000000,1.000000
0.015634,179.975700,704.000000,1.000000
0.015673,180.269800,705.000000,1.000000
0.015679,179.996900,706.000000,1.000000
0.015679,180.033100,707.000000,1.000000
0.015692,180.421200,708.000000,1.000000
0.015692,180.232300,709.000000,1.000000
0.015705,181.744400,710.000000,1.000000
0.015731,180.767300,711.000000,1.000000
0.015788,182.411900,712.000000,1.000000
0.015821,182.190400,713.000000,1.000000
0.015833,182.262000,714.000000,1.000000
0.015833,182.370700,715.000000,1.000000
0.015853,182.208600,716.000000,1.000000
0.015872,182.005200,717.000000,1.000000
0.015878,181.881600,718.000000,1.000000
0.015898,182.106000,719.000000,1.000000
0.015909,292.993300,720.000000,0.000000
0.015917,182.287000,721.000000,1.000000
0.015917,182.269000,722.000000,1.000000
0.015923,182.307800,723.000000,1.000000
0.015955,183.440300,724.000000,1.000000
0.015975,183.863800,725.000000,1.000000
0.016020,183.918400,726.000000,1.000000
0.016032,183.684800,727.000000,1.000000
0.016045,183.880000,728.000000,1.000000
0.016058,184.002600,729.000000,1.000000
0.016077,183.873400,730.000000,1.000000
0.016097,183.913800,731.000000,1.000000
0.016116,183.890400,732.000000,1.000000
0.016135,184.141200,733.000000,1.000000
0.016161,183.865500,734.000000,1.000000
0.016212,182.979900,735.000000,1.000000
0.016218,183.088600,736.000000,1.000000
0.016244,182.954600,737.000000,1.000000
0.016251,182.836600,738.000000,1.000000
0.016276,183.354400,739.000000,1.000000
0.016353,180.753800,740.000000,1.000000
0.016360,181.399200,741.000000,1.000000
0.016379,181.247000,742.000000,1.000000
0.016392,181.171500,743.000000,1.000000
0.016392,181.052400,744.000000,1.000000
0.016398,181.091500,745.000000,1.000000
0.016404,181.276400,746.000000,1.000000
0.016411,181.150300,747.000000,1.000000
0.016430,181.671200,748.000000,1.000000
0.016437,180.106400,749.000000,1.000000
0.016462,179.934100,750.000000,1.000000
0.016469,180.008900,751.000000,1.000000
0.016481,180.188800,752.000000,1.000000
0.016501,180.346700,753.000000,1.000000
0.016501,180.212500,754.000000,1.000000
0.016526,180.395600,755.000000,1.000000
0.016533,180.484400,756.000000,1.000000
0.016590,179.567200,757.000000,1.000000
0.016603,180.820600,758.000000,1.000000
0.016648,180.353300,759.000000,1.000000
0.016655,172.174900,760.000000,1.000000
0.016674,180.472900,761.000000,1.000000
0.016680,179.687400,762.000000,1.000000
0.016751,174.476200,763.000000,1.000000
0.016770,171.478100,764.000000,1.000000
0.016783,174.510400,765.000000,1.000000
0.016789,174.936200,766.000000,1.000000
0.016796,173.708900,767.000000,1.000000
0.016809,170.045300,768.000000,1.000000
0.016808,175.507700,769.000000,1.000000
0.016808,178.194700,770.000000,1.000000
0.016834,175.385200,771.000000,1.000000
0.016879,175.900000,772.000000,1.000000
0.016879,175.564900,773.000000,1.000000
0.016937,156.669800,774.000000,1.000000
0.016950,164.178500,775.000000,1.000000
0.016975,153.741100,776.000000,1.000000
0.017040,154.028000,777.000000,1.000000
0.017046,153.996000,778.000000,1.000000
0.017052,153.879400,779.000000,1.000000
0.017072,153.785900,780.000000,1.000000
0.017084,154.053100,781.000000,1.000000
0.017104,158.227000,782.000000,1.000000
0.017123,153.830900,783.000000,1.000000
0.017232,152.616200,784.000000,1.000000
0.017258,160.596800,785.000000,1.000000
0.017284,153.995300,786.000000,1.000000
0.017296,156.673400,787.000000,1.000000
0.017335,162.710500,788.000000,1.000000
0.017341,153.603700,789.000000,1.000000
0.017367,153.461400,790.000000,1.000000
0.017373,153.261400,791.000000,1.000000
0.017418,153.321900,792.000000,1.000000
0.017425,162.589700,793.000000,1.000000
0.017528,164.203100,794.000000,1.000000
0.017553,153.488200,795.000000,1.000000
0.017560,153.625300,796.000000,1.000000
0.017611,154.522200,797.000000,1.000000
0.017624,154.704300,798.000000,1.000000
0.017630,152.160400,799.000000,1.000000
0.017669,166.188900,800.000000,1.000000
0.017708,154.755700,801.000000,1.000000
0.017733,155.316700,802.000000,1.000000
0.017759,167.531200,803.000000,1.000000
0.017759,154.653900,804.000000,1.000000
0.017765,154.093200,805.000000,1.000000
0.017772,166.599300,806.000000,1.000000
0.017778,153.723900,807.000000,1.000000
0.017978,159.195100,808.000000,1.000000
0.018016,153.768800,809.000000,1.000000
0.018022,163.826800,810.000000,1.000000
0.018048,153.646600,811.000000,1.000000
0.018106,176.696800,812.000000,1.000000
0.018138,176.260800,813.000000,1.000000
0.018151,180.258900,814.000000,1.000000
0.018164,176.453800,815.000000,1.000000
0.018164,177.414400,816.000000,1.000000
0.018222,179.097400,817.000000,1.000000
0.018260,174.929200,818.000000,1.000000
0.018260,153.798400,819.000000,1.000000
0.018299,169.671000,820.000000,1.000000
0.018299,144.174000,821.000000,0.000000
0.018363,153.801500,822.000000,1.000000
0.018389,171.158200,823.000000,1.000000
0.018389,163.372600,824.000000,1.000000
0.018389,153.974800,825.000000,1.000000
0.018415,160.188500,826.000000,1.000000
0.018415,174.591900,827.000000,1.000000
0.018421,173.429700,828.000000,1.000000
0.018434,176.784000,829.000000,1.000000
0.018492,168.518800,830.000000,1.000000
0.018492,174.775100,831.000000,1.000000
0.018524,153.966000,832.000000,1.000000
0.018608,153.867200,833.000000,1.000000
0.018627,154.033800,834.000000,1.000000
0.018736,154.335600,835.000000,1.000000
0.018749,154.286500,836.000000,1.000000
0.018749,153.944300,837.000000,1.000000
0.018749,154.288700,838.000000,1.000000
0.018762,154.054700,839.000000,1.000000
0.018781,153.525000,840.000000,1.000000
0.018794,154.251200,841.000000,1.000000
0.018813,154.182900,842.000000,1.000000
0.018839,154.278700,843.000000,1.000000
0.018839,154.372800,844.000000,1.000000
0.018844,305.276600,845.000000,0.000000
0.018871,154.523000,846.000000,1.000000
0.018895,327.868800,847.000000,0.000000
0.018897,154.325600,848.000000,1.000000
0.018897,121.070300,849.000000,0.000000
0.018903,154.553100,850.000000,1.000000
0.018903,153.734500,851.000000,1.000000
0.018903,154.235700,852.000000,1.000000
0.018922,154.004800,853.000000,1.000000
0.018935,154.263300,854.000000,1.000000
0.018961,154.342500,855.000000,1.000000
0.018961,154.574800,856.000000,1.000000
0.018974,154.332000,857.000000,1.000000
0.018987,154.262300,858.000000,1.000000
0.018993,154.466000,859.000000,1.000000
0.019025,154.486200,860.000000,1.000000
0.019038,154.231100,861.000000,1.000000
0.019045,155.589200,862.000000,1.000000
0.019077,155.213300,863.000000,1.000000
0.019090,154.257000,864.000000,1.000000
0.019179,154.305500,865.000000,1.000000
0.019179,154.324100,866.000000,1.000000
0.019186,154.350600,867.000000,1.000000
0.019199,154.471300,868.000000,1.000000
0.019205,153.978300,869.000000,1.000000
0.019250,154.421000,870.000000,1.000000
0.019269,154.012600,871.000000,1.000000
0.019276,154.992100,872.000000,1.000000
0.019276,154.378000,873.000000,1.000000
0.019340,154.196400,874.000000,1.000000
0.019340,154.052400,875.000000,1.000000
0.019340,154.645500,876.000000,1.000000
0.019417,154.164000,877.000000,1.000000
0.019443,154.127000,878.000000,1.000000
0.019443,154.238200,879.000000,1.000000
0.019449,154.075300,880.000000,1.000000
0.019456,154.315600,881.000000,1.000000
0.019469,166.827700,882.000000,1.000000
0.019475,154.108500,883.000000,1.000000
0.019482,154.268400,884.000000,1.000000
0.019488,154.607400,885.000000,1.000000
0.019533,154.244300,886.000000,1.000000
0.019552,154.298600,887.000000,1.000000
0.019655,154.256100,888.000000,1.000000
0.019668,163.072100,889.000000,1.000000
0.019700,170.855400,890.000000,1.000000
0.019713,154.486600,891.000000,1.000000
0.019751,172.600100,892.000000,1.000000
0.019764,167.190300,893.000000,1.000000
0.019771,170.067000,894.000000,1.000000
0.019809,154.548900,895.000000,1.000000
0.019886,168.196000,896.000000,1.000000
0.019918,160.575600,897.000000,1.000000
0.019938,158.811100,898.000000,1.000000
0.019976,154.763600,899.000000,1.000000
0.019989,164.038500,900.000000,1.000000
0.020015,170.338500,901.000000,1.000000
0.020150,154.616600,902.000000,1.000000
0.020176,165.716200,903.000000,1.000000
0.020182,172.532400,904.000000,1.000000
0.020214,171.838400,905.000000,1.000000
0.020240,156.595700,906.000000,1.000000
0.020240,155.011400,907.000000,1.000000
0.020246,164.373700,908.000000,1.000000
0.020259,156.140400,909.000000,1.000000
0.020285,166.349800,910.000000,1.000000
0.020291,154.912400,911.000000,1.000000
0.020317,156.541100,912.000000,1.000000
0.020317,154.891100,913.000000,1.000000
0.020349,157.226300,914.000000,1.000000
0.020368,163.819000,915.000000,1.000000
0.020401,157.383600,916.000000,1.000000
0.020459,154.469100,917.000000,1.000000
0.020465,157.377400,918.000000,1.000000
0.020491,157.682900,919.000000,1.000000
0.020497,158.270100,920.000000,1.000000
0.020503,165.201900,921.000000,1.000000
0.020523,163.151900,922.000000,1.000000
0.020606,168.179700,923.000000,1.000000
0.020613,155.209700,924.000000,1.000000
0.020632,160.704400,925.000000,1.000000
0.020645,176.220200,926.000000,1.000000
0.020664,164.368100,927.000000,1.000000
0.020670,178.236700,928.000000,1.000000
0.020690,179.180600,929.000000,1.000000
0.020709,179.460700,930.000000,1.000000
0.020715,179.644900,931.000000,1.000000
0.020735,155.499500,932.000000,1.000000
0.020754,160.985800,933.000000,1.000000
0.020767,179.690600,934.000000,1.000000
0.020773,173.222500,935.000000,1.000000
0.020812,163.786800,936.000000,1.000000
0.020934,174.993400,937.000000,1.000000
0.020947,175.723700,938.000000,1.000000
0.020998,175.237600,939.000000,1.000000
0.021005,176.001200,940.000000,1.000000
0.021024,175.624300,941.000000,1.000000
0.021043,175.267500,942.000000,1.000000
0.021088,175.298400,943.000000,1.000000
0.021107,180.473700,944.000000,1.000000
0.021107,179.426200,945.000000,1.000000
0.021159,182.755300,946.000000,1.000000
0.021210,178.189600,947.000000,1.000000
0.021236,177.591800,948.000000,1.000000
0.021255,176.389400,949.000000,1.000000
0.021351,175.656300,950.000000,1.000000
0.021358,173.392100,951.000000,1.000000
0.021377,176.526300,952.000000,1.000000
0.021390,175.822300,953.000000,1.000000
0.021397,122.123500,954.000000,0.000000
0.021441,175.969000,955.000000,1.000000
0.021576,164.980100,956.000000,1.000000
0.021596,163.808700,957.000000,1.000000
0.021602,162.905100,958.000000,1.000000
0.021621,163.226600,959.000000,1.000000
0.021628,162.945000,960.000000,1.000000
0.021634,163.107500,961.000000,1.000000
0.021634,162.873400,962.000000,1.000000
0.021641,163.043600,963.000000,1.000000
0.021654,162.958000,964.000000,1.000000
0.021718,162.618300,965.000000,1.000000
0.021731,162.802000,966.000000,1.000000
0.021737,162.614300,967.000000,1.000000
0.021737,162.823400,968.000000,1.000000
0.021769,162.200100,969.000000,1.000000
0.021782,162.357100,970.000000,1.000000
0.021892,162.546600,971.000000,1.000000
0.021917,162.473000,972.000000,1.000000
0.021949,162.390900,973.000000,1.000000
0.022007,211.559200,974.000000,0.000000
0.022117,162.730800,975.000000,1.000000
0.022117,165.022700,976.000000,1.000000
0.022130,164.778900,977.000000,1.000000
0.022149,163.759600,978.000000,1.000000
0.022168,163.030800,979.000000,1.000000
0.022181,165.227300,980.000000,1.000000
0.022181,165.312700,981.000000,1.000000
0.022213,164.579100,982.000000,1.000000
0.022239,164.911300,983.000000,1.000000
0.022245,165.092500,984.000000,1.000000
0.022245,170.938500,985.000000,1.000000
0.022258,171.670800,986.000000,1.000000
0.022265,162.254100,987.000000,1.000000
0.022271,165.390300,988.000000,1.000000
0.022271,162.619900,989.000000,1.000000
0.022291,164.575800,990.000000,1.000000
0.022304,162.444800,991.000000,1.000000
0.022310,164.590000,992.000000,1.000000
0.022316,165.292600,993.000000,1.000000
0.022329,165.124100,994.000000,1.000000
0.022362,165.083800,995.000000,1.000000
0.022381,164.888600,996.000000,1.000000
0.022394,164.584200,997.000000,1.000000
0.022439,162.684800,998.000000,1.000000
0.022439,165.290200,999.000000,1.000000
0.022484,194.710800,1000.000000,0.000000
0.022503,164.803200,1001.000000,1.000000
0.022503,164.590500,1002.000000,1.000000
0.022542,165.043000,1003.000000,1.000000
0.022568,162.751800,1004.000000,1.000000
0.022574,165.001100,1005.000000,1.000000
0.022581,162.777500,1006.000000,1.000000
0.022594,165.034900,1007.000000,1.000000
0.022735,162.371300,1008.000000,1.000000
0.022742,164.662800,1009.000000,1.000000
0.022774,164.750900,1010.000000,1.000000
0.022851,162.318000,1011.000000,1.000000
0.022909,165.161700,1012.000000,1.000000
0.022954,163.827900,1013.000000,1.000000
0.022961,164.387400,1014.000000,1.000000
0.022974,162.363200,1015.000000,1.000000
0.023057,173.411800,1016.000000,1.000000
0.023064,168.378100,1017.000000,1.000000
0.023064,171.761900,1018.000000,1.000000
0.023115,157.055400,1019.000000,1.000000
0.023128,172.535000,1020.000000,1.000000
0.023186,155.928700,1021.000000,1.000000
0.023212,155.735700,1022.000000,1.000000
0.023212,155.819100,1023.000000,1.000000
0.023225,155.807600,1024.000000,1.000000
0.023257,176.200100,1025.000000,1.000000
0.023270,184.708900,1026.000000,1.000000
0.023270,156.506700,1027.000000,1.000000
0.023276,155.882700,1028.000000,1.000000
0.023360,168.951400,1029.000000,1.000000
0.023379,176.372900,1030.000000,1.000000
0.023392,184.923500,1031.000000,1.000000
0.023456,182.984100,1032.000000,1.000000
0.023533,159.518900,1033.000000,1.000000
0.023552,181.577800,1034.000000,1.000000
0.023578,159.579700,1035.000000,1.000000
0.023604,160.116300,1036.000000,1.000000
0.023610,159.805200,1037.000000,1.000000
0.023617,159.624400,1038.000000,1.000000
0.023623,159.644200,1039.000000,1.000000
0.023642,159.610000,1040.000000,1.000000
0.023649,159.758100,1041.000000,1.000000
0.023700,159.530800,1042.000000,1.000000
0.023713,159.434000,1043.000000,1.000000
0.023713,159.476400,1044.000000,1.000000
0.023725,159.805100,1045.000000,1.000000
0.023732,159.633900,1046.000000,1.000000
0.023745,159.769300,1047.000000,1.000000
0.023794,282.401000,1048.000000,0.000000
0.023809,159.656900,1049.000000,1.000000
0.023853,160.000500,1050.000000,1.000000
0.023853,159.879500,1051.000000,1.000000
0.023853,157.751300,1052.000000,1.000000
0.023879,159.824700,1053.000000,1.000000
0.023898,159.966800,1054.000000,1.000000
0.023905,159.924900,1055.000000,1.000000
0.023917,160.066100,1056.000000,1.000000
0.023943,160.163700,1057.000000,1.000000
0.023956,160.467200,1058.000000,1.000000
0.023962,160.117800,1059.000000,1.000000
0.023969,160.176300,1060.000000,1.000000
0.023975,160.137900,1061.000000,1.000000
0.023981,160.013600,1062.000000,1.000000
0.024019,222.021200,1063.000000,0.000000
0.024039,168.185500,1064.000000,1.000000
0.024045,160.331500,1065.000000,1.000000
0.024065,160.183000,1066.000000,1.000000
0.024077,173.534000,1067.000000,1.000000
0.024122,160.573500,1068.000000,1.000000
0.024122,160.484800,1069.000000,1.000000
0.024135,171.041500,1070.000000,1.000000
0.024141,172.705700,1071.000000,1.000000
0.024237,159.802100,1072.000000,1.000000
0.024269,159.392600,1073.000000,1.000000
0.024276,159.690200,1074.000000,1.000000
0.024276,159.443400,1075.000000,1.000000
0.024282,159.555200,1076.000000,1.000000
0.024301,159.652600,1077.000000,1.000000
0.024308,159.577500,1078.000000,1.000000
0.024325,328.620600,1079.000000,0.000000
0.024333,159.909100,1080.000000,1.000000
0.024378,177.700600,1081.000000,1.000000
0.024417,159.371200,1082.000000,1.000000
0.024519,159.182600,1083.000000,1.000000
0.024564,162.741700,1084.000000,1.000000
0.024570,161.876800,1085.000000,1.000000
0.024602,162.239000,1086.000000,1.000000
0.024609,162.635200,1087.000000,1.000000
0.024615,162.650200,1088.000000,1.000000
0.024622,162.742900,1089.000000,1.000000
0.024647,162.472800,1090.000000,1.000000
0.024679,162.394200,1091.000000,1.000000
0.024737,162.533200,1092.000000,1.000000
0.024859,176.517100,1093.000000,1.000000
0.024872,159.854800,1094.000000,1.000000
0.024872,160.396200,1095.000000,1.000000
0.024891,160.317400,1096.000000,1.000000
0.024949,159.912000,1097.000000,1.000000
0.024955,167.872500,1098.000000,1.000000
0.025019,178.082900,1099.000000,1.000000
0.025019,177.200200,1100.000000,1.000000
0.025109,178.544500,1101.000000,1.000000
0.025116,174.374800,1102.000000,1.000000
0.025122,219.974400,1103.000000,0.000000
0.025142,175.032700,1104.000000,1.000000
0.025167,180.033200,1105.000000,1.000000
0.025193,181.840400,1106.000000,1.000000
0.025193,180.877600,1107.000000,1.000000
0.025199,170.808800,1108.000000,1.000000
0.025206,177.025500,1109.000000,1.000000
0.025206,165.777500,1110.000000,1.000000
0.025206,177.990800,1111.000000,1.000000
0.025232,165.562900,1112.000000,1.000000
0.025257,173.339100,1113.000000,1.000000
0.025264,165.644600,1114.000000,1.000000
0.025315,165.579700,1115.000000,1.000000
0.025328,166.143100,1116.000000,1.000000
0.025341,165.995600,1117.000000,1.000000
0.025348,166.003200,1118.000000,1.000000
0.025348,166.061200,1119.000000,1.000000
0.025360,169.404600,1120.000000,1.000000
0.025379,277.385900,1121.000000,0.000000
0.025380,177.229500,1122.000000,1.000000
0.025386,166.279600,1123.000000,1.000000
0.025425,183.369900,1124.000000,1.000000
0.025431,183.641100,1125.000000,1.000000
0.025451,181.308900,1126.000000,1.000000
0.025470,171.678100,1127.000000,1.000000
0.025470,178.432800,1128.000000,1.000000
0.025476,179.838100,1129.000000,1.000000
0.025483,181.503300,1130.000000,1.000000
0.025496,172.155400,1131.000000,1.000000
0.025534,179.200200,1132.000000,1.000000
0.025534,175.679600,1133.000000,1.000000
0.025541,176.198300,1134.000000,1.000000
0.025547,176.099300,1135.000000,1.000000
0.025567,170.901300,1136.000000,1.000000
0.025644,171.481300,1137.000000,1.000000
0.025650,178.064400,1138.000000,1.000000
0.025696,176.585000,1139.000000,1.000000
0.025709,168.385200,1140.000000,1.000000
0.025805,178.072900,1141.000000,1.000000
0.025883,171.178600,1142.000000,1.000000
0.025915,179.968200,1143.000000,1.000000
0.025947,171.516000,1144.000000,1.000000
0.025953,186.940300,1145.000000,1.000000
0.026012,179.299700,1146.000000,1.000000
0.026044,177.964700,1147.000000,1.000000
0.026076,174.514700,1148.000000,1.000000
0.026095,182.789700,1149.000000,1.000000
0.026096,171.634600,1150.000000,1.000000
0.026108,170.952300,1151.000000,1.000000
0.026128,187.369300,1152.000000,1.000000
0.026134,170.809000,1153.000000,1.000000
0.026141,190.468400,1154.000000,1.000000
0.026205,171.022500,1155.000000,1.000000
0.026244,175.872300,1156.000000,1.000000
0.026270,175.750000,1157.000000,1.000000
0.026289,174.389200,1158.000000,1.000000
0.026294,310.680800,1159.000000,0.000000
0.026302,173.460000,1160.000000,1.000000
0.026334,176.332400,1161.000000,1.000000
0.026354,173.432200,1162.000000,1.000000
0.026354,141.489700,1163.000000,0.000000
0.026373,173.866700,1164.000000,1.000000
0.026399,173.461400,1165.000000,1.000000
0.026412,174.728100,1166.000000,1.000000
0.026425,173.150500,1167.000000,1.000000
0.026470,173.534900,1168.000000,1.000000
0.026483,173.568000,1169.000000,1.000000
0.026502,173.592300,1170.000000,1.000000
0.026528,173.711700,1171.000000,1.000000
0.026534,173.549600,1172.000000,1.000000
0.026554,173.724300,1173.000000,1.000000
0.026580,173.573200,1174.000000,1.000000
0.026670,170.937300,1175.000000,1.000000
0.026676,173.531200,1176.000000,1.000000
0.026676,175.357000,1177.000000,1.000000
0.026689,173.499100,1178.000000,1.000000
0.026715,174.442100,1179.000000,1.000000
0.026728,173.452000,1180.000000,1.000000
0.026741,173.314300,1181.000000,1.000000
0.026760,173.004000,1182.000000,1.000000
0.026766,174.233800,1183.000000,1.000000
0.026818,173.638300,1184.000000,1.000000
0.026831,173.110900,1185.000000,1.000000
0.026863,174.627300,1186.000000,1.000000
0.026869,173.274800,1187.000000,1.000000
0.026895,174.085400,1188.000000,1.000000
0.026914,173.939900,1189.000000,1.000000
0.026921,173.423200,1190.000000,1.000000
0.026921,170.985200,1191.000000,1.000000
0.026931,381.530500,1192.000000,0.000000
0.026940,174.092200,1193.000000,1.000000
0.026953,171.675800,1194.000000,1.000000
0.026985,170.998600,1195.000000,1.000000
0.027024,172.457000,1196.000000,1.000000
0.027049,172.104600,1197.000000,1.000000
0.027049,172.013700,1198.000000,1.000000
0.027056,172.070800,1199.000000,1.000000
0.027069,172.504200,1200.000000,1.000000
0.027075,172.343600,1201.000000,1.000000
0.027088,172.035700,1202.000000,1.000000
0.027094,173.955400,1203.000000,1.000000
0.027133,171.431600,1204.000000,1.000000
0.027177,270.142200,1205.000000,0.000000
0.027191,171.932300,1206.000000,1.000000
0.027210,170.560100,1207.000000,1.000000
0.027216,168.684800,1208.000000,1.000000
0.027229,170.316400,1209.000000,1.000000
0.027267,174.204700,1210.000000,1.000000
0.027287,173.371800,1211.000000,1.000000
0.027319,170.144200,1212.000000,1.000000
0.027377,171.793500,1213.000000,1.000000
0.027383,172.930400,1214.000000,1.000000
0.027396,170.604700,1215.000000,1.000000
0.027460,172.525900,1216.000000,1.000000
0.027472,172.450100,1217.000000,1.000000
0.027517,172.301700,1218.000000,1.000000
0.027556,172.019000,1219.000000,1.000000
0.027626,177.204000,1220.000000,1.000000
0.027626,177.384800,1221.000000,1.000000
0.027645,177.669600,1222.000000,1.000000
0.027670,177.440100,1223.000000,1.000000
0.027677,172.474800,1224.000000,1.000000
0.027690,177.422400,1225.000000,1.000000
0.027690,177.640300,1226.000000,1.000000
0.027715,177.713400,1227.000000,1.000000
0.027753,177.602600,1228.000000,1.000000
0.027785,182.445600,1229.000000,1.000000
0.027785,177.347500,1230.000000,1.000000
0.027830,185.261700,1231.000000,1.000000
0.027843,185.225100,1232.000000,1.000000
0.027868,189.967600,1233.000000,1.000000
0.028009,184.180800,1234.000000,1.000000
0.028022,182.129200,1235.000000,1.000000
0.028022,181.903400,1236.000000,1.000000
0.028041,181.939100,1237.000000,1.000000
0.028066,181.993300,1238.000000,1.000000
0.028092,181.980300,1239.000000,1.000000
0.028207,181.727400,1240.000000,1.000000
0.028233,183.595700,1241.000000,1.000000
0.028354,182.674500,1242.000000,1.000000
0.028361,182.994500,1243.000000,1.000000
0.028425,181.337100,1244.000000,1.000000
0.028444,181.647000,1245.000000,1.000000
0.028495,181.947300,1246.000000,1.000000
0.028521,181.778000,1247.000000,1.000000
0.028534,181.837600,1248.000000,1.000000
0.028559,181.973600,1249.000000,1.000000
0.028566,181.659100,1250.000000,1.000000
0.028585,181.882400,1251.000000,1.000000
0.028688,181.823000,1252.000000,1.000000
0.028694,181.986600,1253.000000,1.000000
0.028726,181.706500,1254.000000,1.000000
0.028771,184.333200,1255.000000,1.000000
0.028778,181.986300,1256.000000,1.000000
0.028791,181.862300,1257.000000,1.000000
0.028797,181.808000,1258.000000,1.000000
0.028836,184.469900,1259.000000,1.000000
0.028900,181.730800,1260.000000,1.000000
0.028920,181.729400,1261.000000,1.000000
0.028971,179.651800,1262.000000,1.000000
0.028978,184.414400,1263.000000,1.000000
0.028978,180.301800,1264.000000,1.000000
0.029029,179.460700,1265.000000,1.000000
0.029049,184.605900,1266.000000,1.000000
0.029062,180.712200,1267.000000,1.000000
0.029100,185.024400,1268.000000,1.000000
0.029125,269.081800,1269.000000,0.000000
0.029126,184.388300,1270.000000,1.000000
0.029139,184.432200,1271.000000,1.000000
0.029145,181.967700,1272.000000,1.000000
0.029152,181.793000,1273.000000,1.000000
0.029165,181.500000,1274.000000,1.000000
0.029210,186.586700,1275.000000,1.000000
0.029236,186.483300,1276.000000,1.000000
0.029275,186.530800,1277.000000,1.000000
0.029287,186.530200,1278.000000,1.000000
0.029307,186.620300,1279.000000,1.000000
0.029313,186.530100,1280.000000,1.000000
0.029333,186.370600,1281.000000,1.000000
0.029339,182.119600,1282.000000,1.000000
0.029346,186.336800,1283.000000,1.000000
0.029352,182.050400,1284.000000,1.000000
0.029352,186.619500,1285.000000,1.000000
0.029423,180.943300,1286.000000,1.000000
0.029468,182.900400,1287.000000,1.000000
0.029488,181.741300,1288.000000,1.000000
0.029494,180.141700,1289.000000,1.000000
0.029501,182.055000,1290.000000,1.000000
0.029520,180.061200,1291.000000,1.000000
0.029546,184.608900,1292.000000,1.000000
0.029578,182.415100,1293.000000,1.000000
0.029585,187.430000,1294.000000,1.000000
0.029598,183.098000,1295.000000,1.000000
0.029598,180.764500,1296.000000,1.000000
0.029617,182.503700,1297.000000,1.000000
0.029623,258.956300,1298.000000,0.000000
0.029623,180.159600,1299.000000,1.000000
0.029643,184.204700,1300.000000,1.000000
0.029649,184.400100,1301.000000,1.000000
0.029649,180.921900,1302.000000,1.000000
0.029669,179.019700,1303.000000,1.000000
0.029675,184.563800,1304.000000,1.000000
0.029688,179.159500,1305.000000,1.000000
0.029694,179.093200,1306.000000,1.000000
0.029720,179.200200,1307.000000,1.000000
0.029727,179.334700,1308.000000,1.000000
0.029765,179.272200,1309.000000,1.000000
0.029772,179.111300,1310.000000,1.000000
0.029836,176.498900,1311.000000,1.000000
0.029849,177.202800,1312.000000,1.000000
0.029869,175.397000,1313.000000,1.000000
0.029875,175.184600,1314.000000,1.000000
0.029914,175.290600,1315.000000,1.000000
0.029940,175.228300,1316.000000,1.000000
0.029953,177.980300,1317.000000,1.000000
0.029972,175.222100,1318.000000,1.000000
0.029991,174.823600,1319.000000,1.000000
0.029997,188.029700,1320.000000,1.000000
0.029998,179.770400,1321.000000,1.000000
0.030017,188.399600,1322.000000,1.000000
0.030049,181.808800,1323.000000,1.000000
0.030055,180.916500,1324.000000,1.000000
0.030075,182.756000,1325.000000,1.000000
0.030081,172.368800,1326.000000,1.000000
0.030088,188.847500,1327.000000,1.000000
0.030101,178.914000,1328.000000,1.000000
0.030184,183.917900,1329.000000,1.000000
0.030223,179.770800,1330.000000,1.000000
0.030223,143.200000,1331.000000,0.000000
0.030235,187.453100,1332.000000,1.000000
0.030248,179.712000,1333.000000,1.000000
0.030268,179.689000,1334.000000,1.000000
0.030325,181.045900,1335.000000,1.000000
0.030338,188.452000,1336.000000,1.000000
0.030351,180.301500,1337.000000,1.000000
0.030364,180.133200,1338.000000,1.000000
0.030409,180.531400,1339.000000,1.000000
0.030422,185.866400,1340.000000,1.000000
0.030435,179.981600,1341.000000,1.000000
0.030441,180.552900,1342.000000,1.000000
0.030441,185.435600,1343.000000,1.000000
0.030447,189.049000,1344.000000,1.000000
0.030454,186.831900,1345.000000,1.000000
0.030480,180.118400,1346.000000,1.000000
0.030512,182.134900,1347.000000,1.000000
0.030525,182.187900,1348.000000,1.000000
0.030531,187.687600,1349.000000,1.000000
0.030544,182.221600,1350.000000,1.000000
0.030601,190.830300,1351.000000,1.000000
0.030608,182.502300,1352.000000,1.000000
0.030608,183.906300,1353.000000,1.000000
0.030614,182.454900,1354.000000,1.000000
0.030698,182.807000,1355.000000,1.000000
0.030724,182.876300,1356.000000,1.000000
0.030724,182.969000,1357.000000,1.000000
0.030749,180.622000,1358.000000,1.000000
0.030768,181.308400,1359.000000,1.000000
0.030852,184.771200,1360.000000,1.000000
0.030878,184.468000,1361.000000,1.000000
0.030878,184.488600,1362.000000,1.000000
0.030903,184.517000,1363.000000,1.000000
0.030910,184.917400,1364.000000,1.000000
0.030929,184.821600,1365.000000,1.000000
0.030935,184.874100,1366.000000,1.000000
0.030942,184.893500,1367.000000,1.000000
0.030961,184.598100,1368.000000,1.000000
0.030967,184.768600,1369.000000,1.000000
0.030980,184.626200,1370.000000,1.000000
0.031012,184.613000,1371.000000,1.000000
0.031019,185.037400,1372.000000,1.000000
0.031025,185.058200,1373.000000,1.000000
0.031070,184.775200,1374.000000,1.000000
0.031102,185.020200,1375.000000,1.000000
0.031128,184.734100,1376.000000,1.000000
0.031128,185.259000,1377.000000,1.000000
0.031141,185.230300,1378.000000,1.000000
0.031141,185.197800,1379.000000,1.000000
0.031154,184.701800,1380.000000,1.000000
0.031167,184.839300,1381.000000,1.000000
0.031173,185.436400,1382.000000,1.000000
0.031179,185.224300,1383.000000,1.000000
0.031186,185.354700,1384.000000,1.000000
0.031192,185.626200,1385.000000,1.000000
0.031218,185.404600,1386.000000,1.000000
0.031269,186.300400,1387.000000,1.000000
0.031314,186.328800,1388.000000,1.000000
0.031340,186.302500,1389.000000,1.000000
0.031347,186.033600,1390.000000,1.000000
0.031372,186.083900,1391.000000,1.000000
0.031411,186.345000,1392.000000,1.000000
0.031430,186.348200,1393.000000,1.000000
0.031443,186.126500,1394.000000,1.000000
0.031482,186.355600,1395.000000,1.000000
0.031495,185.605000,1396.000000,1.000000
0.031495,186.246700,1397.000000,1.000000
0.031520,186.410500,1398.000000,1.000000
0.031553,186.286600,1399.000000,1.000000
0.031565,185.998600,1400.000000,1.000000
0.031585,186.518500,1401.000000,1.000000
0.031610,186.011700,1402.000000,1.000000
0.031610,186.275300,1403.000000,1.000000
0.031649,186.629200,1404.000000,1.000000
0.031649,186.533500,1405.000000,1.000000
0.031662,186.515400,1406.000000,1.000000
0.031668,186.698700,1407.000000,1.000000
0.031720,187.065500,1408.000000,1.000000
0.031752,186.508200,1409.000000,1.000000
0.031752,186.541400,1410.000000,1.000000
0.031791,186.646900,1411.000000,1.000000
0.031816,186.682800,1412.000000,1.000000
0.031849,187.037200,1413.000000,1.000000
0.031862,186.655300,1414.000000,1.000000
0.031894,187.226000,1415.000000,1.000000
0.031907,187.317900,1416.000000,1.000000
0.031926,186.642400,1417.000000,1.000000
0.031926,186.907600,1418.000000,1.000000
0.031952,187.195000,1419.000000,1.000000
0.031958,186.881200,1420.000000,1.000000
0.031971,186.803600,1421.000000,1.000000
0.032080,187.115900,1422.000000,1.000000
0.032080,187.099700,1423.000000,1.000000
0.032100,187.034700,1424.000000,1.000000
0.032125,187.506500,1425.000000,1.000000
0.032125,187.195000,1426.000000,1.000000
0.032151,187.510100,1427.000000,1.000000
0.032171,187.378700,1428.000000,1.000000
0.032171,186.667500,1429.000000,1.000000
0.032203,187.014200,1430.000000,1.000000
0.032209,187.144100,1431.000000,1.000000
0.032235,187.356300,1432.000000,1.000000
0.032241,187.375900,1433.000000,1.000000
0.032254,187.670500,1434.000000,1.000000
0.032286,187.392500,1435.000000,1.000000
0.032299,187.836100,1436.000000,1.000000
0.032331,187.353900,1437.000000,1.000000
0.032357,187.713000,1438.000000,1.000000
0.032370,187.793500,1439.000000,1.000000
0.032383,187.950900,1440.000000,1.000000
0.032484,375.580200,1441.000000,0.000000
0.032531,188.165300,1442.000000,1.000000
0.032563,188.059000,1443.000000,1.000000
0.032569,188.274200,1444.000000,1.000000
0.032576,188.370800,1445.000000,1.000000
0.032595,188.187600,1446.000000,1.000000
0.032614,188.499400,1447.000000,1.000000
0.032623,-22.108250,1448.000000,0.000000
0.032634,188.121600,1449.000000,1.000000
0.032653,188.479300,1450.000000,1.000000
0.032658,325.983200,1451.000000,0.000000
0.032672,188.842800,1452.000000,1.000000
0.032685,188.725700,1453.000000,1.000000
0.032697,246.408300,1454.000000,0.000000
0.032717,188.898100,1455.000000,1.000000
0.032749,188.847500,1456.000000,1.000000
0.032801,188.937700,1457.000000,1.000000
0.032820,189.268100,1458.000000,1.000000
0.032820,189.159200,1459.000000,1.000000
0.032865,189.307100,1460.000000,1.000000
0.032910,189.293400,1461.000000,1.000000
0.032916,189.477600,1462.000000,1.000000
0.032955,189.501100,1463.000000,1.000000
0.032974,189.430000,1464.000000,1.000000
0.033006,189.567500,1465.000000,1.000000
0.033032,199.194200,1466.000000,1.000000
0.033077,198.978200,1467.000000,1.000000
0.033090,189.329400,1468.000000,1.000000
0.033115,189.527500,1469.000000,1.000000
0.033128,195.366100,1470.000000,1.000000
0.033135,189.416100,1471.000000,1.000000
0.033141,197.487000,1472.000000,1.000000
0.033154,188.668600,1473.000000,1.000000
0.033154,188.596500,1474.000000,1.000000
0.033180,188.614400,1475.000000,1.000000
0.033199,199.223500,1476.000000,1.000000
0.033231,188.262000,1477.000000,1.000000
0.033231,195.038000,1478.000000,1.000000
0.033244,188.292500,1479.000000,1.000000
0.033244,189.486300,1480.000000,1.000000
0.033257,188.192800,1481.000000,1.000000
0.033263,188.473900,1482.000000,1.000000
0.033269,196.369200,1483.000000,1.000000
0.033315,188.331100,1484.000000,1.000000
0.033443,200.788300,1485.000000,1.000000
0.033462,201.519700,1486.000000,1.000000
0.033482,188.169300,1487.000000,1.000000
0.033521,72.651210,1488.000000,0.000000
0.033539,188.010400,1489.000000,1.000000
0.033546,194.537600,1490.000000,1.000000
0.033571,196.808000,1491.000000,1.000000
0.033584,197.651500,1492.000000,1.000000
0.033668,188.139200,1493.000000,1.000000
0.033674,187.989000,1494.000000,1.000000
0.033681,188.011400,1495.000000,1.000000
0.033706,187.715300,1496.000000,1.000000
0.033726,187.938800,1497.000000,1.000000
0.033764,193.570100,1498.000000,1.000000
0.033790,187.692200,1499.000000,1.000000
0.033790,187.992800,1500.000000,1.000000
0.033803,188.048200,1501.000000,1.000000
0.033809,198.899300,1502.000000,1.000000
0.033835,187.963500,1503.000000,1.000000
0.033841,188.001400,1504.000000,1.000000
0.033854,200.096500,1505.000000,1.000000
0.033867,188.287900,1506.000000,1.000000
0.033919,191.888300,1507.000000,1.000000
0.033951,191.991000,1508.000000,1.000000
0.033957,197.091500,1509.000000,1.000000
0.033963,238.725400,1510.000000,0.000000
0.033977,192.034500,1511.000000,1.000000
0.033989,197.624800,1512.000000,1.000000
0.034015,191.930000,1513.000000,1.000000
0.034041,191.822200,1514.000000,1.000000
0.034047,191.855900,1515.000000,1.000000
0.034054,192.085400,1516.000000,1.000000
0.034073,191.894400,1517.000000,1.000000
0.034080,192.069000,1518.000000,1.000000
0.034099,192.044700,1519.000000,1.000000
0.034112,191.919900,1520.000000,1.000000
0.034170,192.948500,1521.000000,1.000000
0.034189,192.147900,1522.000000,1.000000
0.034208,192.426100,1523.000000,1.000000
0.034228,192.410300,1524.000000,1.000000
0.034234,192.104200,1525.000000,1.000000
0.034247,192.657800,1526.000000,1.000000
0.034247,192.226900,1527.000000,1.000000
0.034273,192.295700,1528.000000,1.000000
0.034298,192.730200,1529.000000,1.000000
0.034311,192.028600,1530.000000,1.000000
0.034324,192.350400,1531.000000,1.000000
0.034331,192.686000,1532.000000,1.000000
0.034356,192.876100,1533.000000,1.000000
0.034356,192.096200,1534.000000,1.000000
0.034376,192.627000,1535.000000,1.000000
0.034408,192.674600,1536.000000,1.000000
0.034414,192.645600,1537.000000,1.000000
0.034414,193.136200,1538.000000,1.000000
0.034421,192.678600,1539.000000,1.000000
0.034433,192.850900,1540.000000,1.000000
0.034440,192.305300,1541.000000,1.000000
0.034446,192.707000,1542.000000,1.000000
0.034453,192.419400,1543.000000,1.000000
0.034479,194.251800,1544.000000,1.000000
0.034485,192.681900,1545.000000,1.000000
0.034498,193.005000,1546.000000,1.000000
0.034511,193.117600,1547.000000,1.000000
0.034524,193.150500,1548.000000,1.000000
0.034556,192.684500,1549.000000,1.000000
0.034569,192.842600,1550.000000,1.000000
0.034581,193.102900,1551.000000,1.000000
0.034633,193.189400,1552.000000,1.000000
0.034639,193.224100,1553.000000,1.000000
0.034684,193.445400,1554.000000,1.000000
0.034717,193.869200,1555.000000,1.000000
0.034723,193.601500,1556.000000,1.000000
0.034729,193.570100,1557.000000,1.000000
0.034736,194.280000,1558.000000,1.000000
0.034742,193.769900,1559.000000,1.000000
0.034813,193.856000,1560.000000,1.000000
0.034826,194.003400,1561.000000,1.000000
0.034871,194.031800,1562.000000,1.000000
0.034890,194.052600,1563.000000,1.000000
0.034909,194.401900,1564.000000,1.000000
0.034916,194.026600,1565.000000,1.000000
0.034922,194.282300,1566.000000,1.000000
0.034929,194.336200,1567.000000,1.000000
0.034980,195.335200,1568.000000,1.000000
0.034993,194.405000,1569.000000,1.000000
0.034999,194.960400,1570.000000,1.000000
0.035031,199.042600,1571.000000,1.000000
0.035031,199.860700,1572.000000,1.000000
0.035038,203.269500,1573.000000,1.000000
0.035044,194.086000,1574.000000,1.000000
0.035128,197.824700,1575.000000,1.000000
0.035147,194.838100,1576.000000,1.000000
0.035173,195.264100,1577.000000,1.000000
0.035192,199.030600,1578.000000,1.000000
0.035192,195.229700,1579.000000,1.000000
0.035211,195.340300,1580.000000,1.000000
0.035243,203.134400,1581.000000,1.000000
0.035263,180.229800,1582.000000,0.000000
0.035282,195.303400,1583.000000,1.000000
0.035353,195.315400,1584.000000,1.000000
0.035378,195.140000,1585.000000,1.000000
0.035378,195.431800,1586.000000,1.000000
0.035410,195.619300,1587.000000,1.000000
0.035468,195.295500,1588.000000,1.000000
0.035494,202.802800,1589.000000,1.000000
0.035500,195.322200,1590.000000,1.000000
0.035519,195.214700,1591.000000,1.000000
0.035526,195.188900,1592.000000,1.000000
0.035530,378.196000,1593.000000,0.000000
0.035551,196.846200,1594.000000,1.000000
0.035571,195.705400,1595.000000,1.000000
0.035648,195.232400,1596.000000,1.000000
0.035648,195.878200,1597.000000,1.000000
0.035654,195.366700,1598.000000,1.000000
0.035660,195.567100,1599.000000,1.000000
0.035691,288.388500,1600.000000,0.000000
0.035692,195.408800,1601.000000,1.000000
0.035705,195.656100,1602.000000,1.000000
0.035712,195.323600,1603.000000,1.000000
0.035724,195.516300,1604.000000,1.000000
0.035776,207.883200,1605.000000,1.000000
0.035776,194.970800,1606.000000,1.000000
0.035795,195.082900,1607.000000,1.000000
0.035827,197.870100,1608.000000,1.000000
0.035878,218.916500,1609.000000,0.000000
0.035878,196.525800,1610.000000,1.000000
0.035917,194.564800,1611.000000,1.000000
0.035923,194.423400,1612.000000,1.000000
0.035949,194.977900,1613.000000,1.000000
0.035981,195.266900,1614.000000,1.000000
0.035994,195.320600,1615.000000,1.000000
0.036026,203.794200,1616.000000,1.000000
0.036096,195.502800,1617.000000,1.000000
0.036096,195.570100,1618.000000,1.000000
0.036173,195.638800,1619.000000,1.000000
0.036179,195.881400,1620.000000,1.000000
0.036186,202.626200,1621.000000,1.000000
0.036192,195.932600,1622.000000,1.000000
0.036218,196.003500,1623.000000,1.000000
0.036224,196.043600,1624.000000,1.000000
0.036224,196.119600,1625.000000,1.000000
0.036263,196.322400,1626.000000,1.000000
0.036307,197.114600,1627.000000,1.000000
0.036333,199.073600,1628.000000,1.000000
0.036339,198.508200,1629.000000,1.000000
0.036357,339.667600,1630.000000,0.000000
0.036359,196.631800,1631.000000,1.000000
0.036384,196.320900,1632.000000,1.000000
0.036384,196.408900,1633.000000,1.000000
0.036442,196.543200,1634.000000,1.000000
0.036468,196.346300,1635.000000,1.000000
0.036474,196.228700,1636.000000,1.000000
0.036500,196.418400,1637.000000,1.000000
0.036525,202.231700,1638.000000,1.000000
0.036525,201.852300,1639.000000,1.000000
0.036596,200.168900,1640.000000,1.000000
0.036653,198.449600,1641.000000,1.000000
0.036673,198.315600,1642.000000,1.000000
0.036703,303.407500,1643.000000,0.000000
0.036769,198.855100,1644.000000,1.000000
0.036769,198.882400,1645.000000,1.000000
0.036781,198.607300,1646.000000,1.000000
0.036820,202.838100,1647.000000,1.000000
0.036839,201.784800,1648.000000,1.000000
0.036845,202.165900,1649.000000,1.000000
0.036852,201.144400,1650.000000,1.000000
0.036961,198.780500,1651.000000,1.000000
0.036974,198.883700,1652.000000,1.000000
0.036974,198.700700,1653.000000,1.000000
0.036980,198.795400,1654.000000,1.000000
0.036987,198.860500,1655.000000,1.000000
0.036993,198.852100,1656.000000,1.000000
0.037012,198.866900,1657.000000,1.000000
0.037044,198.640200,1658.000000,1.000000
0.037057,199.366300,1659.000000,1.000000
0.037057,199.150100,1660.000000,1.000000
0.037057,198.924500,1661.000000,1.000000
0.037070,198.878200,1662.000000,1.000000
0.037076,198.691800,1663.000000,1.000000
0.037089,198.879200,1664.000000,1.000000
0.037108,199.084200,1665.000000,1.000000
0.037121,199.142800,1666.000000,1.000000
0.037134,199.399000,1667.000000,1.000000
0.037140,198.796200,1668.000000,1.000000
0.037192,198.919400,1669.000000,1.000000
0.037237,198.684700,1670.000000,1.000000
0.037269,198.924200,1671.000000,1.000000
0.037301,198.903800,1672.000000,1.000000
0.037346,199.529000,1673.000000,1.000000
0.037352,198.906600,1674.000000,1.000000
0.037371,199.387600,1675.000000,1.000000
0.037378,199.255800,1676.000000,1.000000
0.037404,199.456000,1677.000000,1.000000
0.037410,199.407800,1678.000000,1.000000
0.037410,199.242900,1679.000000,1.000000
0.037436,199.355000,1680.000000,1.000000
0.037487,198.870700,1681.000000,1.000000
0.037500,199.234900,1682.000000,1.000000
0.037513,199.187000,1683.000000,1.000000
0.037532,199.150800,1684.000000,1.000000
0.037538,199.261300,1685.000000,1.000000
0.037558,199.020900,1686.000000,1.000000
0.037571,199.398700,1687.000000,1.000000
0.037590,199.324300,1688.000000,1.000000
0.037603,198.545500,1689.000000,1.000000
0.037609,200.413400,1690.000000,1.000000
0.037609,199.102500,1691.000000,1.000000
0.037616,199.158600,1692.000000,1.000000
0.037628,199.243000,1693.000000,1.000000
0.037641,199.273000,1694.000000,1.000000
0.037648,199.270100,1695.000000,1.000000
0.037686,199.255500,1696.000000,1.000000
0.037712,199.032600,1697.000000,1.000000
0.037744,198.981600,1698.000000,1.000000
0.037751,199.293900,1699.000000,1.000000
0.037834,199.013200,1700.000000,1.000000
0.037911,199.062800,1701.000000,1.000000
0.037918,199.251900,1702.000000,1.000000
0.037924,199.179200,1703.000000,1.000000
0.037963,198.875200,1704.000000,1.000000
0.037963,159.006700,1705.000000,0.000000
0.037976,199.228800,1706.000000,1.000000
0.037995,198.865700,1707.000000,1.000000
0.038085,197.444200,1708.000000,1.000000
0.038098,197.602200,1709.000000,1.000000
0.038117,197.524600,1710.000000,1.000000
0.038195,197.484800,1711.000000,1.000000
0.038214,197.569500,1712.000000,1.000000
0.038214,197.683800,1713.000000,1.000000
0.038304,197.796800,1714.000000,1.000000
0.038324,197.586300,1715.000000,1.000000
0.038337,197.659200,1716.000000,1.000000
0.038395,197.585800,1717.000000,1.000000
0.038440,197.762000,1718.000000,1.000000
0.038459,197.819700,1719.000000,1.000000
0.038472,196.761200,1720.000000,1.000000
0.038485,197.480900,1721.000000,1.000000
0.038491,197.167500,1722.000000,1.000000
0.038543,197.475700,1723.000000,1.000000
0.038549,196.200300,1724.000000,1.000000
0.038562,197.227500,1725.000000,1.000000
0.038569,196.780200,1726.000000,1.000000
0.038633,196.773200,1727.000000,1.000000
0.038639,196.948800,1728.000000,1.000000
0.038646,197.288900,1729.000000,1.000000
0.038652,197.080000,1730.000000,1.000000
0.038665,196.880000,1731.000000,1.000000
0.038665,197.076400,1732.000000,1.000000
0.038697,197.053200,1733.000000,1.000000
0.038717,197.340200,1734.000000,1.000000
0.038723,197.030100,1735.000000,1.000000
0.038780,348.804600,1736.000000,0.000000
0.038801,197.541300,1737.000000,1.000000
0.038846,196.999000,1738.000000,1.000000
0.038852,230.954000,1739.000000,0.000000
0.038865,197.335100,1740.000000,1.000000
0.038884,197.089400,1741.000000,1.000000
0.038930,197.384700,1742.000000,1.000000
0.038949,197.220900,1743.000000,1.000000
0.038955,196.870400,1744.000000,1.000000
0.038962,197.087200,1745.000000,1.000000
0.038975,197.677500,1746.000000,1.000000
0.039007,197.195600,1747.000000,1.000000
0.039033,197.737600,1748.000000,1.000000
0.039039,197.344400,1749.000000,1.000000
0.039039,196.948300,1750.000000,1.000000
0.039039,197.332600,1751.000000,1.000000
0.039046,197.597100,1752.000000,1.000000
0.039065,197.032500,1753.000000,1.000000
0.039078,197.011800,1754.000000,1.000000
0.039110,197.215400,1755.000000,1.000000
0.039123,197.157700,1756.000000,1.000000
0.039129,196.599200,1757.000000,1.000000
0.039168,197.292200,1758.000000,1.000000
0.039181,197.398500,1759.000000,1.000000
0.039194,199.186400,1760.000000,1.000000
0.039213,197.320900,1761.000000,1.000000
0.039278,197.084000,1762.000000,1.000000
0.039291,198.144500,1763.000000,1.000000
0.039362,198.688300,1764.000000,1.000000
0.039362,196.090000,1765.000000,1.000000
0.039400,191.989800,1766.000000,1.000000
0.039445,187.876800,1767.000000,1.000000
0.039483,320.134600,1768.000000,0.000000
0.039490,195.429800,1769.000000,1.000000
0.039523,189.479300,1770.000000,1.000000
0.039536,189.599500,1771.000000,1.000000
0.039542,189.882000,1772.000000,1.000000
0.039587,189.181600,1773.000000,1.000000
0.039606,188.607600,1774.000000,1.000000
0.039619,188.628700,1775.000000,1.000000
0.039658,188.953700,1776.000000,1.000000
0.039671,189.418200,1777.000000,1.000000
0.039722,190.127300,1778.000000,1.000000
0.039761,189.695500,1779.000000,1.000000
0.039799,187.630500,1780.000000,1.000000
0.039831,189.748400,1781.000000,1.000000
0.039851,191.707000,1782.000000,1.000000
0.039857,188.840200,1783.000000,1.000000
0.039864,190.595700,1784.000000,1.000000
0.039909,193.891300,1785.000000,1.000000
0.039973,190.442800,1786.000000,1.000000
0.039979,190.428800,1787.000000,1.000000
0.040043,193.984300,1788.000000,1.000000
0.040063,190.884100,1789.000000,1.000000
0.040076,189.527800,1790.000000,1.000000
0.040082,191.411700,1791.000000,1.000000
0.040095,191.546300,1792.000000,1.000000
0.040146,188.733200,1793.000000,1.000000
0.040172,189.835200,1794.000000,1.000000
0.040223,191.211700,1795.000000,1.000000
0.040230,191.754000,1796.000000,1.000000
0.040230,191.422500,1797.000000,1.000000
0.040268,191.102400,1798.000000,1.000000
0.040294,190.688000,1799.000000,1.000000
0.040300,198.499400,1800.000000,1.000000
0.040319,191.403600,1801.000000,1.000000
0.040332,191.412900,1802.000000,1.000000
0.040332,196.593100,1803.000000,1.000000
0.040351,191.226100,1804.000000,1.000000
0.040358,191.331900,1805.000000,1.000000
0.040396,191.214700,1806.000000,1.000000
0.040447,191.174900,1807.000000,1.000000
0.040460,190.849900,1808.000000,1.000000
0.040479,195.146400,1809.000000,1.000000
0.040524,190.640200,1810.000000,1.000000
0.040524,192.650600,1811.000000,1.000000
0.040588,191.068300,1812.000000,1.000000
0.040620,197.799000,1813.000000,1.000000
0.040633,192.744700,1814.000000,1.000000
0.040639,192.966200,1815.000000,1.000000
0.040652,191.411000,1816.000000,1.000000
0.040703,197.526200,1817.000000,1.000000
0.040755,193.731100,1818.000000,1.000000
0.040767,193.650000,1819.000000,1.000000
0.040774,198.171100,1820.000000,1.000000
0.040806,195.184800,1821.000000,1.000000
0.040818,296.842200,1822.000000,0.000000
0.040819,199.288900,1823.000000,1.000000
0.040838,198.331800,1824.000000,1.000000
0.040851,198.004600,1825.000000,1.000000
0.040857,198.059800,1826.000000,1.000000
0.040863,200.892300,1827.000000,1.000000
0.040870,198.241200,1828.000000,1.000000
0.040934,197.062700,1829.000000,1.000000
0.040940,198.156000,1830.000000,1.000000
0.040979,195.573100,1831.000000,1.000000
0.041011,196.130500,1832.000000,1.000000
0.041030,250.589400,1833.000000,0.000000
0.041030,193.950700,1834.000000,1.000000
0.041037,194.935000,1835.000000,1.000000
0.041037,195.272600,1836.000000,1.000000
0.041043,194.566900,1837.000000,1.000000
0.041197,191.392000,1838.000000,1.000000
0.041203,191.915800,1839.000000,1.000000
0.041210,191.234100,1840.000000,1.000000
0.041210,191.360200,1841.000000,1.000000
0.041280,191.510700,1842.000000,1.000000
0.041300,191.443000,1843.000000,1.000000
0.041306,191.592700,1844.000000,1.000000
0.041306,201.612100,1845.000000,1.000000
0.041351,191.644300,1846.000000,1.000000
0.041383,191.113300,1847.000000,1.000000
0.041388,397.548300,1848.000000,0.000000
0.041396,191.369400,1849.000000,1.000000
0.041403,191.538800,1850.000000,1.000000
0.041415,191.313200,1851.000000,1.000000
0.041422,191.687800,1852.000000,1.000000
0.041428,191.644200,1853.000000,1.000000
0.041441,191.525800,1854.000000,1.000000
0.041486,191.757200,1855.000000,1.000000
0.041492,191.691300,1856.000000,1.000000
0.041492,191.651600,1857.000000,1.000000
0.041525,191.596900,1858.000000,1.000000
0.041602,192.511300,1859.000000,1.000000
0.041622,191.870600,1860.000000,1.000000
0.041641,192.006500,1861.000000,1.000000
0.041654,189.691800,1862.000000,1.000000
0.041673,191.691200,1863.000000,1.000000
0.041725,192.063400,1864.000000,1.000000
0.041725,192.108300,1865.000000,1.000000
0.041731,192.000000,1866.000000,1.000000
0.041744,192.079800,1867.000000,1.000000
0.041770,192.101800,1868.000000,1.000000
0.041802,192.194600,1869.000000,1.000000
0.041828,192.309100,1870.000000,1.000000
0.041828,192.444700,1871.000000,1.000000
0.041841,192.543900,1872.000000,1.000000
0.041893,192.573800,1873.000000,1.000000
0.041899,192.590300,1874.000000,1.000000
0.041912,192.544900,1875.000000,1.000000
0.041917,360.404400,1876.000000,0.000000
0.041951,192.436400,1877.000000,1.000000
0.041957,192.585500,1878.000000,1.000000
0.041996,193.678200,1879.000000,1.000000
0.042048,193.485100,1880.000000,1.000000
0.042087,193.973300,1881.000000,1.000000
0.042119,193.104400,1882.000000,1.000000
0.042125,193.170000,1883.000000,1.000000
0.042132,192.795800,1884.000000,1.000000
0.042164,193.058800,1885.000000,1.000000
0.042184,193.196400,1886.000000,1.000000
0.042190,192.992700,1887.000000,1.000000
0.042229,193.889500,1888.000000,1.000000
0.042274,193.651300,1889.000000,1.000000
0.042280,193.758500,1890.000000,1.000000
0.042293,194.209400,1891.000000,1.000000
0.042319,194.930700,1892.000000,1.000000
0.042326,195.148100,1893.000000,1.000000
0.042397,196.458100,1894.000000,1.000000
0.042416,195.247100,1895.000000,1.000000
0.042416,196.093300,1896.000000,1.000000
0.042468,196.437200,1897.000000,1.000000
0.042481,195.514500,1898.000000,1.000000
0.042519,196.682400,1899.000000,1.000000
0.042526,196.243900,1900.000000,1.000000
0.042526,195.983600,1901.000000,1.000000
0.042545,195.821100,1902.000000,1.000000
0.042545,196.103500,1903.000000,1.000000
0.042584,197.398100,1904.000000,1.000000
0.042597,196.210300,1905.000000,1.000000
0.042622,196.458400,1906.000000,1.000000
0.042668,196.400400,1907.000000,1.000000
0.042680,196.324600,1908.000000,1.000000
0.042687,197.683600,1909.000000,1.000000
0.042687,196.551700,1910.000000,1.000000
0.042691,385.696800,1911.000000,0.000000
0.042706,196.554500,1912.000000,1.000000
0.042719,196.684600,1913.000000,1.000000
0.042719,197.751100,1914.000000,1.000000
0.042719,196.619200,1915.000000,1.000000
0.042726,197.595100,1916.000000,1.000000
0.042726,196.730100,1917.000000,1.000000
0.042764,197.152500,1918.000000,1.000000
0.042764,196.800900,1919.000000,1.000000
0.042790,197.997200,1920.000000,1.000000
0.042816,197.601000,1921.000000,1.000000
0.042841,275.501100,1922.000000,0.000000
0.042848,197.433700,1923.000000,1.000000
0.042874,196.995800,1924.000000,1.000000
0.042880,197.541700,1925.000000,1.000000
0.042899,197.316500,1926.000000,1.000000
0.042925,197.263300,1927.000000,1.000000
0.042930,365.240200,1928.000000,0.000000
0.043008,198.749300,1929.000000,1.000000
0.043047,197.803300,1930.000000,1.000000
0.043066,198.000900,1931.000000,1.000000
0.043118,198.143900,1932.000000,1.000000
0.043130,281.656600,1933.000000,0.000000
0.043169,199.124900,1934.000000,1.000000
0.043188,198.049000,1935.000000,1.000000
0.043207,198.896100,1936.000000,1.000000
0.043227,198.276500,1937.000000,1.000000
0.043239,198.375800,1938.000000,1.000000
0.043284,198.115500,1939.000000,1.000000
0.043297,198.859800,1940.000000,1.000000
0.043310,204.887500,1941.000000,1.000000
0.043323,207.427000,1942.000000,1.000000
0.043348,206.581800,1943.000000,1.000000
0.043348,207.540900,1944.000000,1.000000
0.043361,210.087900,1945.000000,1.000000
0.043367,207.215200,1946.000000,1.000000
0.043374,209.979200,1947.000000,1.000000
0.043399,214.650300,1948.000000,1.000000
0.043419,214.563200,1949.000000,1.000000
0.043419,215.502800,1950.000000,1.000000
0.043476,246.869500,1951.000000,0.000000
0.043476,215.521900,1952.000000,1.000000
0.043483,215.549700,1953.000000,1.000000
0.043489,215.313200,1954.000000,1.000000
0.043502,214.573700,1955.000000,1.000000
0.043515,215.054200,1956.000000,1.000000
0.043534,214.943800,1957.000000,1.000000
0.043540,214.904100,1958.000000,1.000000
0.043553,207.280500,1959.000000,1.000000
0.043560,214.273700,1960.000000,1.000000
0.043579,207.155100,1961.000000,1.000000
0.043585,207.250800,1962.000000,1.000000
0.043624,207.349100,1963.000000,1.000000
0.043630,207.268000,1964.000000,1.000000
0.043668,213.422900,1965.000000,1.000000
0.043675,207.314000,1966.000000,1.000000
0.043681,218.766000,1967.000000,1.000000
0.043700,209.144300,1968.000000,1.000000
0.043726,207.395400,1969.000000,1.000000
0.043733,207.317500,1970.000000,1.000000
0.043739,207.369400,1971.000000,1.000000
0.043758,207.398300,1972.000000,1.000000
0.043758,207.360300,1973.000000,1.000000
0.043765,207.280800,1974.000000,1.000000
0.043771,207.295000,1975.000000,1.000000
0.043771,207.235100,1976.000000,1.000000
0.043784,207.483600,1977.000000,1.000000
0.043816,209.180700,1978.000000,1.000000
0.043829,207.396800,1979.000000,1.000000
0.043829,209.454800,1980.000000,1.000000
0.043829,209.273800,1981.000000,1.000000
0.043835,213.646300,1982.000000,1.000000
0.043873,207.412800,1983.000000,1.000000
0.043899,207.305500,1984.000000,1.000000
0.043905,207.208300,1985.000000,1.000000
0.043925,213.484300,1986.000000,1.000000
0.043931,207.317200,1987.000000,1.000000
0.043957,213.569700,1988.000000,1.000000
0.043995,213.503600,1989.000000,1.000000
0.044001,213.440000,1990.000000,1.000000
0.044014,213.535800,1991.000000,1.000000
0.044014,213.634900,1992.000000,1.000000
0.044066,207.647000,1993.000000,1.000000
0.044072,206.529000,1994.000000,1.000000
0.044078,206.595900,1995.000000,1.000000
0.044091,206.347600,1996.000000,1.000000
0.044091,206.523200,1997.000000,1.000000
0.044111,206.761900,1998.000000,1.000000
0.044128,369.609100,1999.000000,0.000000
0.044134,418.342400,2000.000000,0.000000
0.044136,205.158300,2001.000000,1.000000
0.044181,206.648900,2002.000000,1.000000
0.044181,206.736200,2003.000000,1.000000
0.044187,206.615100,2004.000000,1.000000
0.044207,197.542800,2005.000000,1.000000
0.044213,195.121800,2006.000000,1.000000
0.044239,206.062700,2007.000000,1.000000
0.044258,206.337400,2008.000000,1.000000
0.044265,195.843000,2009.000000,1.000000
0.044271,188.102200,2010.000000,1.000000
0.044297,188.734100,2011.000000,1.000000
0.044310,188.583300,2012.000000,1.000000
0.044387,190.037000,2013.000000,1.000000
0.044457,190.875700,2014.000000,1.000000
0.044464,188.146000,2015.000000,1.000000
0.044489,190.833300,2016.000000,1.000000
0.044502,191.364100,2017.000000,1.000000
0.044509,191.029200,2018.000000,1.000000
0.044515,191.624500,2019.000000,1.000000
0.044522,191.381300,2020.000000,1.000000
0.044534,191.553000,2021.000000,1.000000
0.044560,191.265400,2022.000000,1.000000
0.044560,191.620700,2023.000000,1.000000
0.044566,191.591600,2024.000000,1.000000
0.044573,191.213400,2025.000000,1.000000
0.044579,191.230700,2026.000000,1.000000
0.044605,191.359200,2027.000000,1.000000
0.044612,191.356200,2028.000000,1.000000
0.044618,191.485600,2029.000000,1.000000
0.044624,191.280700,2030.000000,1.000000
0.044657,191.430100,2031.000000,1.000000
0.044676,191.253200,2032.000000,1.000000
0.044689,191.422200,2033.000000,1.000000
0.044695,191.064500,2034.000000,1.000000
0.044714,191.398100,2035.000000,1.000000
0.044734,191.061200,2036.000000,1.000000
0.044753,191.321700,2037.000000,1.000000
0.044766,191.412100,2038.000000,1.000000
0.044772,191.511700,2039.000000,1.000000
0.044811,191.631100,2040.000000,1.000000
0.044824,191.544300,2041.000000,1.000000
0.044830,191.292800,2042.000000,1.000000
0.044882,189.565600,2043.000000,1.000000
0.044888,189.021900,2044.000000,1.000000
0.044895,189.073600,2045.000000,1.000000
0.044901,188.493400,2046.000000,1.000000
0.044907,188.807500,2047.000000,1.000000
0.044920,188.346100,2048.000000,1.000000
0.044953,188.799400,2049.000000,1.000000
0.044965,188.716200,2050.000000,1.000000
0.044965,188.180700,2051.000000,1.000000
0.044972,188.400800,2052.000000,1.000000
0.044991,188.314500,2053.000000,1.000000
0.045017,189.272300,2054.000000,1.000000
0.045043,188.572300,2055.000000,1.000000
0.045056,188.581100,2056.000000,1.000000
0.045056,188.424300,2057.000000,1.000000
0.045062,189.155500,2058.000000,1.000000
0.045068,189.055700,2059.000000,1.000000
0.045114,188.393400,2060.000000,1.000000
0.045120,188.696300,2061.000000,1.000000
0.045139,189.054900,2062.000000,1.000000
0.045159,188.896500,2063.000000,1.000000
0.045178,188.860400,2064.000000,1.000000
0.045236,189.322600,2065.000000,1.000000
0.045242,189.278200,2066.000000,1.000000
0.045255,189.619700,2067.000000,1.000000
0.045268,189.920000,2068.000000,1.000000
0.045275,189.210100,2069.000000,1.000000
0.045300,191.828000,2070.000000,1.000000
0.045339,192.474000,2071.000000,1.000000
0.045429,191.598300,2072.000000,1.000000
0.045442,199.584700,2073.000000,1.000000
0.045455,191.652900,2074.000000,1.000000
0.045559,191.163800,2075.000000,1.000000
0.045597,191.391100,2076.000000,1.000000
0.045623,191.191200,2077.000000,1.000000
0.045636,191.364400,2078.000000,1.000000
0.045641,292.246800,2079.000000,0.000000
0.045662,191.356800,2080.000000,1.000000
0.045694,192.223300,2081.000000,1.000000
0.045726,189.886200,2082.000000,1.000000
0.045752,189.810100,2083.000000,1.000000
0.045759,189.693100,2084.000000,1.000000
0.045765,189.764000,2085.000000,1.000000
0.045778,189.588800,2086.000000,1.000000
0.045791,189.002200,2087.000000,1.000000
0.045791,189.172800,2088.000000,1.000000
0.045817,188.954400,2089.000000,1.000000
0.045822,303.967700,2090.000000,0.000000
0.045823,188.963900,2091.000000,1.000000
0.045830,189.150200,2092.000000,1.000000
0.045843,188.744700,2093.000000,1.000000
0.045849,188.805000,2094.000000,1.000000
0.045868,188.823900,2095.000000,1.000000
0.045869,162.940600,2096.000000,0.000000
0.045959,189.029200,2097.000000,1.000000
0.045965,188.665300,2098.000000,1.000000
0.045972,189.007100,2099.000000,1.000000
0.046017,189.005100,2100.000000,1.000000
0.046023,188.953800,2101.000000,1.000000
0.046068,189.149600,2102.000000,1.000000
0.046075,189.115500,2103.000000,1.000000
0.046101,189.144200,2104.000000,1.000000
0.046171,189.596400,2105.000000,1.000000
0.046171,189.347400,2106.000000,1.000000
0.046178,189.516300,2107.000000,1.000000
0.046184,189.638300,2108.000000,1.000000
0.046204,189.231300,2109.000000,1.000000
0.046223,189.257500,2110.000000,1.000000
0.046255,172.473800,2111.000000,0.000000
0.046274,191.052900,2112.000000,1.000000
0.046275,189.770100,2113.000000,1.000000
0.046313,191.262500,2114.000000,1.000000
0.046320,117.350400,2115.000000,0.000000
0.046378,189.855700,2116.000000,1.000000
0.046455,189.818800,2117.000000,1.000000
0.046493,192.010800,2118.000000,1.000000
0.046493,194.327300,2119.000000,1.000000
0.046500,205.331000,2120.000000,1.000000
0.046532,194.342400,2121.000000,1.000000
0.046532,195.160600,2122.000000,1.000000
0.046545,206.302400,2123.000000,1.000000
0.046571,194.113300,2124.000000,1.000000
0.046596,194.760100,2125.000000,1.000000
0.046603,194.405300,2126.000000,1.000000
0.046622,209.700600,2127.000000,1.000000
0.046648,211.227100,2128.000000,1.000000
0.046648,194.476400,2129.000000,1.000000
0.046654,194.466200,2130.000000,1.000000
0.046673,207.694700,2131.000000,1.000000
0.046718,206.487100,2132.000000,1.000000
0.046744,206.698000,2133.000000,1.000000
0.046814,213.486500,2134.000000,1.000000
0.046821,194.506400,2135.000000,1.000000
0.046846,209.557400,2136.000000,1.000000
0.046853,210.943200,2137.000000,1.000000
0.046879,211.081600,2138.000000,1.000000
0.046891,211.336400,2139.000000,1.000000
0.046911,210.963200,2140.000000,1.000000
0.046923,210.991500,2141.000000,1.000000
0.046981,211.222500,2142.000000,1.000000
0.047007,210.758600,2143.000000,1.000000
0.047026,211.574300,2144.000000,1.000000
0.047039,211.758800,2145.000000,1.000000
0.047052,211.209300,2146.000000,1.000000
0.047071,211.236900,2147.000000,1.000000
0.047173,211.387000,2148.000000,1.000000
0.047231,211.664100,2149.000000,1.000000
0.047237,255.163900,2150.000000,0.000000
0.047263,214.562300,2151.000000,1.000000
0.047308,210.995700,2152.000000,1.000000
0.047366,211.554900,2153.000000,1.000000
0.047398,211.637500,2154.000000,1.000000
0.047468,211.541900,2155.000000,1.000000
0.047481,211.615800,2156.000000,1.000000
0.047513,211.577400,2157.000000,1.000000
0.047513,211.484300,2158.000000,1.000000
0.047526,211.799500,2159.000000,1.000000
0.047564,211.707400,2160.000000,1.000000
0.047641,211.774500,2161.000000,1.000000
0.047673,211.868100,2162.000000,1.000000
0.047673,215.437600,2163.000000,1.000000
0.047692,211.624200,2164.000000,1.000000
0.047724,216.917900,2165.000000,1.000000
0.047750,214.545600,2166.000000,1.000000
0.047750,211.788500,2167.000000,1.000000
0.047789,212.376000,2168.000000,1.000000
0.047859,245.021600,2169.000000,0.000000
0.047859,214.067200,2170.000000,1.000000
0.047917,214.250200,2171.000000,1.000000
0.047949,212.326000,2172.000000,1.000000
0.047994,212.393400,2173.000000,1.000000
0.048007,216.206300,2174.000000,1.000000
0.048071,217.253900,2175.000000,1.000000
0.048078,216.301800,2176.000000,1.000000
0.048110,215.741400,2177.000000,1.000000
0.048129,214.161100,2178.000000,1.000000
0.048136,212.818400,2179.000000,1.000000
0.048200,216.308200,2180.000000,1.000000
0.048232,212.981600,2181.000000,1.000000
0.048238,215.611800,2182.000000,1.000000
0.048258,213.289900,2183.000000,1.000000
0.048277,212.950300,2184.000000,1.000000
0.048303,216.365200,2185.000000,1.000000
0.048329,212.874700,2186.000000,1.000000
0.048406,214.436500,2187.000000,1.000000
0.048419,213.614600,2188.000000,1.000000
0.048445,215.504000,2189.000000,1.000000
0.048464,214.268600,2190.000000,1.000000
0.048580,214.344900,2191.000000,1.000000
0.048586,213.880500,2192.000000,1.000000
0.048683,217.498800,2193.000000,1.000000
0.048683,217.981500,2194.000000,1.000000
0.048683,218.679500,2195.000000,1.000000
0.048689,214.487300,2196.000000,1.000000
0.048741,214.486900,2197.000000,1.000000
0.048754,214.474300,2198.000000,1.000000
0.048792,214.591500,2199.000000,1.000000
0.048805,214.701300,2200.000000,1.000000
0.048857,215.350100,2201.000000,1.000000
0.048895,218.820200,2202.000000,1.000000
0.048902,216.891400,2203.000000,1.000000
0.048992,220.308400,2204.000000,1.000000
0.049029,382.338100,2205.000000,0.000000
0.049037,220.586800,2206.000000,1.000000
0.049043,219.134600,2207.000000,1.000000
0.049069,221.592000,2208.000000,1.000000
0.049095,219.494600,2209.000000,1.000000
0.049172,220.321700,2210.000000,1.000000
0.049185,218.097400,2211.000000,1.000000
0.049339,222.991100,2212.000000,1.000000
0.049442,217.944200,2213.000000,1.000000
0.049442,218.399000,2214.000000,1.000000
0.049494,218.468000,2215.000000,1.000000
0.049539,218.355700,2216.000000,1.000000
0.049539,220.778500,2217.000000,1.000000
0.049545,216.873400,2218.000000,1.000000
0.049610,208.405900,2219.000000,1.000000
0.049635,210.453000,2220.000000,1.000000
0.049648,208.268500,2221.000000,1.000000
0.049654,211.318300,2222.000000,1.000000
0.049712,208.445700,2223.000000,1.000000
0.049725,208.467600,2224.000000,1.000000
0.049757,208.069300,2225.000000,1.000000
0.049757,208.119700,2226.000000,1.000000
0.049764,208.278200,2227.000000,1.000000
0.049777,207.688200,2228.000000,1.000000
0.049854,204.926300,2229.000000,1.000000
0.049860,198.639800,2230.000000,1.000000
0.049918,198.718600,2231.000000,1.000000
0.049924,198.794600,2232.000000,1.000000
0.049937,198.510800,2233.000000,1.000000
0.049944,200.613100,2234.000000,1.000000
0.049956,198.185600,2235.000000,1.000000
0.049963,199.020900,2236.000000,1.000000
0.049963,196.904600,2237.000000,1.000000
0.049995,196.730000,2238.000000,1.000000
0.050008,196.988400,2239.000000,1.000000
0.050027,197.417400,2240.000000,1.000000
0.050034,198.945600,2241.000000,1.000000
0.050046,199.542300,2242.000000,1.000000
0.050059,199.620400,2243.000000,1.000000
0.050072,198.878700,2244.000000,1.000000
0.050079,198.763900,2245.000000,1.000000
0.050091,199.239900,2246.000000,1.000000
0.050117,199.103500,2247.000000,1.000000
0.050130,199.552900,2248.000000,1.000000
0.050136,199.974200,2249.000000,1.000000
0.050162,199.864200,2250.000000,1.000000
0.050162,200.013400,2251.000000,1.000000
0.050175,199.596100,2252.000000,1.000000
0.050213,199.775200,2253.000000,1.000000
0.050226,198.798300,2254.000000,1.000000
0.050226,198.327500,2255.000000,1.000000
0.050231,407.717700,2256.000000,0.000000
0.050252,199.721300,2257.000000,1.000000
0.050258,199.920100,2258.000000,1.000000
0.050265,199.895700,2259.000000,1.000000
0.050271,198.560000,2260.000000,1.000000
0.050278,199.916700,2261.000000,1.000000
0.050297,199.549800,2262.000000,1.000000
0.050308,341.853700,2263.000000,0.000000
0.050323,198.617400,2264.000000,1.000000
0.050355,200.943700,2265.000000,1.000000
0.050361,202.759100,2266.000000,1.000000
0.050387,198.616700,2267.000000,1.000000
0.050393,202.544300,2268.000000,1.000000
0.050432,194.302900,2269.000000,1.000000
0.050438,203.182400,2270.000000,1.000000
0.050444,202.071200,2271.000000,1.000000
0.050457,203.152100,2272.000000,1.000000
0.050483,203.176300,2273.000000,1.000000
0.050496,203.255600,2274.000000,1.000000
0.050502,199.419500,2275.000000,1.000000
0.050528,203.335800,2276.000000,1.000000
0.050534,202.980800,2277.000000,1.000000
0.050541,203.088900,2278.000000,1.000000
0.050541,203.051100,2279.000000,1.000000
0.050547,198.305000,2280.000000,1.000000
0.050547,203.070600,2281.000000,1.000000
0.050560,203.142700,2282.000000,1.000000
0.050566,201.578900,2283.000000,1.000000
0.050566,202.867100,2284.000000,1.000000
0.050579,201.525700,2285.000000,1.000000
0.050579,203.049700,2286.000000,1.000000
0.050586,202.882900,2287.000000,1.000000
0.050605,203.174300,2288.000000,1.000000
0.050618,202.758900,2289.000000,1.000000
0.050631,193.281800,2290.000000,1.000000
0.050631,202.830400,2291.000000,1.000000
0.050714,193.377000,2292.000000,1.000000
0.050746,205.073900,2293.000000,1.000000
0.050772,205.043500,2294.000000,1.000000
0.050785,204.984800,2295.000000,1.000000
0.050811,204.920000,2296.000000,1.000000
0.050843,205.019100,2297.000000,1.000000
0.050856,205.132800,2298.000000,1.000000
0.050856,204.264200,2299.000000,1.000000
0.050888,204.391600,2300.000000,1.000000
0.050894,204.835800,2301.000000,1.000000
0.050894,203.276100,2302.000000,1.000000
0.050894,203.812600,2303.000000,1.000000
0.050913,205.167400,2304.000000,1.000000
0.050971,203.086300,2305.000000,1.000000
0.050978,203.785200,2306.000000,1.000000
0.050991,203.755800,2307.000000,1.000000
0.050997,204.044100,2308.000000,1.000000
0.051003,204.002100,2309.000000,1.000000
0.051016,203.950100,2310.000000,1.000000
0.051016,203.864100,2311.000000,1.000000
0.051016,204.080600,2312.000000,1.000000
0.051023,202.786700,2313.000000,1.000000
0.051029,204.087200,2314.000000,1.000000
0.051048,203.914500,2315.000000,1.000000
0.051048,204.069100,2316.000000,1.000000
0.051061,203.971200,2317.000000,1.000000
0.051074,204.097600,2318.000000,1.000000
0.051125,203.279800,2319.000000,1.000000
0.051164,203.983700,2320.000000,1.000000
0.051183,204.918100,2321.000000,1.000000
0.051196,204.220700,2322.000000,1.000000
0.051248,202.119600,2323.000000,1.000000
0.051338,204.623600,2324.000000,1.000000
0.051350,203.684400,2325.000000,1.000000
0.051357,195.065900,2326.000000,1.000000
0.051363,187.885600,2327.000000,1.000000
0.051363,195.257200,2328.000000,1.000000
0.051370,204.506500,2329.000000,1.000000
0.051389,191.046900,2330.000000,1.000000
0.051421,201.807500,2331.000000,1.000000
0.051440,198.025100,2332.000000,1.000000
0.051466,192.043900,2333.000000,1.000000
0.051466,197.531900,2334.000000,1.000000
0.051492,191.960700,2335.000000,1.000000
0.051511,192.101600,2336.000000,1.000000
0.051543,192.277200,2337.000000,1.000000
0.051550,192.141400,2338.000000,1.000000
0.051556,191.836400,2339.000000,1.000000
0.051556,192.218000,2340.000000,1.000000
0.051582,191.819200,2341.000000,1.000000
0.051588,192.032500,2342.000000,1.000000
0.051665,192.187300,2343.000000,1.000000
0.051678,192.321100,2344.000000,1.000000
0.051755,192.226500,2345.000000,1.000000
0.051781,192.416200,2346.000000,1.000000
0.051806,283.719500,2347.000000,0.000000
0.051833,192.729200,2348.000000,1.000000
0.051852,192.781400,2349.000000,1.000000
0.051852,192.764900,2350.000000,1.000000
0.051884,192.448200,2351.000000,1.000000
0.051916,192.442900,2352.000000,1.000000
0.051961,192.636700,2353.000000,1.000000
0.051980,193.254400,2354.000000,1.000000
0.051980,192.854300,2355.000000,1.000000
0.052000,192.804000,2356.000000,1.000000
0.052051,192.824100,2357.000000,1.000000
0.052064,193.151100,2358.000000,1.000000
0.052070,192.879000,2359.000000,1.000000
0.052083,193.012300,2360.000000,1.000000
0.052096,193.118300,2361.000000,1.000000
0.052122,193.776200,2362.000000,1.000000
0.052154,193.259500,2363.000000,1.000000
0.052154,192.950900,2364.000000,1.000000
0.052180,193.463600,2365.000000,1.000000
0.052186,193.837800,2366.000000,1.000000
0.052192,193.419100,2367.000000,1.000000
0.052212,193.482200,2368.000000,1.000000
0.052289,194.298800,2369.000000,1.000000
0.052307,264.205400,2370.000000,0.000000
0.052315,193.545400,2371.000000,1.000000
0.052334,193.880300,2372.000000,1.000000
0.052385,193.386000,2373.000000,1.000000
0.052437,193.619800,2374.000000,1.000000
0.052443,193.601000,2375.000000,1.000000
0.052475,195.514700,2376.000000,1.000000
0.052507,193.604900,2377.000000,1.000000
0.052514,195.379400,2378.000000,1.000000
0.052539,193.431400,2379.000000,1.000000
0.052559,157.435700,2380.000000,0.000000
0.052584,193.543700,2381.000000,1.000000
0.052719,194.046300,2382.000000,1.000000
0.052745,193.659700,2383.000000,1.000000
0.052771,193.697500,2384.000000,1.000000
0.052777,193.545100,2385.000000,1.000000
0.052784,193.757400,2386.000000,1.000000
0.052835,193.822900,2387.000000,1.000000
0.052842,195.856500,2388.000000,1.000000
0.052874,193.931100,2389.000000,1.000000
0.052893,196.177700,2390.000000,1.000000
0.052951,195.796700,2391.000000,1.000000
0.052964,195.681800,2392.000000,1.000000
0.053022,194.313900,2393.000000,1.000000
0.053041,194.556600,2394.000000,1.000000
0.053047,194.532200,2395.000000,1.000000
0.053073,194.373300,2396.000000,1.000000
0.053086,196.264700,2397.000000,1.000000
0.053137,196.187400,2398.000000,1.000000
0.053137,196.256500,2399.000000,1.000000
0.053189,194.416400,2400.000000,1.000000
0.053189,196.097700,2401.000000,1.000000
0.053240,194.864900,2402.000000,1.000000
0.053247,194.856900,2403.000000,1.000000
0.053259,195.886500,2404.000000,1.000000
0.053285,195.756900,2405.000000,1.000000
0.053298,194.714400,2406.000000,1.000000
0.053298,196.092100,2407.000000,1.000000
0.053337,196.301700,2408.000000,1.000000
0.053356,196.323800,2409.000000,1.000000
0.053382,195.213200,2410.000000,1.000000
0.053444,400.232900,2411.000000,0.000000
0.053444,382.618900,2412.000000,0.000000
0.053446,196.595600,2413.000000,1.000000
0.053452,195.887400,2414.000000,1.000000
0.053472,196.124300,2415.000000,1.000000
0.053562,196.641200,2416.000000,1.000000
0.053600,196.474400,2417.000000,1.000000
0.053620,196.761700,2418.000000,1.000000
0.053626,196.664000,2419.000000,1.000000
0.053645,196.630100,2420.000000,1.000000
0.053652,196.733900,2421.000000,1.000000
0.053652,197.068300,2422.000000,1.000000
0.053677,196.763700,2423.000000,1.000000
0.053710,196.883800,2424.000000,1.000000
0.053748,197.342900,2425.000000,1.000000
0.053774,197.330200,2426.000000,1.000000
0.053780,197.353200,2427.000000,1.000000
0.053832,197.795800,2428.000000,1.000000
0.053845,197.689600,2429.000000,1.000000
0.053864,200.012800,2430.000000,1.000000
0.053883,198.042000,2431.000000,1.000000
0.053896,198.226400,2432.000000,1.000000
0.053941,198.680100,2433.000000,1.000000
0.053948,198.564500,2434.000000,1.000000
0.053960,197.669600,2435.000000,1.000000
0.053980,198.975100,2436.000000,1.000000
0.053986,202.364700,2437.000000,1.000000
0.053999,204.113700,2438.000000,1.000000
0.054018,199.180900,2439.000000,1.000000
0.054050,200.047000,2440.000000,1.000000
0.054057,202.578400,2441.000000,1.000000
0.054076,203.062100,2442.000000,1.000000
0.054121,205.091000,2443.000000,1.000000
0.054134,206.955900,2444.000000,1.000000
0.054153,210.752100,2445.000000,1.000000
0.054172,210.737300,2446.000000,1.000000
0.054179,210.981100,2447.000000,1.000000
0.054205,210.909500,2448.000000,1.000000
0.054307,210.946100,2449.000000,1.000000
0.054372,211.236300,2450.000000,1.000000
0.054397,213.823800,2451.000000,1.000000
0.054416,250.196600,2452.000000,0.000000
0.054423,212.972500,2453.000000,1.000000
0.054494,207.281700,2454.000000,1.000000
0.054500,205.785700,2455.000000,1.000000
0.054552,218.363200,2456.000000,1.000000
0.054565,207.420500,2457.000000,1.000000
0.054686,216.256300,2458.000000,1.000000
0.054693,213.900900,2459.000000,1.000000
0.054693,218.660700,2460.000000,1.000000
0.054744,215.302700,2461.000000,1.000000
0.054744,216.794700,2462.000000,1.000000
0.054757,216.125700,2463.000000,1.000000
0.054892,216.151400,2464.000000,1.000000
0.054931,215.801300,2465.000000,1.000000
0.054969,216.774100,2466.000000,1.000000
0.055021,217.790800,2467.000000,1.000000
0.055059,220.377100,2468.000000,1.000000
0.055085,219.671400,2469.000000,1.000000
0.055091,216.401900,2470.000000,1.000000
0.055098,218.903200,2471.000000,1.000000
0.055123,217.042800,2472.000000,1.000000
0.055149,218.850800,2473.000000,1.000000
0.055181,217.310200,2474.000000,1.000000
0.055226,225.444200,2475.000000,1.000000
0.055335,222.921500,2476.000000,1.000000
0.055335,221.663200,2477.000000,1.000000
0.055335,223.544500,2478.000000,1.000000
0.055348,226.291000,2479.000000,1.000000
0.055355,222.205300,2480.000000,1.000000
0.055419,230.292200,2481.000000,1.000000
0.055464,226.053300,2482.000000,1.000000
0.055534,225.476600,2483.000000,1.000000
0.055541,226.943000,2484.000000,1.000000
0.055611,231.968300,2485.000000,1.000000
0.055714,232.974700,2486.000000,1.000000
0.055721,233.908800,2487.000000,1.000000
0.055746,233.878600,2488.000000,1.000000
0.055772,232.999900,2489.000000,1.000000
0.055907,244.113900,2490.000000,1.000000
0.055907,241.783200,2491.000000,1.000000
0.055920,241.850400,2492.000000,1.000000
0.055977,246.738000,2493.000000,1.000000
0.055997,246.650200,2494.000000,1.000000
0.055997,246.541800,2495.000000,1.000000
0.056003,246.570900,2496.000000,1.000000
0.056010,250.710800,2497.000000,1.000000
0.056029,246.563300,2498.000000,1.000000
0.056048,250.516900,2499.000000,1.000000
0.056048,250.450400,2500.000000,1.000000
0.056073,299.699400,2501.000000,0.000000
0.056209,250.757300,2502.000000,1.000000
0.056241,253.275300,2503.000000,1.000000
0.056253,289.451800,2504.000000,0.000000
0.056337,253.095100,2505.000000,1.000000
0.056376,251.676800,2506.000000,1.000000
0.056389,254.409200,2507.000000,1.000000
0.056434,252.342800,2508.000000,1.000000
0.056459,255.427500,2509.000000,1.000000
0.056479,252.811300,2510.000000,1.000000
0.056479,256.271200,2511.000000,1.000000
0.056517,255.483400,2512.000000,1.000000
0.056543,255.142800,2513.000000,1.000000
0.056543,228.928900,2514.000000,0.000000
0.056549,255.783800,2515.000000,1.000000
0.056601,256.872600,2516.000000,1.000000
0.056633,258.773500,2517.000000,1.000000
0.056704,255.929900,2518.000000,1.000000
0.056723,257.736200,2519.000000,1.000000
0.056736,256.826300,2520.000000,1.000000
0.056749,259.218500,2521.000000,1.000000
0.056749,256.259400,2522.000000,1.000000
0.056832,259.023000,2523.000000,1.000000
0.056858,259.214700,2524.000000,1.000000
0.056922,259.248500,2525.000000,1.000000
0.056929,265.326700,2526.000000,1.000000
0.056935,259.570700,2527.000000,1.000000
0.056961,259.831100,2528.000000,1.000000
0.056986,265.851100,2529.000000,1.000000
0.056999,266.176500,2530.000000,1.000000
0.057012,264.695500,2531.000000,1.000000
0.057070,261.785300,2532.000000,1.000000
0.057083,261.900000,2533.000000,1.000000
0.057109,261.339700,2534.000000,1.000000
0.057120,432.897800,2535.000000,0.000000
0.057173,264.448300,2536.000000,1.000000
0.057192,261.938900,2537.000000,1.000000
0.057205,265.493000,2538.000000,1.000000
0.057211,266.572000,2539.000000,1.000000
0.057211,266.326000,2540.000000,1.000000
0.057244,267.611500,2541.000000,1.000000
0.057263,263.706400,2542.000000,1.000000
0.057263,268.556700,2543.000000,1.000000
0.057282,262.493600,2544.000000,1.000000
0.057282,269.939300,2545.000000,1.000000
0.057314,263.908700,2546.000000,1.000000
0.057327,267.322600,2547.000000,1.000000
0.057340,265.393900,2548.000000,1.000000
0.057391,264.272300,2549.000000,1.000000
0.057436,265.702400,2550.000000,1.000000
0.057482,263.987900,2551.000000,1.000000
0.057501,264.414200,2552.000000,1.000000
0.057597,264.290400,2553.000000,1.000000
0.057604,264.005000,2554.000000,1.000000
0.057636,264.852200,2555.000000,1.000000
0.057726,263.998600,2556.000000,1.000000
0.057732,263.822500,2557.000000,1.000000
0.057764,265.565800,2558.000000,1.000000
0.057797,263.907200,2559.000000,1.000000
0.057803,263.998400,2560.000000,1.000000
0.057835,263.716900,2561.000000,1.000000
0.057848,264.147900,2562.000000,1.000000
0.057861,264.125300,2563.000000,1.000000
0.057867,264.467600,2564.000000,1.000000
0.057938,263.667800,2565.000000,1.000000
0.058035,263.507400,2566.000000,1.000000
0.058086,263.802000,2567.000000,1.000000
0.058086,263.843900,2568.000000,1.000000
0.058092,263.182500,2569.000000,1.000000
0.058125,263.092100,2570.000000,1.000000
0.058138,263.200300,2571.000000,1.000000
0.058163,262.885800,2572.000000,1.000000
0.058189,263.080400,2573.000000,1.000000
0.058195,263.223200,2574.000000,1.000000
0.058228,262.698900,2575.000000,1.000000
0.058253,263.087800,2576.000000,1.000000
0.058260,263.366200,2577.000000,1.000000
0.058285,268.580400,2578.000000,1.000000
0.058311,268.255900,2579.000000,1.000000
0.058318,263.216600,2580.000000,1.000000
0.058324,260.314100,2581.000000,1.000000
0.058324,262.169300,2582.000000,1.000000
0.058375,261.929500,2583.000000,1.000000
0.058453,258.989800,2584.000000,1.000000
0.058472,260.594000,2585.000000,1.000000
0.058478,264.204700,2586.000000,1.000000
0.058568,260.787900,2587.000000,1.000000
0.058568,261.665800,2588.000000,1.000000
0.058620,257.715100,2589.000000,1.000000
0.058626,259.395500,2590.000000,1.000000
0.058704,251.248600,2591.000000,1.000000
0.058723,261.505900,2592.000000,1.000000
0.058761,257.265700,2593.000000,1.000000
0.058768,249.772200,2594.000000,1.000000
0.058794,256.861500,2595.000000,1.000000
0.058798,452.021000,2596.000000,0.000000
0.058851,256.713000,2597.000000,1.000000
0.058877,257.595600,2598.000000,1.000000
0.058903,255.381800,2599.000000,1.000000
0.058916,256.711600,2600.000000,1.000000
0.058929,259.229100,2601.000000,1.000000
0.058986,259.156300,2602.000000,1.000000
0.058993,259.003300,2603.000000,1.000000
0.058999,256.745800,2604.000000,1.000000
0.059012,256.686200,2605.000000,1.000000
0.059051,258.230000,2606.000000,1.000000
0.059057,261.170300,2607.000000,1.000000
0.059064,258.216400,2608.000000,1.000000
0.059077,256.869800,2609.000000,1.000000
0.059089,256.763400,2610.000000,1.000000
0.059096,256.906400,2611.000000,1.000000
0.059192,260.661700,2612.000000,1.000000
0.059231,264.006700,2613.000000,1.000000
0.059235,458.905000,2614.000000,0.000000
0.059244,265.203600,2615.000000,1.000000
0.059276,263.261500,2616.000000,1.000000
0.059281,388.844100,2617.000000,0.000000
0.059347,265.477000,2618.000000,1.000000
0.059360,263.205400,2619.000000,1.000000
0.059366,265.089900,2620.000000,1.000000
0.059392,262.388300,2621.000000,1.000000
0.059405,263.322600,2622.000000,1.000000
0.059411,263.473900,2623.000000,1.000000
0.059417,263.635300,2624.000000,1.000000
0.059450,262.119000,2625.000000,1.000000
0.059450,262.504200,2626.000000,1.000000
0.059456,261.866900,2627.000000,1.000000
0.059462,267.532300,2628.000000,1.000000
0.059495,262.251000,2629.000000,1.000000
0.059495,266.263900,2630.000000,1.000000
0.059514,265.148200,2631.000000,1.000000
0.059552,269.264300,2632.000000,1.000000
0.059552,265.366200,2633.000000,1.000000
0.059565,267.620500,2634.000000,1.000000
0.059617,267.410400,2635.000000,1.000000
0.059617,268.385400,2636.000000,1.000000
0.059623,267.697300,2637.000000,1.000000
0.059649,267.590100,2638.000000,1.000000
0.059675,272.538900,2639.000000,1.000000
0.059681,267.937800,2640.000000,1.000000
0.059700,268.344400,2641.000000,1.000000
0.059752,268.998100,2642.000000,1.000000
0.059784,272.801600,2643.000000,1.000000
0.059797,268.761100,2644.000000,1.000000
0.059810,268.121100,2645.000000,1.000000
0.059855,271.493100,2646.000000,1.000000
0.059861,269.443300,2647.000000,1.000000
0.059868,269.192500,2648.000000,1.000000
0.059906,268.901100,2649.000000,1.000000
0.059926,270.739700,2650.000000,1.000000
0.059932,269.121900,2651.000000,1.000000
0.059932,269.186700,2652.000000,1.000000
0.059964,269.183100,2653.000000,1.000000
0.059971,269.490400,2654.000000,1.000000
0.059990,271.175400,2655.000000,1.000000
0.059997,269.212800,2656.000000,1.000000
0.060003,270.173200,2657.000000,1.000000
0.060003,269.406000,2658.000000,1.000000
0.060009,266.697200,2659.000000,1.000000
0.060009,269.585700,2660.000000,1.000000
0.060029,263.815400,2661.000000,1.000000
0.060074,270.690100,2662.000000,1.000000
0.060119,270.673600,2663.000000,1.000000
0.060119,271.096800,2664.000000,1.000000
0.060145,268.660700,2665.000000,1.000000
0.060196,268.863300,2666.000000,1.000000
0.060202,268.969000,2667.000000,1.000000
0.060215,269.062900,2668.000000,1.000000
0.060241,268.911200,2669.000000,1.000000
0.060241,269.761600,2670.000000,1.000000
0.060273,269.212700,2671.000000,1.000000
0.060304,387.940700,2672.000000,0.000000
0.060305,269.250900,2673.000000,1.000000
0.060383,260.321700,2674.000000,1.000000
0.060395,260.425800,2675.000000,1.000000
0.060421,264.781200,2676.000000,1.000000
0.060473,270.866100,2677.000000,1.000000
0.060485,274.319900,2678.000000,1.000000
0.060498,268.478300,2679.000000,1.000000
0.060505,269.348700,2680.000000,1.000000
0.060511,269.435000,2681.000000,1.000000
0.060530,269.609200,2682.000000,1.000000
0.060633,269.177400,2683.000000,1.000000
0.060710,269.109600,2684.000000,1.000000
0.060781,275.664400,2685.000000,1.000000
0.060781,267.142300,2686.000000,1.000000
0.060813,269.352500,2687.000000,1.000000
0.060839,270.501400,2688.000000,1.000000
0.060852,270.441400,2689.000000,1.000000
0.060884,269.636800,2690.000000,1.000000
0.060890,270.654900,2691.000000,1.000000
0.060909,316.546700,2692.000000,0.000000
0.060967,275.477400,2693.000000,1.000000
0.060967,264.842300,2694.000000,1.000000
0.060987,264.962100,2695.000000,1.000000
0.060987,263.319500,2696.000000,1.000000
0.061006,265.057400,2697.000000,1.000000
0.061006,264.837700,2698.000000,1.000000
0.061012,263.634400,2699.000000,1.000000
0.061019,261.729600,2700.000000,1.000000
0.061025,264.627300,2701.000000,1.000000
0.061032,260.179500,2702.000000,1.000000
0.061051,270.125900,2703.000000,1.000000
0.061147,266.259800,2704.000000,1.000000
0.061211,269.503500,2705.000000,1.000000
0.061211,265.031900,2706.000000,1.000000
0.061250,269.338300,2707.000000,1.000000
0.061250,265.000000,2708.000000,1.000000
0.061282,268.880700,2709.000000,1.000000
0.061282,268.637200,2710.000000,1.000000
0.061320,268.650500,2711.000000,1.000000
0.061320,268.310200,2712.000000,1.000000
0.061333,268.744800,2713.000000,1.000000
0.061340,261.807200,2714.000000,1.000000
0.061385,268.335500,2715.000000,1.000000
0.061404,268.511400,2716.000000,1.000000
0.061462,268.450000,2717.000000,1.000000
0.061468,270.078400,2718.000000,1.000000
0.061494,268.233600,2719.000000,1.000000
0.061494,268.262900,2720.000000,1.000000
0.061500,275.076000,2721.000000,1.000000
0.061532,274.622000,2722.000000,1.000000
0.061532,274.979200,2723.000000,1.000000
0.061545,274.547100,2724.000000,1.000000
0.061558,274.623700,2725.000000,1.000000
0.061558,274.868200,2726.000000,1.000000
0.061558,229.024600,2727.000000,0.000000
0.061564,268.076200,2728.000000,1.000000
0.061571,274.664100,2729.000000,1.000000
0.061577,274.819000,2730.000000,1.000000
0.061590,274.784500,2731.000000,1.000000
0.061609,271.802500,2732.000000,1.000000
0.061635,274.772300,2733.000000,1.000000
0.061648,274.767900,2734.000000,1.000000
0.061648,268.040900,2735.000000,1.000000
0.061667,268.074500,2736.000000,1.000000
0.061680,268.181300,2737.000000,1.000000
0.061686,268.513900,2738.000000,1.000000
0.061693,269.683300,2739.000000,1.000000
0.061718,260.577000,2740.000000,1.000000
0.061789,264.024400,2741.000000,1.000000
0.061815,268.430800,2742.000000,1.000000
0.061821,265.320400,2743.000000,1.000000
0.061821,268.685500,2744.000000,1.000000
0.061847,267.319200,2745.000000,1.000000
0.061860,269.580500,2746.000000,1.000000
0.061917,266.609400,2747.000000,1.000000
0.061937,258.720400,2748.000000,1.000000
0.061937,258.919600,2749.000000,1.000000
0.061962,262.621300,2750.000000,1.000000
0.061962,259.373100,2751.000000,1.000000
0.061969,258.812600,2752.000000,1.000000
0.062007,263.762700,2753.000000,1.000000
0.062033,252.560900,2754.000000,1.000000
0.062033,258.925500,2755.000000,1.000000
0.062039,264.257800,2756.000000,1.000000
0.062072,254.134100,2757.000000,1.000000
0.062117,256.053900,2758.000000,1.000000
0.062155,255.661700,2759.000000,1.000000
0.062226,262.105400,2760.000000,1.000000
0.062297,251.512100,2761.000000,1.000000
0.062303,257.105800,2762.000000,1.000000
0.062322,259.043700,2763.000000,1.000000
0.062419,270.240900,2764.000000,1.000000
0.062457,264.667900,2765.000000,1.000000
0.062534,265.539600,2766.000000,1.000000
0.062547,266.034700,2767.000000,1.000000
0.062573,266.384500,2768.000000,1.000000
0.062579,265.990000,2769.000000,1.000000
0.062579,265.999600,2770.000000,1.000000
0.062599,265.104200,2771.000000,1.000000
0.062670,266.336100,2772.000000,1.000000
0.062670,266.114000,2773.000000,1.000000
0.062689,269.011200,2774.000000,1.000000
0.062747,269.402600,2775.000000,1.000000
0.062792,282.276200,2776.000000,1.000000
0.062798,281.330500,2777.000000,1.000000
0.062830,269.378100,2778.000000,1.000000
0.062882,283.886200,2779.000000,1.000000
0.062895,283.792800,2780.000000,1.000000
0.062895,277.701600,2781.000000,1.000000
0.062907,278.807000,2782.000000,1.000000
0.062907,283.702500,2783.000000,1.000000
0.062927,279.407300,2784.000000,1.000000
0.062927,281.310900,2785.000000,1.000000
0.062933,284.749200,2786.000000,1.000000
0.062978,283.704900,2787.000000,1.000000
0.063004,278.242400,2788.000000,1.000000
0.063004,289.554200,2789.000000,1.000000
0.063004,275.991500,2790.000000,1.000000
0.063023,289.976700,2791.000000,1.000000
0.063030,275.807300,2792.000000,1.000000
0.063094,284.504500,2793.000000,1.000000
0.063100,281.017200,2794.000000,1.000000
0.063171,285.890900,2795.000000,1.000000
0.063236,286.188100,2796.000000,1.000000
0.063281,292.083700,2797.000000,1.000000
0.063281,262.571800,2798.000000,0.000000
0.063326,292.582200,2799.000000,1.000000
0.063339,298.409800,2800.000000,1.000000
0.063384,295.153500,2801.000000,1.000000
0.063403,295.192700,2802.000000,1.000000
0.063416,295.205000,2803.000000,1.000000
0.063434,363.870100,2804.000000,0.000000
0.063435,334.555400,2805.000000,0.000000
0.063454,300.331500,2806.000000,1.000000
0.063461,295.212100,2807.000000,1.000000
0.063467,295.229100,2808.000000,1.000000
0.063467,295.186200,2809.000000,1.000000
0.063480,296.024600,2810.000000,1.000000
0.063533,136.421800,2811.000000,0.000000
0.063538,300.112400,2812.000000,1.000000
0.063557,299.812500,2813.000000,1.000000
0.063609,300.228400,2814.000000,1.000000
0.063615,300.008400,2815.000000,1.000000
0.063615,300.057700,2816.000000,1.000000
0.063628,299.997700,2817.000000,1.000000
0.063757,302.699200,2818.000000,1.000000
0.063782,302.602100,2819.000000,1.000000
0.063795,302.486700,2820.000000,1.000000
0.063795,285.089200,2821.000000,0.000000
0.063808,302.740700,2822.000000,1.000000
0.063834,302.501100,2823.000000,1.000000
0.063853,302.672300,2824.000000,1.000000
0.063866,302.955000,2825.000000,1.000000
0.063885,302.557700,2826.000000,1.000000
0.063885,303.857800,2827.000000,1.000000
0.063911,303.123000,2828.000000,1.000000
0.063924,303.762200,2829.000000,1.000000
0.063943,303.560600,2830.000000,1.000000
0.063982,303.211800,2831.000000,1.000000
0.063995,303.580500,2832.000000,1.000000
0.064014,303.489500,2833.000000,1.000000
0.064027,303.394800,2834.000000,1.000000
0.064059,303.799800,2835.000000,1.000000
0.064059,303.890600,2836.000000,1.000000
0.064104,303.707000,2837.000000,1.000000
0.064149,302.983800,2838.000000,1.000000
0.064156,303.956300,2839.000000,1.000000
0.064181,294.432500,2840.000000,1.000000
0.064239,300.997400,2841.000000,1.000000
0.064265,294.687300,2842.000000,1.000000
0.064271,297.802500,2843.000000,1.000000
0.064278,294.834700,2844.000000,1.000000
0.064329,294.175800,2845.000000,1.000000
0.064349,294.098000,2846.000000,1.000000
0.064349,295.340600,2847.000000,1.000000
0.064350,134.283200,2848.000000,0.000000
0.064362,294.429400,2849.000000,1.000000
0.064381,294.238800,2850.000000,1.000000
0.064407,293.813500,2851.000000,1.000000
0.064497,294.844400,2852.000000,1.000000
0.064510,293.859900,2853.000000,1.000000
0.064587,293.937000,2854.000000,1.000000
0.064632,294.239800,2855.000000,1.000000
0.064651,290.973500,2856.000000,1.000000
0.064651,293.330300,2857.000000,1.000000
0.064677,292.985900,2858.000000,1.000000
0.064690,293.641500,2859.000000,1.000000
0.064735,296.024500,2860.000000,1.000000
0.064741,293.206000,2861.000000,1.000000
0.064761,291.114300,2862.000000,1.000000
0.064767,291.953800,2863.000000,1.000000
0.064819,293.751500,2864.000000,1.000000
0.064831,292.589400,2865.000000,1.000000
0.064838,290.370500,2866.000000,1.000000
0.064864,294.036900,2867.000000,1.000000
0.064902,292.922800,2868.000000,1.000000
0.064941,293.506200,2869.000000,1.000000
0.064980,298.377100,2870.000000,1.000000
0.064999,295.330600,2871.000000,1.000000
0.064999,297.269700,2872.000000,1.000000
0.065012,295.020400,2873.000000,1.000000
0.065044,300.445000,2874.000000,1.000000
0.065044,295.036000,2875.000000,1.000000
0.065186,297.346200,2876.000000,1.000000
0.065192,306.643900,2877.000000,1.000000
0.065224,306.642500,2878.000000,1.000000
0.065288,301.988000,2879.000000,1.000000
0.065366,302.505400,2880.000000,1.000000
0.065404,302.741400,2881.000000,1.000000
0.065436,341.533400,2882.000000,0.000000
0.065443,305.641400,2883.000000,1.000000
0.065443,305.783100,2884.000000,1.000000
0.065469,305.804800,2885.000000,1.000000
0.065533,306.328600,2886.000000,1.000000
0.065533,283.680200,2887.000000,0.000000
0.065559,305.944600,2888.000000,1.000000
0.065584,305.529600,2889.000000,1.000000
0.065668,307.450200,2890.000000,1.000000
0.065693,307.124100,2891.000000,1.000000
0.065764,315.639600,2892.000000,1.000000
0.065796,320.320500,2893.000000,1.000000
0.065802,319.976500,2894.000000,1.000000
0.065822,317.345600,2895.000000,1.000000
0.065854,321.755200,2896.000000,1.000000
0.065860,321.714500,2897.000000,1.000000
0.065873,321.352000,2898.000000,1.000000
0.065931,320.824300,2899.000000,1.000000
0.065937,326.249800,2900.000000,1.000000
0.065963,321.164000,2901.000000,1.000000
0.065976,325.693500,2902.000000,1.000000
0.065982,321.246500,2903.000000,1.000000
0.066008,326.186400,2904.000000,1.000000
0.066046,326.403000,2905.000000,1.000000
0.066053,322.428100,2906.000000,1.000000
0.066053,322.013100,2907.000000,1.000000
0.066085,330.592900,2908.000000,1.000000
0.066129,330.756500,2909.000000,1.000000
0.066136,326.713100,2910.000000,1.000000
0.066142,326.710300,2911.000000,1.000000
0.066187,330.505600,2912.000000,1.000000
0.066187,330.386900,2913.000000,1.000000
0.066232,330.766400,2914.000000,1.000000
0.066238,330.518600,2915.000000,1.000000
0.066245,335.662400,2916.000000,1.000000
0.066270,335.884000,2917.000000,1.000000
0.066309,330.881600,2918.000000,1.000000
0.066334,339.647000,2919.000000,1.000000
0.066379,336.680400,2920.000000,1.000000
0.066398,333.306900,2921.000000,1.000000
0.066437,336.663500,2922.000000,1.000000
0.066443,337.218800,2923.000000,1.000000
0.066449,337.925300,2924.000000,1.000000
0.066462,370.364600,2925.000000,0.000000
0.066462,338.031300,2926.000000,1.000000
0.066469,337.389100,2927.000000,1.000000
0.066494,340.740000,2928.000000,1.000000
0.066514,334.052000,2929.000000,1.000000
0.066699,333.096100,2930.000000,1.000000
0.066783,332.768500,2931.000000,1.000000
0.066783,334.326000,2932.000000,1.000000
0.066789,332.533900,2933.000000,1.000000
0.066802,335.691400,2934.000000,1.000000
0.066860,337.256700,2935.000000,1.000000
0.066898,337.058300,2936.000000,1.000000
0.066981,358.833300,2937.000000,1.000000
0.067020,336.527300,2938.000000,1.000000
0.067084,341.176100,2939.000000,1.000000
0.067174,345.681500,2940.000000,1.000000
0.067219,347.050300,2941.000000,1.000000
0.067245,346.984900,2942.000000,1.000000
0.067251,348.533900,2943.000000,1.000000
0.067283,352.720900,2944.000000,1.000000
0.067315,351.336400,2945.000000,1.000000
0.067315,348.666200,2946.000000,1.000000
0.067322,352.572400,2947.000000,1.000000
0.067354,354.014100,2948.000000,1.000000
0.067418,355.692200,2949.000000,1.000000
0.067438,360.439300,2950.000000,1.000000
0.067438,355.857900,2951.000000,1.000000
0.067450,358.368200,2952.000000,1.000000
0.067457,359.894200,2953.000000,1.000000
0.067476,360.201200,2954.000000,1.000000
0.067496,355.219800,2955.000000,1.000000
0.067508,360.311700,2956.000000,1.000000
0.067515,360.260200,2957.000000,1.000000
0.067528,360.446700,2958.000000,1.000000
0.067528,360.293000,2959.000000,1.000000
0.067541,360.084500,2960.000000,1.000000
0.067554,361.473900,2961.000000,1.000000
0.067573,360.432300,2962.000000,1.000000
0.067592,360.520200,2963.000000,1.000000
0.067657,360.993300,2964.000000,1.000000
0.067702,360.069500,2965.000000,1.000000
0.067721,357.271600,2966.000000,1.000000
0.067721,357.174800,2967.000000,1.000000
0.067734,357.765300,2968.000000,1.000000
0.067766,354.848000,2969.000000,1.000000
0.067779,357.563700,2970.000000,1.000000
0.067824,357.713200,2971.000000,1.000000
0.067921,357.762900,2972.000000,1.000000
0.067979,348.737600,2973.000000,1.000000
0.068018,347.609500,2974.000000,1.000000
0.068025,347.209500,2975.000000,1.000000
0.068057,347.893400,2976.000000,1.000000
0.068057,348.511000,2977.000000,1.000000
0.068070,346.953200,2978.000000,1.000000
0.068115,347.074600,2979.000000,1.000000
0.068128,349.251400,2980.000000,1.000000
0.068134,348.133600,2981.000000,1.000000
0.068186,348.737900,2982.000000,1.000000
0.068199,352.125300,2983.000000,1.000000
0.068238,349.371500,2984.000000,1.000000
0.068250,346.762400,2985.000000,1.000000
0.068263,357.457400,2986.000000,1.000000
0.068289,348.701000,2987.000000,1.000000
0.068380,347.912100,2988.000000,1.000000
0.068425,349.633500,2989.000000,1.000000
0.068463,348.383800,2990.000000,1.000000
0.068528,347.281600,2991.000000,1.000000
0.068534,348.626800,2992.000000,1.000000
0.068554,348.075000,2993.000000,1.000000
0.068573,348.140300,2994.000000,1.000000
0.068599,347.928200,2995.000000,1.000000
0.068618,348.603500,2996.000000,1.000000
0.068644,348.540300,2997.000000,1.000000
0.068657,348.803700,2998.000000,1.000000
0.068670,349.010600,2999.000000,1.000000
0.068701,411.221300,3000.000000,0.000000
0.068766,349.774700,3001.000000,1.000000
0.068786,351.005200,3002.000000,1.000000
0.068792,358.199800,3003.000000,1.000000
0.068818,362.249600,3004.000000,1.000000
0.068856,363.050800,3005.000000,1.000000
0.068908,364.783700,3006.000000,1.000000
0.068940,363.443400,3007.000000,1.000000
0.068940,362.029700,3008.000000,1.000000
0.069004,366.316700,3009.000000,1.000000
0.069011,355.427200,3010.000000,1.000000
0.069095,362.113900,3011.000000,1.000000
0.069101,361.431600,3012.000000,1.000000
0.069159,361.060700,3013.000000,1.000000
0.069185,362.673400,3014.000000,1.000000
0.069204,361.495500,3015.000000,1.000000
0.069249,363.395900,3016.000000,1.000000
0.069262,363.167600,3017.000000,1.000000
0.069268,365.343100,3018.000000,1.000000
0.069287,362.271400,3019.000000,1.000000
0.069287,364.427000,3020.000000,1.000000
0.069397,364.332700,3021.000000,1.000000
0.069466,499.236400,3022.000000,0.000000
0.069467,363.388000,3023.000000,1.000000
0.069493,360.685800,3024.000000,1.000000
0.069512,359.194700,3025.000000,1.000000
0.069550,427.530600,3026.000000,0.000000
0.069563,359.416000,3027.000000,1.000000
0.069615,372.159100,3028.000000,1.000000
0.069615,360.537300,3029.000000,1.000000
0.069647,357.322400,3030.000000,1.000000
0.069653,354.653100,3031.000000,1.000000
0.069679,356.621200,3032.000000,1.000000
0.069710,475.340500,3033.000000,0.000000
0.069711,354.582400,3034.000000,1.000000
0.069736,357.572500,3035.000000,1.000000
0.069749,356.173100,3036.000000,1.000000
0.069754,544.707800,3037.000000,0.000000
0.069756,348.455400,3038.000000,1.000000
0.069756,354.233000,3039.000000,1.000000
0.069775,351.387000,3040.000000,1.000000
0.069775,360.251700,3041.000000,1.000000
0.069775,358.037400,3042.000000,1.000000
0.069813,361.313800,3043.000000,1.000000
0.069820,361.585800,3044.000000,1.000000
0.069826,362.232700,3045.000000,1.000000
0.069826,362.475900,3046.000000,1.000000
0.069839,363.825000,3047.000000,1.000000
0.069871,363.540600,3048.000000,1.000000
0.069928,360.964000,3049.000000,1.000000
0.069935,362.044300,3050.000000,1.000000
0.069992,364.477600,3051.000000,1.000000
0.070049,460.552700,3052.000000,0.000000
0.070050,368.666600,3053.000000,1.000000
0.070082,372.341600,3054.000000,1.000000
0.070139,383.592200,3055.000000,1.000000
0.070152,380.753400,3056.000000,1.000000
0.070197,382.992000,3057.000000,1.000000
0.070254,389.368900,3058.000000,1.000000
0.070305,387.724800,3059.000000,1.000000
0.070350,389.790700,3060.000000,1.000000
0.070369,389.833100,3061.000000,1.000000
0.070388,386.384900,3062.000000,1.000000
0.070395,389.911100,3063.000000,1.000000
0.070401,386.168000,3064.000000,1.000000
0.070414,387.797700,3065.000000,1.000000
0.070420,389.442100,3066.000000,1.000000
0.070420,388.764400,3067.000000,1.000000
0.070497,389.647400,3068.000000,1.000000
0.070586,394.649500,3069.000000,1.000000
0.070586,393.085500,3070.000000,1.000000
0.070593,398.122700,3071.000000,1.000000
0.070612,395.647800,3072.000000,1.000000
0.070612,387.973000,3073.000000,1.000000
0.070676,397.426200,3074.000000,1.000000
0.070702,397.189900,3075.000000,1.000000
0.070721,399.475000,3076.000000,1.000000
0.070753,409.047400,3077.000000,1.000000
0.070804,409.754200,3078.000000,1.000000
0.070855,404.519700,3079.000000,1.000000
0.070874,409.336000,3080.000000,1.000000
0.070951,409.227600,3081.000000,1.000000
0.070983,413.950000,3082.000000,1.000000
0.071009,417.140500,3083.000000,1.000000
0.071079,415.767200,3084.000000,1.000000
0.071118,419.521000,3085.000000,1.000000
0.071118,405.085000,3086.000000,1.000000
0.071169,425.778500,3087.000000,1.000000
0.071201,424.880800,3088.000000,1.000000
0.071233,424.562000,3089.000000,1.000000
0.071233,427.217000,3090.000000,1.000000
0.071240,426.227100,3091.000000,1.000000
0.071278,426.464400,3092.000000,1.000000
0.071336,427.798400,3093.000000,1.000000
0.071362,429.210600,3094.000000,1.000000
0.071375,428.977200,3095.000000,1.000000
0.071413,429.930000,3096.000000,1.000000
0.071433,430.966000,3097.000000,1.000000
0.071471,433.337700,3098.000000,1.000000
0.071516,434.936500,3099.000000,1.000000
0.071555,433.553600,3100.000000,1.000000
0.071626,434.415600,3101.000000,1.000000
0.071669,612.856700,3102.000000,0.000000
0.071677,434.641100,3103.000000,1.000000
0.071677,432.576300,3104.000000,1.000000
0.071690,440.247500,3105.000000,1.000000
0.071722,434.522900,3106.000000,1.000000
0.071755,432.591100,3107.000000,1.000000
0.071793,439.541400,3108.000000,1.000000
0.071845,426.924700,3109.000000,1.000000
0.071916,421.668700,3110.000000,1.000000
0.071929,422.119100,3111.000000,1.000000
0.071942,423.552600,3112.000000,1.000000
0.071948,422.230700,3113.000000,1.000000
0.071961,420.565700,3114.000000,1.000000
0.072103,414.401700,3115.000000,1.000000
0.072161,409.126700,3116.000000,1.000000
0.072200,405.505600,3117.000000,1.000000
0.072219,402.375300,3118.000000,1.000000
0.072238,401.241900,3119.000000,1.000000
0.072238,401.127200,3120.000000,1.000000
0.072245,399.388600,3121.000000,1.000000
0.072284,397.307700,3122.000000,1.000000
0.072322,409.544400,3123.000000,1.000000
0.072322,411.697000,3124.000000,1.000000
0.072425,415.351700,3125.000000,1.000000
0.072444,407.632900,3126.000000,1.000000
0.072464,409.313200,3127.000000,1.000000
0.072522,411.708400,3128.000000,1.000000
0.072528,410.157800,3129.000000,1.000000
0.072554,408.860600,3130.000000,1.000000
0.072605,409.642500,3131.000000,1.000000
0.072612,412.754700,3132.000000,1.000000
0.072695,418.982900,3133.000000,1.000000
0.072695,412.175200,3134.000000,1.000000
0.072708,417.539000,3135.000000,1.000000
0.072708,418.938000,3136.000000,1.000000
0.072715,418.419200,3137.000000,1.000000
0.072760,418.083600,3138.000000,1.000000
0.072766,417.664700,3139.000000,1.000000
0.072978,430.586700,3140.000000,1.000000
0.073023,431.682800,3141.000000,1.000000
0.073023,430.852300,3142.000000,1.000000
0.073030,431.251800,3143.000000,1.000000
0.073056,431.525700,3144.000000,1.000000
0.073062,431.395100,3145.000000,1.000000
0.073088,430.314900,3146.000000,1.000000
0.073114,428.458500,3147.000000,1.000000
0.073133,428.554800,3148.000000,1.000000
0.073165,426.608800,3149.000000,1.000000
0.073184,425.537000,3150.000000,1.000000
0.073217,423.229500,3151.000000,1.000000
0.073275,421.221900,3152.000000,1.000000
0.073300,420.677500,3153.000000,1.000000
0.073326,421.642300,3154.000000,1.000000
0.073423,413.233900,3155.000000,1.000000
0.073423,414.344500,3156.000000,1.000000
0.073429,412.632800,3157.000000,1.000000
0.073436,414.700900,3158.000000,1.000000
0.073436,415.343800,3159.000000,1.000000
0.073539,408.761700,3160.000000,1.000000
0.073550,571.199200,3161.000000,0.000000
0.073584,406.270800,3162.000000,1.000000
0.073616,407.578000,3163.000000,1.000000
0.073622,403.840100,3164.000000,1.000000
0.073635,401.992900,3165.000000,1.000000
0.073648,404.616900,3166.000000,1.000000
0.073732,398.885300,3167.000000,1.000000
0.073732,396.498000,3168.000000,1.000000
0.073758,399.613900,3169.000000,1.000000
0.073771,397.807400,3170.000000,1.000000
0.073777,402.538500,3171.000000,1.000000
0.073803,394.897600,3172.000000,1.000000
0.073816,394.581800,3173.000000,1.000000
0.073822,394.727300,3174.000000,1.000000
0.073835,394.645900,3175.000000,1.000000
0.073835,395.255800,3176.000000,1.000000
0.073867,394.923900,3177.000000,1.000000
0.073912,393.482200,3178.000000,1.000000
0.073925,394.347400,3179.000000,1.000000
0.073945,391.881000,3180.000000,1.000000
0.074048,382.297500,3181.000000,1.000000
0.074106,379.901400,3182.000000,1.000000
0.074132,382.511100,3183.000000,1.000000
0.074170,380.901900,3184.000000,1.000000
0.074170,381.150000,3185.000000,1.000000
0.074196,387.172400,3186.000000,1.000000
0.074267,382.000400,3187.000000,1.000000
0.074293,382.150500,3188.000000,1.000000
0.074305,381.871700,3189.000000,1.000000
0.074331,386.368700,3190.000000,1.000000
0.074338,387.021900,3191.000000,1.000000
0.074383,388.229400,3192.000000,1.000000
0.074388,550.201700,3193.000000,0.000000
0.074453,387.691400,3194.000000,1.000000
0.074473,385.951800,3195.000000,1.000000
0.074588,395.999100,3196.000000,1.000000
0.074646,395.999100,3197.000000,1.000000
0.074678,402.221700,3198.000000,1.000000
0.074723,397.905700,3199.000000,1.000000
0.074730,398.227500,3200.000000,1.000000
0.074801,398.586100,3201.000000,1.000000
0.074865,402.737200,3202.000000,1.000000
0.074871,403.255400,3203.000000,1.000000
0.074871,403.905200,3204.000000,1.000000
0.074910,403.899500,3205.000000,1.000000
0.074948,402.470200,3206.000000,1.000000
0.074968,402.287300,3207.000000,1.000000
0.075011,537.667200,3208.000000,0.000000
0.075032,405.682600,3209.000000,1.000000
0.075057,406.117500,3210.000000,1.000000
0.075057,405.643200,3211.000000,1.000000
0.075083,409.673900,3212.000000,1.000000
0.075096,408.269300,3213.000000,1.000000
0.075102,409.174800,3214.000000,1.000000
0.075128,413.655400,3215.000000,1.000000
0.075128,409.323900,3216.000000,1.000000
0.075192,412.273100,3217.000000,1.000000
0.075205,414.088500,3218.000000,1.000000
0.075211,413.301200,3219.000000,1.000000
0.075243,421.413100,3220.000000,1.000000
0.075243,420.795400,3221.000000,1.000000
0.075288,418.407500,3222.000000,1.000000
0.075301,417.664500,3223.000000,1.000000
0.075313,424.576700,3224.000000,1.000000
0.075320,423.573500,3225.000000,1.000000
0.075377,427.264300,3226.000000,1.000000
0.075448,426.715500,3227.000000,1.000000
0.075505,432.424900,3228.000000,1.000000
0.075557,433.488900,3229.000000,1.000000
0.075557,434.972300,3230.000000,1.000000
0.075570,435.027700,3231.000000,1.000000
0.075589,433.988200,3232.000000,1.000000
0.075634,439.549100,3233.000000,1.000000
0.075659,437.437600,3234.000000,1.000000
0.075672,436.570600,3235.000000,1.000000
0.075685,438.358500,3236.000000,1.000000
0.075698,440.446900,3237.000000,1.000000
0.075698,436.181600,3238.000000,1.000000
0.075710,438.809100,3239.000000,1.000000
0.075730,438.475700,3240.000000,1.000000
0.075736,440.185400,3241.000000,1.000000
0.075755,438.865000,3242.000000,1.000000
0.075794,438.665300,3243.000000,1.000000
0.075819,440.405600,3244.000000,1.000000
0.075819,442.012100,3245.000000,1.000000
0.075832,442.429100,3246.000000,1.000000
0.075858,442.259500,3247.000000,1.000000
0.075877,438.413900,3248.000000,1.000000
0.075935,442.047700,3249.000000,1.000000
0.075999,441.531100,3250.000000,1.000000
0.076044,438.787600,3251.000000,1.000000
0.076063,449.216200,3252.000000,1.000000
0.076076,443.527600,3253.000000,1.000000
0.076101,445.240800,3254.000000,1.000000
0.076153,447.047200,3255.000000,1.000000
0.076166,444.971400,3256.000000,1.000000
0.076178,443.339500,3257.000000,1.000000
0.076191,449.334600,3258.000000,1.000000
0.076217,452.604000,3259.000000,1.000000
0.076249,450.471800,3260.000000,1.000000
0.076281,448.895100,3261.000000,1.000000
0.076378,452.594300,3262.000000,1.000000
0.076487,453.288100,3263.000000,1.000000
0.076500,452.331700,3264.000000,1.000000
0.076551,446.692100,3265.000000,1.000000
0.076552,423.468700,3266.000000,1.000000
0.076583,444.608600,3267.000000,1.000000
0.076622,441.028700,3268.000000,1.000000
0.076700,425.747400,3269.000000,1.000000
0.076725,426.058700,3270.000000,1.000000
0.076745,425.084200,3271.000000,1.000000
0.076790,420.246900,3272.000000,1.000000
0.076828,422.040800,3273.000000,1.000000
0.076861,420.214900,3274.000000,1.000000
0.076873,414.873500,3275.000000,1.000000
0.076893,415.427300,3276.000000,1.000000
0.076912,423.167100,3277.000000,1.000000
0.076977,410.672600,3278.000000,1.000000
0.077035,406.547900,3279.000000,1.000000
0.077041,405.285500,3280.000000,1.000000
0.077073,405.418200,3281.000000,1.000000
0.077099,403.476600,3282.000000,1.000000
0.077196,396.386000,3283.000000,1.000000
0.077267,394.563100,3284.000000,1.000000
0.077318,397.127700,3285.000000,1.000000
0.077350,396.089300,3286.000000,1.000000
0.077370,400.587600,3287.000000,1.000000
0.077382,401.749300,3288.000000,1.000000
0.077389,388.298800,3289.000000,1.000000
0.077466,386.606900,3290.000000,1.000000
0.077479,388.858700,3291.000000,1.000000
0.077505,386.102500,3292.000000,1.000000
0.077518,391.650400,3293.000000,1.000000
0.077550,382.405800,3294.000000,1.000000
0.077569,389.995400,3295.000000,1.000000
0.077569,391.387800,3296.000000,1.000000
0.077601,380.838900,3297.000000,1.000000
0.077614,391.662600,3298.000000,1.000000
0.077685,386.250600,3299.000000,1.000000
0.077692,381.220900,3300.000000,1.000000
0.077692,380.495100,3301.000000,1.000000
0.077704,381.081100,3302.000000,1.000000
0.077730,377.149200,3303.000000,1.000000
0.077769,381.959400,3304.000000,1.000000
0.077794,385.668000,3305.000000,1.000000
0.077814,383.420500,3306.000000,1.000000
0.077827,373.912400,3307.000000,1.000000
0.077865,373.979800,3308.000000,1.000000
0.077872,373.896700,3309.000000,1.000000
0.077897,380.283100,3310.000000,1.000000
0.077897,373.996300,3311.000000,1.000000
0.077923,373.413400,3312.000000,1.000000
0.077936,373.673600,3313.000000,1.000000
0.077962,370.378400,3314.000000,1.000000
0.077975,368.154500,3315.000000,1.000000
0.078020,369.339100,3316.000000,1.000000
0.078032,374.908400,3317.000000,1.000000
0.078052,368.579300,3318.000000,1.000000
0.078052,368.582000,3319.000000,1.000000
0.078058,362.558200,3320.000000,1.000000
0.078148,361.901300,3321.000000,1.000000
0.078155,361.766000,3322.000000,1.000000
0.078154,370.243100,3323.000000,1.000000
0.078257,361.827500,3324.000000,1.000000
0.078277,350.214200,3325.000000,1.000000
0.078283,368.067400,3326.000000,1.000000
0.078296,361.562300,3327.000000,1.000000
0.078296,320.353600,3328.000000,0.000000
0.078309,372.773600,3329.000000,1.000000
0.078341,350.312500,3330.000000,1.000000
0.078341,367.928600,3331.000000,1.000000
0.078373,350.246900,3332.000000,1.000000
0.078482,349.999000,3333.000000,1.000000
0.078489,350.031500,3334.000000,1.000000
0.078527,349.635400,3335.000000,1.000000
0.078617,351.044500,3336.000000,1.000000
0.078636,353.142800,3337.000000,1.000000
0.078655,352.441500,3338.000000,1.000000
0.078662,352.836200,3339.000000,1.000000
0.078681,354.223100,3340.000000,1.000000
0.078713,354.442400,3341.000000,1.000000
0.078739,354.410900,3342.000000,1.000000
0.078758,355.581500,3343.000000,1.000000
0.078758,354.855900,3344.000000,1.000000
0.078784,355.346800,3345.000000,1.000000
0.078828,361.156500,3346.000000,1.000000
0.078841,361.465900,3347.000000,1.000000
0.078841,362.160200,3348.000000,1.000000
0.078854,367.614400,3349.000000,1.000000
0.078899,365.676600,3350.000000,1.000000
0.078912,364.783000,3351.000000,1.000000
0.078976,344.745800,3352.000000,0.000000
0.079046,365.741700,3353.000000,1.000000
0.079072,364.291900,3354.000000,1.000000
0.079078,368.009600,3355.000000,1.000000
0.079085,366.190600,3356.000000,1.000000
0.079149,363.338700,3357.000000,1.000000
0.079200,371.135600,3358.000000,1.000000
0.079200,360.784100,3359.000000,1.000000
0.079206,362.792000,3360.000000,1.000000
0.079206,362.373000,3361.000000,1.000000
0.079206,362.589700,3362.000000,1.000000
0.079239,358.893100,3363.000000,1.000000
0.079258,358.602600,3364.000000,1.000000
0.079271,358.306700,3365.000000,1.000000
0.079271,357.613500,3366.000000,1.000000
0.079283,358.166100,3367.000000,1.000000
0.079283,357.713100,3368.000000,1.000000
0.079290,358.192800,3369.000000,1.000000
0.079303,358.097000,3370.000000,1.000000
0.079309,358.199700,3371.000000,1.000000
0.079322,358.309800,3372.000000,1.000000
0.079328,358.078600,3373.000000,1.000000
0.079348,357.775500,3374.000000,1.000000
0.079354,358.070600,3375.000000,1.000000
0.079360,358.099700,3376.000000,1.000000
0.079380,358.072100,3377.000000,1.000000
0.079412,365.016200,3378.000000,1.000000
0.079431,355.197800,3379.000000,1.000000
0.079476,363.417500,3380.000000,1.000000
0.079489,352.719000,3381.000000,1.000000
0.079495,357.703100,3382.000000,1.000000
0.079495,352.689500,3383.000000,1.000000
0.079559,353.285200,3384.000000,1.000000
0.079559,352.300700,3385.000000,1.000000
0.079578,352.387600,3386.000000,1.000000
0.079604,357.587400,3387.000000,1.000000
0.079604,356.724100,3388.000000,1.000000
0.079604,353.101100,3389.000000,1.000000
0.079623,362.242100,3390.000000,1.000000
0.079649,358.668700,3391.000000,1.000000
0.079694,356.194700,3392.000000,1.000000
0.079707,355.782700,3393.000000,1.000000
0.079726,355.986300,3394.000000,1.000000
0.079732,355.716300,3395.000000,1.000000
0.079752,355.755700,3396.000000,1.000000
0.079765,355.464100,3397.000000,1.000000
0.079771,355.144500,3398.000000,1.000000
0.079803,355.327900,3399.000000,1.000000
0.079803,355.466900,3400.000000,1.000000
0.079810,355.682200,3401.000000,1.000000
0.079822,355.689000,3402.000000,1.000000
0.079835,355.588700,3403.000000,1.000000
0.079835,355.553000,3404.000000,1.000000
0.079848,354.584500,3405.000000,1.000000
0.079861,356.237700,3406.000000,1.000000
0.079880,354.598400,3407.000000,1.000000
0.079944,348.341900,3408.000000,1.000000
0.079964,349.754300,3409.000000,1.000000
0.080028,348.175900,3410.000000,1.000000
0.080028,348.140900,3411.000000,1.000000
0.080054,348.122000,3412.000000,1.000000
0.080079,347.989600,3413.000000,1.000000
0.080099,348.092700,3414.000000,1.000000
0.080157,348.140300,3415.000000,1.000000
0.080176,347.684700,3416.000000,1.000000
0.080182,347.386100,3417.000000,1.000000
0.080285,347.995500,3418.000000,1.000000
0.080305,347.328900,3419.000000,1.000000
0.080375,403.997900,3420.000000,0.000000
0.080376,345.611900,3421.000000,1.000000
0.080395,345.670500,3422.000000,1.000000
0.080414,346.025900,3423.000000,1.000000
0.080427,338.677400,3424.000000,1.000000
0.080453,338.571400,3425.000000,1.000000
0.080492,338.061400,3426.000000,1.000000
0.080498,337.870500,3427.000000,1.000000
0.080517,337.829900,3428.000000,1.000000
0.080517,338.351900,3429.000000,1.000000
0.080550,337.791200,3430.000000,1.000000
0.080595,338.269100,3431.000000,1.000000
0.080595,337.886700,3432.000000,1.000000
0.080601,337.889900,3433.000000,1.000000
0.080627,338.149300,3434.000000,1.000000
0.080640,337.549700,3435.000000,1.000000
0.080640,337.649700,3436.000000,1.000000
0.080685,343.701400,3437.000000,1.000000
0.080691,337.780500,3438.000000,1.000000
0.080724,338.133500,3439.000000,1.000000
0.080801,339.625500,3440.000000,1.000000
0.080801,340.349000,3441.000000,1.000000
0.080807,348.734400,3442.000000,1.000000
0.080814,340.528400,3443.000000,1.000000
0.080820,345.099700,3444.000000,1.000000
0.080923,356.890700,3445.000000,1.000000
0.080930,347.984600,3446.000000,1.000000
0.080936,357.310200,3447.000000,1.000000
0.080936,357.284100,3448.000000,1.000000
0.080955,348.487400,3449.000000,1.000000
0.080973,518.945800,3450.000000,0.000000
0.081078,353.511700,3451.000000,1.000000
0.081123,353.430600,3452.000000,1.000000
0.081187,353.572100,3453.000000,1.000000
0.081187,353.673800,3454.000000,1.000000
0.081219,353.296300,3455.000000,1.000000
0.081251,350.534000,3456.000000,1.000000
0.081309,354.242000,3457.000000,1.000000
0.081309,351.238300,3458.000000,1.000000
0.081373,353.435500,3459.000000,1.000000
0.081412,349.938300,3460.000000,1.000000
0.081425,354.003700,3461.000000,1.000000
0.081450,353.405100,3462.000000,1.000000
0.081489,350.504700,3463.000000,1.000000
0.081495,352.703400,3464.000000,1.000000
0.081495,360.421600,3465.000000,0.000000
0.081521,349.434400,3466.000000,1.000000
0.081553,348.111300,3467.000000,1.000000
0.081572,349.249500,3468.000000,1.000000
0.081617,348.666000,3469.000000,1.000000
0.081643,348.934400,3470.000000,1.000000
0.081649,349.485700,3471.000000,1.000000
0.081662,349.300700,3472.000000,1.000000
0.081662,349.178100,3473.000000,1.000000
0.081681,349.434300,3474.000000,1.000000
0.081688,349.581500,3475.000000,1.000000
0.081720,345.431700,3476.000000,1.000000
0.081726,345.223800,3477.000000,1.000000
0.081745,345.320000,3478.000000,1.000000
0.081758,345.446100,3479.000000,1.000000
0.081765,345.238000,3480.000000,1.000000
0.081784,343.331900,3481.000000,1.000000
0.081790,345.239600,3482.000000,1.000000
0.081790,344.515700,3483.000000,1.000000
0.081816,343.150500,3484.000000,1.000000
0.081841,419.809500,3485.000000,0.000000
0.081854,342.763000,3486.000000,1.000000
0.081854,342.938600,3487.000000,1.000000
0.081880,342.595600,3488.000000,1.000000
0.081906,342.871100,3489.000000,1.000000
0.081951,342.947100,3490.000000,1.000000
0.081970,341.986900,3491.000000,1.000000
0.081995,354.389700,3492.000000,0.000000
0.082013,513.381000,3493.000000,0.000000
0.082072,337.381200,3494.000000,1.000000
0.082098,342.373500,3495.000000,1.000000
0.082117,335.555200,3496.000000,1.000000
0.082130,340.582000,3497.000000,1.000000
0.082136,337.698100,3498.000000,1.000000
0.082181,343.184000,3499.000000,1.000000
0.082188,334.337300,3500.000000,1.000000
0.082220,334.726400,3501.000000,1.000000
0.082233,334.585100,3502.000000,1.000000
0.082284,334.850800,3503.000000,1.000000
0.082284,340.538000,3504.000000,1.000000
0.082309,335.353600,3505.000000,1.000000
0.082348,332.985500,3506.000000,1.000000
0.082380,332.091600,3507.000000,1.000000
0.082406,332.150300,3508.000000,1.000000
0.082412,332.092800,3509.000000,1.000000
0.082425,332.036000,3510.000000,1.000000
0.082425,332.072100,3511.000000,1.000000
0.082431,331.947500,3512.000000,1.000000
0.082438,332.260500,3513.000000,1.000000
0.082450,332.274300,3514.000000,1.000000
0.082470,331.922500,3515.000000,1.000000
0.082521,336.044000,3516.000000,1.000000
0.082559,336.209400,3517.000000,1.000000
0.082566,327.901100,3518.000000,1.000000
0.082572,327.827500,3519.000000,1.000000
0.082572,327.811600,3520.000000,1.000000
0.082643,326.192900,3521.000000,1.000000
0.082714,318.979400,3522.000000,1.000000
0.082752,319.547600,3523.000000,1.000000
0.082789,499.157600,3524.000000,0.000000
0.082803,326.113700,3525.000000,1.000000
0.082835,354.658400,3526.000000,0.000000
0.082848,329.562600,3527.000000,1.000000
0.082880,328.628100,3528.000000,1.000000
0.082983,313.239300,3529.000000,1.000000
0.082996,312.741300,3530.000000,1.000000
0.082996,313.983600,3531.000000,1.000000
0.083035,314.010300,3532.000000,1.000000
0.083099,318.510500,3533.000000,1.000000
0.083105,324.858700,3534.000000,1.000000
0.083131,312.366600,3535.000000,1.000000
0.083176,312.210100,3536.000000,1.000000
0.083350,322.778000,3537.000000,1.000000
0.083401,325.598500,3538.000000,1.000000
0.083407,325.606400,3539.000000,1.000000
0.083407,325.735700,3540.000000,1.000000
0.083427,332.775500,3541.000000,1.000000
0.083440,327.336200,3542.000000,1.000000
0.083491,329.314200,3543.000000,1.000000
0.083491,313.212700,3544.000000,1.000000
0.083574,337.884900,3545.000000,1.000000
0.083587,334.687000,3546.000000,1.000000
0.083626,337.954200,3547.000000,1.000000
0.083697,338.521900,3548.000000,1.000000
0.083729,342.529700,3549.000000,1.000000
0.083755,342.746600,3550.000000,1.000000
0.083787,342.958600,3551.000000,1.000000
0.083806,342.993700,3552.000000,1.000000
0.083806,343.226000,3553.000000,1.000000
0.083838,342.587900,3554.000000,1.000000
0.083890,339.015100,3555.000000,1.000000
0.083903,334.645000,3556.000000,1.000000
0.083909,338.552100,3557.000000,1.000000
0.083915,339.256800,3558.000000,1.000000
0.083954,339.696000,3559.000000,1.000000
0.083973,340.134200,3560.000000,1.000000
0.083980,332.238000,3561.000000,1.000000
0.084005,333.757000,3562.000000,1.000000
0.084025,335.339900,3563.000000,1.000000
0.084044,332.408100,3564.000000,1.000000
0.084102,334.093800,3565.000000,1.000000
0.084141,325.594900,3566.000000,1.000000
0.084153,327.175700,3567.000000,1.000000
0.084160,324.315600,3568.000000,1.000000
0.084205,323.230900,3569.000000,1.000000
0.084366,317.214800,3570.000000,1.000000
0.084385,311.004300,3571.000000,1.000000
0.084417,308.926300,3572.000000,1.000000
0.084494,303.975800,3573.000000,1.000000
0.084495,277.217900,3574.000000,0.000000
0.084507,308.351000,3575.000000,1.000000
0.084546,304.527400,3576.000000,1.000000
0.084565,303.236600,3577.000000,1.000000
0.084640,474.832300,3578.000000,0.000000
0.084674,303.530700,3579.000000,1.000000
0.084687,303.438200,3580.000000,1.000000
0.084706,303.345200,3581.000000,1.000000
0.084790,303.175800,3582.000000,1.000000
0.084796,303.337600,3583.000000,1.000000
0.084809,304.089100,3584.000000,1.000000
0.084822,303.209200,3585.000000,1.000000
0.084899,306.645600,3586.000000,1.000000
0.084950,308.404900,3587.000000,1.000000
0.084957,308.841200,3588.000000,1.000000
0.084976,308.889400,3589.000000,1.000000
0.084989,308.871700,3590.000000,1.000000
0.084995,309.078200,3591.000000,1.000000
0.085002,306.574800,3592.000000,1.000000
0.085040,308.226500,3593.000000,1.000000
0.085073,307.090300,3594.000000,1.000000
0.085085,307.804200,3595.000000,1.000000
0.085130,314.570600,3596.000000,1.000000
0.085130,312.773900,3597.000000,1.000000
0.085240,316.175900,3598.000000,1.000000
0.085291,327.477200,3599.000000,1.000000
0.085304,317.047100,3600.000000,1.000000
0.085304,317.577600,3601.000000,1.000000
0.085310,318.864500,3602.000000,1.000000
0.085361,320.695600,3603.000000,1.000000
0.085381,318.616700,3604.000000,1.000000
0.085381,318.337100,3605.000000,1.000000
0.085406,318.648300,3606.000000,1.000000
0.085458,318.518600,3607.000000,1.000000
0.085471,318.660600,3608.000000,1.000000
0.085484,319.863900,3609.000000,1.000000
0.085503,315.736500,3610.000000,1.000000
0.085516,315.576900,3611.000000,1.000000
0.085676,320.379400,3612.000000,1.000000
0.085715,324.728100,3613.000000,1.000000
0.085734,321.157800,3614.000000,1.000000
0.085740,321.017600,3615.000000,1.000000
0.085779,321.357800,3616.000000,1.000000
0.085850,321.598400,3617.000000,1.000000
0.085856,330.553800,3618.000000,1.000000
0.085856,333.897900,3619.000000,1.000000
0.085862,321.266500,3620.000000,1.000000
0.085869,321.634600,3621.000000,1.000000
0.085875,311.926500,3622.000000,1.000000
0.085901,313.471400,3623.000000,1.000000
0.086010,317.866200,3624.000000,1.000000
0.086010,321.484700,3625.000000,1.000000
0.086023,325.933900,3626.000000,1.000000
0.086036,320.332100,3627.000000,1.000000
0.086055,321.498500,3628.000000,1.000000
0.086062,321.521200,3629.000000,1.000000
0.086126,321.433500,3630.000000,1.000000
0.086184,321.691500,3631.000000,1.000000
0.086229,321.897100,3632.000000,1.000000
0.086274,321.795300,3633.000000,1.000000
0.086312,322.413300,3634.000000,1.000000
0.086319,309.203700,3635.000000,1.000000
0.086351,305.925600,3636.000000,1.000000
0.086390,307.559100,3637.000000,1.000000
0.086403,305.831400,3638.000000,1.000000
0.086409,305.682900,3639.000000,1.000000
0.086422,305.703900,3640.000000,1.000000
0.086428,305.942600,3641.000000,1.000000
0.086435,305.669300,3642.000000,1.000000
0.086454,305.055200,3643.000000,1.000000
0.086480,306.587800,3644.000000,1.000000
0.086480,304.213700,3645.000000,1.000000
0.086480,271.538100,3646.000000,0.000000
0.086486,303.948300,3647.000000,1.000000
0.086493,306.359300,3648.000000,1.000000
0.086499,305.605500,3649.000000,1.000000
0.086499,304.117500,3650.000000,1.000000
0.086499,305.865100,3651.000000,1.000000
0.086504,414.403300,3652.000000,0.000000
0.086505,303.564500,3653.000000,1.000000
0.086518,305.643300,3654.000000,1.000000
0.086563,303.803600,3655.000000,1.000000
0.086596,307.845300,3656.000000,1.000000
0.086608,305.215800,3657.000000,1.000000
0.086615,305.467300,3658.000000,1.000000
0.086666,303.044800,3659.000000,1.000000
0.086666,305.137800,3660.000000,1.000000
0.086666,317.643500,3661.000000,1.000000
0.086679,317.920000,3662.000000,1.000000
0.086705,304.320000,3663.000000,1.000000
0.086716,478.007900,3664.000000,0.000000
0.086743,316.098100,3665.000000,1.000000
0.086756,308.282000,3666.000000,1.000000
0.086789,314.966100,3667.000000,1.000000
0.086853,304.027300,3668.000000,1.000000
0.086879,303.604800,3669.000000,1.000000
0.086885,303.813100,3670.000000,1.000000
0.086917,303.549000,3671.000000,1.000000
0.086917,306.622700,3672.000000,1.000000
0.086930,303.435400,3673.000000,1.000000
0.086930,304.940300,3674.000000,1.000000
0.086982,303.468200,3675.000000,1.000000
0.086988,303.608900,3676.000000,1.000000
0.087027,303.279900,3677.000000,1.000000
0.087046,306.848100,3678.000000,1.000000
0.087065,303.701800,3679.000000,1.000000
0.087188,306.769400,3680.000000,1.000000
0.087188,300.972400,3681.000000,1.000000
0.087194,305.224600,3682.000000,1.000000
0.087201,304.927400,3683.000000,1.000000
0.087214,306.615500,3684.000000,1.000000
0.087297,306.479400,3685.000000,1.000000
0.087329,304.385200,3686.000000,1.000000
0.087400,306.392600,3687.000000,1.000000
0.087407,304.554200,3688.000000,1.000000
0.087407,306.331600,3689.000000,1.000000
0.087477,306.389600,3690.000000,1.000000
0.087510,304.959400,3691.000000,1.000000
0.087574,308.911900,3692.000000,1.000000
0.087600,306.296600,3693.000000,1.000000
0.087600,311.166000,3694.000000,1.000000
0.087658,305.970000,3695.000000,1.000000
0.087703,308.529200,3696.000000,1.000000
0.087715,313.367600,3697.000000,1.000000
0.087754,317.303000,3698.000000,1.000000
0.087754,312.889800,3699.000000,1.000000
0.087767,314.276600,3700.000000,1.000000
0.087767,310.819500,3701.000000,1.000000
0.087799,316.178600,3702.000000,1.000000
0.087825,316.205600,3703.000000,1.000000
0.087863,321.759900,3704.000000,1.000000
0.087889,319.698400,3705.000000,1.000000
0.087947,324.428000,3706.000000,1.000000
0.087966,321.072200,3707.000000,1.000000
0.087972,324.579400,3708.000000,1.000000
0.087979,325.034200,3709.000000,1.000000
0.088022,499.206800,3710.000000,0.000000
0.088030,324.623600,3711.000000,1.000000
0.088037,325.389500,3712.000000,1.000000
0.088088,348.295900,3713.000000,1.000000
0.088139,344.162200,3714.000000,1.000000
0.088171,342.120200,3715.000000,1.000000
0.088191,327.864100,3716.000000,1.000000
0.088274,333.818900,3717.000000,1.000000
0.088313,337.972300,3718.000000,1.000000
0.088351,343.939100,3719.000000,1.000000
0.088371,343.078900,3720.000000,1.000000
0.088441,344.821200,3721.000000,1.000000
0.088467,345.992600,3722.000000,1.000000
0.088531,346.946700,3723.000000,1.000000
0.088557,346.375900,3724.000000,1.000000
0.088666,348.690500,3725.000000,1.000000
0.088666,348.858800,3726.000000,1.000000
0.088672,352.638000,3727.000000,1.000000
0.088685,348.488700,3728.000000,1.000000
0.088730,351.701700,3729.000000,1.000000
0.088788,346.398600,3730.000000,1.000000
0.088891,345.557500,3731.000000,1.000000
0.088897,345.997400,3732.000000,1.000000
0.088903,360.232100,3733.000000,0.000000
0.088929,345.471600,3734.000000,1.000000
0.088942,351.690000,3735.000000,1.000000
0.088942,348.866600,3736.000000,1.000000
0.088980,351.902000,3737.000000,1.000000
0.089012,352.018100,3738.000000,1.000000
0.089012,351.918900,3739.000000,1.000000
0.089032,352.021900,3740.000000,1.000000
0.089038,351.953200,3741.000000,1.000000
0.089064,351.876200,3742.000000,1.000000
0.089115,351.904300,3743.000000,1.000000
0.089134,347.279200,3744.000000,1.000000
0.089134,351.983900,3745.000000,1.000000
0.089186,347.962000,3746.000000,1.000000
0.089192,353.702300,3747.000000,1.000000
0.089205,348.703900,3748.000000,1.000000
0.089211,348.572100,3749.000000,1.000000
0.089224,347.855500,3750.000000,1.000000
0.089231,345.188000,3751.000000,1.000000
0.089295,343.604300,3752.000000,1.000000
0.089359,342.866800,3753.000000,1.000000
0.089372,342.914400,3754.000000,1.000000
0.089398,342.415000,3755.000000,1.000000
0.089430,342.145400,3756.000000,1.000000
0.089436,341.502700,3757.000000,1.000000
0.089443,340.587400,3758.000000,1.000000
0.089494,340.671300,3759.000000,1.000000
0.089582,501.719600,3760.000000,0.000000
0.089597,344.907800,3761.000000,1.000000
0.089597,340.428000,3762.000000,1.000000
0.089642,338.093900,3763.000000,1.000000
0.089699,340.697600,3764.000000,1.000000
0.089732,339.767000,3765.000000,1.000000
0.089744,339.605000,3766.000000,1.000000
0.089769,438.303000,3767.000000,0.000000
0.089783,338.706800,3768.000000,1.000000
0.089796,345.538300,3769.000000,1.000000
0.089796,345.153600,3770.000000,1.000000
0.089873,339.755400,3771.000000,1.000000
0.089943,339.556700,3772.000000,1.000000
0.090059,340.917600,3773.000000,1.000000
0.090072,340.727800,3774.000000,1.000000
0.090085,340.963600,3775.000000,1.000000
0.090097,341.083600,3776.000000,1.000000
0.090104,341.408500,3777.000000,1.000000
0.090110,341.773300,3778.000000,1.000000
0.090129,341.521200,3779.000000,1.000000
0.090136,343.240300,3780.000000,1.000000
0.090149,341.263500,3781.000000,1.000000
0.090200,341.842400,3782.000000,1.000000
0.090245,344.706600,3783.000000,1.000000
0.090251,344.255400,3784.000000,1.000000
0.090296,344.666500,3785.000000,1.000000
0.090303,344.645800,3786.000000,1.000000
0.090309,344.734500,3787.000000,1.000000
0.090309,344.505900,3788.000000,1.000000
0.090316,344.719400,3789.000000,1.000000
0.090354,344.440800,3790.000000,1.000000
0.090373,344.552500,3791.000000,1.000000
0.090380,344.615800,3792.000000,1.000000
0.090726,345.523300,3793.000000,1.000000
0.090732,345.615000,3794.000000,1.000000
0.090764,345.400100,3795.000000,1.000000
0.090771,345.686000,3796.000000,1.000000
0.090777,346.115300,3797.000000,1.000000
0.090790,345.880900,3798.000000,1.000000
0.090841,345.776900,3799.000000,1.000000
0.090867,346.118800,3800.000000,1.000000
0.090873,345.828100,3801.000000,1.000000
0.091027,345.970600,3802.000000,1.000000
0.091045,464.859200,3803.000000,0.000000
0.091130,347.118700,3804.000000,1.000000
0.091130,349.492900,3805.000000,1.000000
0.091143,349.099100,3806.000000,1.000000
0.091162,350.535800,3807.000000,1.000000
0.091162,349.677300,3808.000000,1.000000
0.091207,349.689200,3809.000000,1.000000
0.091220,349.866900,3810.000000,1.000000
0.091220,349.644100,3811.000000,1.000000
0.091226,349.827500,3812.000000,1.000000
0.091252,349.971500,3813.000000,1.000000
0.091265,350.619100,3814.000000,1.000000
0.091323,349.981800,3815.000000,1.000000
0.091412,350.687100,3816.000000,1.000000
0.091425,350.665700,3817.000000,1.000000
0.091445,350.713300,3818.000000,1.000000
0.091449,537.197800,3819.000000,0.000000
0.091457,350.786200,3820.000000,1.000000
0.091483,350.724100,3821.000000,1.000000
0.091496,350.769300,3822.000000,1.000000
0.091502,350.750200,3823.000000,1.000000
0.091509,351.026300,3824.000000,1.000000
0.091528,350.952900,3825.000000,1.000000
0.091618,349.291100,3826.000000,1.000000
0.091624,351.224200,3827.000000,1.000000
0.091631,351.170100,3828.000000,1.000000
0.091650,351.355900,3829.000000,1.000000
0.091650,352.179000,3830.000000,1.000000
0.091657,351.425800,3831.000000,1.000000
0.091702,351.384100,3832.000000,1.000000
0.091798,352.959300,3833.000000,1.000000
0.091824,355.619400,3834.000000,1.000000
0.091882,356.733700,3835.000000,1.000000
0.091895,355.163700,3836.000000,1.000000
0.091940,355.924100,3837.000000,1.000000
0.091972,356.267300,3838.000000,1.000000
0.091978,357.002700,3839.000000,1.000000
0.091985,356.603100,3840.000000,1.000000
0.092030,356.158900,3841.000000,1.000000
0.092043,356.698000,3842.000000,1.000000
0.092158,357.165900,3843.000000,1.000000
0.092158,359.876900,3844.000000,1.000000
0.092165,357.125200,3845.000000,1.000000
0.092171,358.107100,3846.000000,1.000000
0.092178,357.842300,3847.000000,1.000000
0.092216,369.105600,3848.000000,1.000000
0.092223,357.151200,3849.000000,1.000000
0.092229,360.151500,3850.000000,1.000000
0.092229,357.006700,3851.000000,1.000000
0.092294,360.332300,3852.000000,1.000000
0.092326,357.436600,3853.000000,1.000000
0.092364,357.167100,3854.000000,1.000000
0.092384,364.524100,3855.000000,1.000000
0.092390,357.275800,3856.000000,1.000000
0.092422,360.337400,3857.000000,1.000000
0.092429,357.599900,3858.000000,1.000000
0.092429,359.696100,3859.000000,1.000000
0.092525,366.903600,3860.000000,1.000000
0.092525,361.700100,3861.000000,1.000000
0.092544,367.035000,3862.000000,1.000000
0.092564,367.091200,3863.000000,1.000000
0.092577,367.156400,3864.000000,1.000000
0.092628,367.795900,3865.000000,1.000000
0.092634,370.095700,3866.000000,1.000000
0.092641,367.198100,3867.000000,1.000000
0.092660,369.698000,3868.000000,1.000000
0.092673,368.743600,3869.000000,1.000000
0.092686,368.451400,3870.000000,1.000000
0.092686,367.800400,3871.000000,1.000000
0.092724,368.279900,3872.000000,1.000000
0.092744,367.414300,3873.000000,1.000000
0.092757,368.627400,3874.000000,1.000000
0.092808,366.842100,3875.000000,1.000000
0.092814,368.453600,3876.000000,1.000000
0.092898,367.584100,3877.000000,1.000000
0.092905,367.400800,3878.000000,1.000000
0.092930,367.417400,3879.000000,1.000000
0.092943,366.931400,3880.000000,1.000000
0.092982,372.171800,3881.000000,1.000000
0.093046,368.714900,3882.000000,1.000000
0.093071,368.396600,3883.000000,1.000000
0.093078,372.692600,3884.000000,1.000000
0.093116,372.495700,3885.000000,1.000000
0.093123,372.909900,3886.000000,1.000000
0.093135,371.181300,3887.000000,1.000000
0.093142,372.988900,3888.000000,1.000000
0.093148,372.878900,3889.000000,1.000000
0.093168,372.482600,3890.000000,1.000000
0.093193,372.474600,3891.000000,1.000000
0.093212,373.611900,3892.000000,1.000000
0.093238,381.436200,3893.000000,1.000000
0.093244,373.628900,3894.000000,1.000000
0.093257,380.558100,3895.000000,1.000000
0.093270,379.301700,3896.000000,1.000000
0.093276,379.751200,3897.000000,1.000000
0.093360,383.261700,3898.000000,1.000000
0.093430,381.989600,3899.000000,1.000000
0.093469,392.211200,3900.000000,1.000000
0.093507,391.514600,3901.000000,1.000000
0.093507,392.333700,3902.000000,1.000000
0.093565,393.749500,3903.000000,1.000000
0.093565,392.622100,3904.000000,1.000000
0.093578,392.500600,3905.000000,1.000000
0.093603,392.496900,3906.000000,1.000000
0.093603,392.496600,3907.000000,1.000000
0.093610,394.904200,3908.000000,1.000000
0.093648,394.035600,3909.000000,1.000000
0.093712,396.320700,3910.000000,1.000000
0.093751,399.607700,3911.000000,1.000000
0.093796,399.723000,3912.000000,1.000000
0.093815,403.700500,3913.000000,1.000000
0.093866,400.855100,3914.000000,1.000000
0.093886,401.233200,3915.000000,1.000000
0.093918,401.777800,3916.000000,1.000000
0.093931,404.880900,3917.000000,1.000000
0.093950,402.876500,3918.000000,1.000000
0.094021,403.826200,3919.000000,1.000000
0.094020,406.476500,3920.000000,1.000000
0.094027,404.720300,3921.000000,1.000000
0.094027,406.110300,3922.000000,1.000000
0.094065,407.582400,3923.000000,1.000000
0.094085,407.600200,3924.000000,1.000000
0.094104,410.934900,3925.000000,1.000000
0.094110,407.275300,3926.000000,1.000000
0.094117,411.439400,3927.000000,1.000000
0.094143,407.047900,3928.000000,1.000000
0.094155,408.720600,3929.000000,1.000000
0.094181,407.996500,3930.000000,1.000000
0.094316,407.539400,3931.000000,1.000000
0.094323,410.510600,3932.000000,1.000000
0.094336,409.320300,3933.000000,1.000000
0.094432,410.654600,3934.000000,1.000000
0.094445,410.526800,3935.000000,1.000000
0.094458,410.212000,3936.000000,1.000000
0.094477,416.470400,3937.000000,1.000000
0.094516,413.311300,3938.000000,1.000000
0.094619,418.211100,3939.000000,1.000000
0.094664,419.485500,3940.000000,1.000000
0.094683,419.633500,3941.000000,1.000000
0.094683,420.038300,3942.000000,1.000000
0.094735,420.090400,3943.000000,1.000000
0.094741,419.694900,3944.000000,1.000000
0.094748,419.385300,3945.000000,1.000000
0.094774,420.518700,3946.000000,1.000000
0.094780,419.455300,3947.000000,1.000000
0.094806,420.435400,3948.000000,1.000000
0.094838,419.225000,3949.000000,1.000000
0.094902,419.416700,3950.000000,1.000000
0.094902,417.046200,3951.000000,1.000000
0.094922,415.364600,3952.000000,1.000000
0.094947,416.818500,3953.000000,1.000000
0.094954,417.663800,3954.000000,1.000000
0.094973,418.984700,3955.000000,1.000000
0.094993,417.701200,3956.000000,1.000000
0.095012,417.953200,3957.000000,1.000000
0.095063,414.880400,3958.000000,1.000000
0.095102,412.101400,3959.000000,1.000000
0.095121,411.011100,3960.000000,1.000000
0.095205,407.603500,3961.000000,1.000000
0.095205,408.991100,3962.000000,1.000000
0.095237,407.957400,3963.000000,1.000000
0.095244,402.293200,3964.000000,1.000000
0.095263,408.394900,3965.000000,1.000000
0.095295,401.371700,3966.000000,1.000000
0.095314,400.999100,3967.000000,1.000000
0.095321,401.349900,3968.000000,1.000000
0.095340,399.432800,3969.000000,1.000000
0.095398,399.656800,3970.000000,1.000000
0.095443,405.796500,3971.000000,1.000000
0.095481,408.620300,3972.000000,1.000000
0.095552,394.580000,3973.000000,1.000000
0.095648,389.814600,3974.000000,1.000000
0.095699,388.731000,3975.000000,1.000000
0.095738,387.593600,3976.000000,1.000000
0.095744,387.794300,3977.000000,1.000000
0.095744,387.471400,3978.000000,1.000000
0.095782,388.357900,3979.000000,1.000000
0.095782,392.418200,3980.000000,1.000000
0.095795,388.092400,3981.000000,1.000000
0.095814,389.022200,3982.000000,1.000000
0.095866,390.354200,3983.000000,1.000000
0.095898,389.136300,3984.000000,1.000000
0.095898,388.934500,3985.000000,1.000000
0.095898,389.026700,3986.000000,1.000000
0.095962,389.061600,3987.000000,1.000000
0.095994,388.464000,3988.000000,1.000000
0.096038,393.254000,3989.000000,1.000000
0.096045,389.139200,3990.000000,1.000000
0.096058,382.339400,3991.000000,1.000000
0.096115,382.972800,3992.000000,1.000000
0.096147,386.133800,3993.000000,1.000000
0.096160,383.015500,3994.000000,1.000000
0.096230,382.172200,3995.000000,1.000000
0.096275,382.213400,3996.000000,1.000000
0.096288,382.556300,3997.000000,1.000000
0.096352,376.419100,3998.000000,1.000000
0.096371,382.078900,3999.000000,1.000000
0.096378,376.011800,4000.000000,1.000000
0.096397,376.504800,4001.000000,1.000000
0.096487,371.327200,4002.000000,1.000000
0.096506,371.382400,4003.000000,1.000000
0.096532,371.359500,4004.000000,1.000000
0.096538,367.426300,4005.000000,1.000000
0.096570,368.121800,4006.000000,1.000000
0.096583,371.420300,4007.000000,1.000000
0.096628,371.236200,4008.000000,1.000000
0.096654,366.857800,4009.000000,1.000000
0.096666,379.146800,4010.000000,1.000000
0.096673,367.604300,4011.000000,1.000000
0.096743,362.375000,4012.000000,1.000000
0.096782,362.209400,4013.000000,1.000000
0.096788,362.265200,4014.000000,1.000000
0.096827,361.822500,4015.000000,1.000000
0.096866,361.853700,4016.000000,1.000000
0.096892,361.907400,4017.000000,1.000000
0.096956,356.406700,4018.000000,1.000000
0.096963,337.366600,4019.000000,0.000000
0.096969,356.486100,4020.000000,1.000000
0.096969,357.260700,4021.000000,1.000000
0.096982,356.547900,4022.000000,1.000000
0.096988,361.947000,4023.000000,1.000000
0.096988,356.413700,4024.000000,1.000000
0.097027,356.564500,4025.000000,1.000000
0.097072,357.422500,4026.000000,1.000000
0.097085,356.048800,4027.000000,1.000000
0.097085,363.608600,4028.000000,1.000000
0.097098,358.348800,4029.000000,1.000000
0.097104,355.393500,4030.000000,1.000000
0.097111,359.706000,4031.000000,1.000000
0.097156,355.625700,4032.000000,1.000000
0.097162,355.511100,4033.000000,1.000000
0.097195,355.561900,4034.000000,1.000000
0.097208,355.654200,4035.000000,1.000000
0.097214,355.542900,4036.000000,1.000000
0.097233,355.718800,4037.000000,1.000000
0.097246,351.950100,4038.000000,1.000000
0.097253,361.531300,4039.000000,1.000000
0.097259,353.826800,4040.000000,1.000000
0.097292,348.873700,4041.000000,1.000000
0.097305,349.670600,4042.000000,1.000000
0.097330,349.642500,4043.000000,1.000000
0.097337,349.681900,4044.000000,1.000000
0.097369,349.962800,4045.000000,1.000000
0.097388,349.770800,4046.000000,1.000000
0.097427,350.309900,4047.000000,1.000000
0.097427,345.860100,4048.000000,1.000000
0.097446,345.869100,4049.000000,1.000000
0.097485,345.997700,4050.000000,1.000000
0.097498,345.804400,4051.000000,1.000000
0.097517,345.811400,4052.000000,1.000000
0.097524,345.614600,4053.000000,1.000000
0.097524,345.865500,4054.000000,1.000000
0.097563,346.144200,4055.000000,1.000000
0.097563,345.923900,4056.000000,1.000000
0.097569,345.973500,4057.000000,1.000000
0.097582,345.985200,4058.000000,1.000000
0.097601,348.703600,4059.000000,1.000000
0.097608,338.856700,4060.000000,1.000000
0.097711,356.573300,4061.000000,1.000000
0.097743,339.839600,4062.000000,1.000000
0.097750,337.711100,4063.000000,1.000000
0.097808,338.653700,4064.000000,1.000000
0.097840,329.220900,4065.000000,1.000000
0.097936,328.281600,4066.000000,1.000000
0.097962,328.030900,4067.000000,1.000000
0.097988,327.981800,4068.000000,1.000000
0.097994,328.030100,4069.000000,1.000000
0.097994,327.806100,4070.000000,1.000000
0.098001,327.730700,4071.000000,1.000000
0.098014,327.914400,4072.000000,1.000000
0.098033,327.799700,4073.000000,1.000000
0.098078,342.129700,4074.000000,1.000000
0.098078,327.862100,4075.000000,1.000000
0.098084,341.674000,4076.000000,1.000000
0.098097,334.730200,4077.000000,1.000000
0.098136,329.506900,4078.000000,1.000000
0.098181,327.605300,4079.000000,1.000000
0.098193,339.410800,4080.000000,1.000000
0.098264,338.827200,4081.000000,1.000000
0.098302,337.839800,4082.000000,1.000000
0.098321,339.190400,4083.000000,1.000000
0.098353,346.268100,4084.000000,1.000000
0.098373,337.361200,4085.000000,1.000000
0.098462,352.812100,4086.000000,1.000000
0.098507,353.857100,4087.000000,1.000000
0.098513,353.592500,4088.000000,1.000000
0.098513,352.714800,4089.000000,1.000000
0.098526,349.819500,4090.000000,1.000000
0.098545,355.981000,4091.000000,1.000000
0.098571,350.237300,4092.000000,1.000000
0.098597,356.770700,4093.000000,1.000000
0.098622,354.394300,4094.000000,1.000000
0.098641,352.739200,4095.000000,1.000000
0.098654,352.182900,4096.000000,1.000000
0.098731,347.780100,4097.000000,1.000000
0.098750,346.239700,4098.000000,1.000000
0.098789,342.554200,4099.000000,1.000000
0.098840,338.439200,4100.000000,1.000000
0.098859,333.733600,4101.000000,1.000000
0.098866,338.606100,4102.000000,1.000000
0.098872,338.749400,4103.000000,1.000000
0.098878,340.499100,4104.000000,1.000000
0.098910,340.750400,4105.000000,1.000000
0.099013,336.445700,4106.000000,1.000000
0.099103,338.508300,4107.000000,1.000000
0.099135,330.358500,4108.000000,1.000000
0.099147,332.437100,4109.000000,1.000000
0.099160,331.071300,4110.000000,1.000000
0.099167,330.252500,4111.000000,1.000000
0.099218,325.000500,4112.000000,1.000000
0.099263,324.960000,4113.000000,1.000000
0.099269,329.026900,4114.000000,1.000000
0.099295,324.058300,4115.000000,1.000000
0.099366,323.854000,4116.000000,1.000000
0.099462,328.662900,4117.000000,1.000000
0.099501,330.751000,4118.000000,1.000000
0.099507,330.296400,4119.000000,1.000000
0.099520,341.786300,4120.000000,1.000000
0.099623,338.707600,4121.000000,1.000000
0.099681,336.142700,4122.000000,1.000000
0.099726,347.965100,4123.000000,1.000000
0.099777,350.726700,4124.000000,1.000000
0.099784,354.923200,4125.000000,1.000000
0.099797,355.388000,4126.000000,1.000000
0.099803,354.725000,4127.000000,1.000000
0.099810,345.135600,4128.000000,1.000000
0.099868,352.228600,4129.000000,1.000000
0.099893,353.329000,4130.000000,1.000000
0.099939,353.678200,4131.000000,1.000000
0.099939,357.272600,4132.000000,1.000000
0.099958,361.334000,4133.000000,1.000000
0.099984,362.188000,4134.000000,1.000000
0.100087,365.175000,4135.000000,1.000000
0.100087,366.782000,4136.000000,1.000000
0.100093,394.794400,4137.000000,0.000000
0.100100,365.467500,4138.000000,1.000000
0.100138,367.297400,4139.000000,1.000000
0.100164,365.552100,4140.000000,1.000000
0.100216,364.761400,4141.000000,1.000000
0.100216,365.747700,4142.000000,1.000000
0.100267,371.594600,4143.000000,1.000000
0.100280,370.329500,4144.000000,1.000000
0.100287,365.020800,4145.000000,1.000000
0.100293,364.927700,4146.000000,1.000000
0.100351,361.532000,4147.000000,1.000000
0.100390,362.368900,4148.000000,1.000000
0.100390,359.592500,4149.000000,1.000000
0.100416,362.447000,4150.000000,1.000000
0.100422,366.847100,4151.000000,1.000000
0.100448,364.050300,4152.000000,1.000000
0.100454,367.713300,4153.000000,1.000000
0.100461,364.806000,4154.000000,1.000000
0.100499,363.603900,4155.000000,1.000000
0.100511,460.457800,4156.000000,0.000000
0.100545,361.314000,4157.000000,1.000000
0.100545,365.838100,4158.000000,1.000000
0.100557,367.834000,4159.000000,1.000000
0.100590,367.242500,4160.000000,1.000000
0.100596,367.135300,4161.000000,1.000000
0.100635,367.055800,4162.000000,1.000000
0.100673,370.966100,4163.000000,1.000000
0.100680,373.144200,4164.000000,1.000000
0.100680,347.807200,4165.000000,0.000000
0.100750,376.451800,4166.000000,1.000000
0.100776,376.228100,4167.000000,1.000000
0.100776,376.737500,4168.000000,1.000000
0.100795,376.426500,4169.000000,1.000000
0.100808,380.374700,4170.000000,1.000000
0.100840,376.779100,4171.000000,1.000000
0.100872,381.648200,4172.000000,1.000000
0.100930,381.524500,4173.000000,1.000000
0.100949,384.576600,4174.000000,1.000000
0.101065,395.481700,4175.000000,1.000000
0.101097,395.737500,4176.000000,1.000000
0.101097,360.438400,4177.000000,0.000000
0.101098,343.937300,4178.000000,0.000000
0.101123,388.286100,4179.000000,1.000000
0.101193,388.222800,4180.000000,1.000000
0.101219,390.738000,4181.000000,1.000000
0.101232,393.550700,4182.000000,1.000000
0.101238,392.053500,4183.000000,1.000000
0.101251,391.592400,4184.000000,1.000000
0.101258,391.726200,4185.000000,1.000000
0.101264,391.689000,4186.000000,1.000000
0.101296,391.936600,4187.000000,1.000000
0.101315,392.305500,4188.000000,1.000000
0.101341,392.775000,4189.000000,1.000000
0.101450,396.620300,4190.000000,1.000000
0.101469,392.714900,4191.000000,1.000000
0.101488,392.749400,4192.000000,1.000000
0.101501,392.853400,4193.000000,1.000000
0.101565,393.288500,4194.000000,1.000000
0.101591,390.609600,4195.000000,1.000000
0.101642,391.123000,4196.000000,1.000000
0.101649,390.304500,4197.000000,1.000000
0.101662,390.409900,4198.000000,1.000000
0.101668,390.461900,4199.000000,1.000000
0.101687,396.851800,4200.000000,1.000000
0.101694,390.999800,4201.000000,1.000000
0.101700,390.961400,4202.000000,1.000000
0.101713,397.421800,4203.000000,1.000000
0.101719,395.700700,4204.000000,1.000000
0.101751,396.715900,4205.000000,1.000000
0.101751,385.908000,4206.000000,1.000000
0.101752,354.946900,4207.000000,0.000000
0.101777,384.791300,4208.000000,1.000000
0.101860,385.556000,4209.000000,1.000000
0.101873,386.402600,4210.000000,1.000000
0.101912,383.909000,4211.000000,1.000000
0.101937,383.577700,4212.000000,1.000000
0.101937,384.452900,4213.000000,1.000000
0.101963,386.718500,4214.000000,1.000000
0.101995,384.460800,4215.000000,1.000000
0.102008,384.953100,4216.000000,1.000000
0.102040,384.472200,4217.000000,1.000000
0.102046,403.822700,4218.000000,1.000000
0.102046,388.007400,4219.000000,1.000000
0.102046,387.195100,4220.000000,1.000000
0.102110,397.036800,4221.000000,1.000000
0.102200,395.962000,4222.000000,1.000000
0.102207,395.727500,4223.000000,1.000000
0.102207,395.688000,4224.000000,1.000000
0.102207,398.735700,4225.000000,1.000000
0.102251,395.594000,4226.000000,1.000000
0.102284,395.391400,4227.000000,1.000000
0.102290,395.448800,4228.000000,1.000000
0.102322,395.373300,4229.000000,1.000000
0.102352,582.795500,4230.000000,0.000000
0.102361,394.616500,4231.000000,1.000000
0.102393,396.165300,4232.000000,1.000000
0.102425,396.127600,4233.000000,1.000000
0.102450,399.002700,4234.000000,1.000000
0.102547,397.062900,4235.000000,1.000000
0.102547,396.640900,4236.000000,1.000000
0.102579,396.485400,4237.000000,1.000000
0.102611,396.549000,4238.000000,1.000000
0.102662,394.690700,4239.000000,1.000000
0.102662,396.930700,4240.000000,1.000000
0.102707,394.226500,4241.000000,1.000000
0.102752,394.300400,4242.000000,1.000000
0.102816,391.923000,4243.000000,1.000000
0.102842,391.644500,4244.000000,1.000000
0.102841,393.093500,4245.000000,1.000000
0.102854,393.167000,4246.000000,1.000000
0.102861,398.481300,4247.000000,1.000000
0.102874,391.222400,4248.000000,1.000000
0.102886,391.065300,4249.000000,1.000000
0.102906,390.897500,4250.000000,1.000000
0.102912,391.032200,4251.000000,1.000000
0.102912,391.131100,4252.000000,1.000000
0.102938,391.142200,4253.000000,1.000000
0.102938,390.872100,4254.000000,1.000000
0.102944,391.390700,4255.000000,1.000000
0.102957,391.582900,4256.000000,1.000000
0.102983,391.062400,4257.000000,1.000000
0.103002,390.566400,4258.000000,1.000000
0.103034,387.266900,4259.000000,1.000000
0.103034,391.285900,4260.000000,1.000000
0.103066,387.237000,4261.000000,1.000000
0.103085,384.827300,4262.000000,1.000000
0.103085,391.590300,4263.000000,1.000000
0.103092,385.865200,4264.000000,1.000000
0.103104,385.799400,4265.000000,1.000000
0.103104,384.713700,4266.000000,1.000000
0.103117,385.817200,4267.000000,1.000000
0.103117,385.621500,4268.000000,1.000000
0.103117,387.004500,4269.000000,1.000000
0.103124,385.832800,4270.000000,1.000000
0.103130,385.385700,4271.000000,1.000000
0.103168,387.148500,4272.000000,1.000000
0.103175,380.034200,4273.000000,1.000000
0.103175,382.499100,4274.000000,1.000000
0.103239,380.385000,4275.000000,1.000000
0.103386,380.311800,4276.000000,1.000000
0.103399,380.510800,4277.000000,1.000000
0.103405,380.620200,4278.000000,1.000000
0.103418,380.423500,4279.000000,1.000000
0.103425,380.354200,4280.000000,1.000000
0.103431,383.661700,4281.000000,1.000000
0.103482,380.668100,4282.000000,1.000000
0.103520,381.211300,4283.000000,1.000000
0.103545,489.104600,4284.000000,0.000000
0.103559,381.066200,4285.000000,1.000000
0.103559,383.603800,4286.000000,1.000000
0.103591,383.959100,4287.000000,1.000000
0.103604,383.679100,4288.000000,1.000000
0.103610,383.988600,4289.000000,1.000000
0.103687,388.107500,4290.000000,1.000000
0.103687,388.648200,4291.000000,1.000000
0.103700,388.436900,4292.000000,1.000000
0.103712,388.195700,4293.000000,1.000000
0.103744,391.769600,4294.000000,1.000000
0.103770,395.335100,4295.000000,1.000000
0.103770,394.703100,4296.000000,1.000000
0.103815,395.466800,4297.000000,1.000000
0.103821,395.393100,4298.000000,1.000000
0.103821,396.286900,4299.000000,1.000000
0.103828,395.404900,4300.000000,1.000000
0.103834,398.871200,4301.000000,1.000000
0.103866,395.415900,4302.000000,1.000000
0.103885,395.768500,4303.000000,1.000000
0.103930,405.343700,4304.000000,1.000000
0.103950,393.392900,4305.000000,1.000000
0.104001,403.797600,4306.000000,1.000000
0.104039,403.434900,4307.000000,1.000000
0.104078,404.275700,4308.000000,1.000000
0.104135,411.358900,4309.000000,1.000000
0.104187,412.595700,4310.000000,1.000000
0.104232,412.196700,4311.000000,1.000000
0.104264,416.097300,4312.000000,1.000000
0.104322,416.436500,4313.000000,1.000000
0.104347,418.641600,4314.000000,1.000000
0.104347,419.474800,4315.000000,1.000000
0.104354,419.439100,4316.000000,1.000000
0.104360,418.964900,4317.000000,1.000000
0.104360,419.349300,4318.000000,1.000000
0.104360,418.243700,4319.000000,1.000000
0.104437,418.519100,4320.000000,1.000000
0.104437,418.926400,4321.000000,1.000000
0.104456,419.044300,4322.000000,1.000000
0.104469,420.958200,4323.000000,1.000000
0.104476,418.424200,4324.000000,1.000000
0.104476,416.164200,4325.000000,1.000000
0.104489,419.054800,4326.000000,1.000000
0.104566,415.606100,4327.000000,1.000000
0.104573,415.757100,4328.000000,1.000000
0.104598,418.091200,4329.000000,1.000000
0.104598,415.855800,4330.000000,1.000000
0.104624,414.391200,4331.000000,1.000000
0.104637,412.542900,4332.000000,1.000000
0.104643,415.269700,4333.000000,1.000000
0.104656,412.640200,4334.000000,1.000000
0.104663,412.375000,4335.000000,1.000000
0.104676,414.422100,4336.000000,1.000000
0.104682,412.601700,4337.000000,1.000000
0.104779,405.208800,4338.000000,1.000000
0.104798,418.250600,4339.000000,1.000000
0.104805,405.421400,4340.000000,1.000000
0.104818,405.185400,4341.000000,1.000000
0.104889,408.396400,4342.000000,1.000000
0.104940,405.872100,4343.000000,1.000000
0.104947,406.202000,4344.000000,1.000000
0.104986,406.157200,4345.000000,1.000000
0.105108,409.378200,4346.000000,1.000000
0.105128,407.673900,4347.000000,1.000000
0.105134,408.510100,4348.000000,1.000000
0.105134,409.712400,4349.000000,1.000000
0.105147,408.115600,4350.000000,1.000000
0.105153,408.044200,4351.000000,1.000000
0.105160,408.114900,4352.000000,1.000000
0.105173,408.073300,4353.000000,1.000000
0.105192,408.153700,4354.000000,1.000000
0.105199,408.946400,4355.000000,1.000000
0.105205,408.178800,4356.000000,1.000000
0.105212,407.923500,4357.000000,1.000000
0.105231,408.191800,4358.000000,1.000000
0.105270,406.044400,4359.000000,1.000000
0.105276,414.260100,4360.000000,1.000000
0.105289,418.594800,4361.000000,1.000000
0.105315,408.639800,4362.000000,1.000000
0.105328,408.272900,4363.000000,1.000000
0.105341,408.118900,4364.000000,1.000000
0.105386,407.519300,4365.000000,1.000000
0.105386,410.322000,4366.000000,1.000000
0.105399,408.111300,4367.000000,1.000000
0.105470,407.596400,4368.000000,1.000000
0.105489,407.912000,4369.000000,1.000000
0.105521,407.722400,4370.000000,1.000000
0.105566,413.811600,4371.000000,1.000000
0.105579,410.125500,4372.000000,1.000000
0.105592,408.007100,4373.000000,1.000000
0.105611,420.994500,4374.000000,1.000000
0.105644,409.982700,4375.000000,1.000000
0.105650,410.621700,4376.000000,1.000000
0.105656,417.833900,4377.000000,1.000000
0.105656,423.791000,4378.000000,1.000000
0.105656,413.650800,4379.000000,1.000000
0.105657,357.659000,4380.000000,0.000000
0.105714,416.697800,4381.000000,1.000000
0.105753,418.034600,4382.000000,1.000000
0.105817,421.165500,4383.000000,1.000000
0.105882,426.880300,4384.000000,1.000000
0.105914,433.248600,4385.000000,1.000000
0.105927,434.274600,4386.000000,1.000000
0.105927,431.602900,4387.000000,1.000000
0.105939,431.294400,4388.000000,1.000000
0.105946,430.544200,4389.000000,1.000000
0.105971,436.495500,4390.000000,1.000000
0.105978,421.759100,4391.000000,1.000000
0.106004,435.194100,4392.000000,1.000000
0.106132,440.532600,4393.000000,1.000000
0.106222,443.182100,4394.000000,1.000000
0.106260,443.273800,4395.000000,1.000000
0.106273,443.256300,4396.000000,1.000000
0.106273,443.272600,4397.000000,1.000000
0.106305,443.505600,4398.000000,1.000000
0.106414,444.729700,4399.000000,1.000000
0.106440,444.731300,4400.000000,1.000000
0.106440,442.606800,4401.000000,1.000000
0.106478,446.635600,4402.000000,1.000000
0.106478,446.221400,4403.000000,1.000000
0.106491,446.678200,4404.000000,1.000000
0.106521,587.793700,4405.000000,0.000000
0.106581,446.066300,4406.000000,1.000000
0.106600,443.971300,4407.000000,1.000000
0.106626,429.454300,4408.000000,1.000000
0.106651,445.052500,4409.000000,1.000000
0.106709,439.615600,4410.000000,1.000000
0.106728,444.523500,4411.000000,1.000000
0.106728,439.097300,4412.000000,1.000000
0.106734,438.934100,4413.000000,1.000000
0.106734,439.236300,4414.000000,1.000000
0.106760,439.127200,4415.000000,1.000000
0.106786,434.421700,4416.000000,1.000000
0.106798,438.747300,4417.000000,1.000000
0.106818,438.082100,4418.000000,1.000000
0.106863,426.964300,4419.000000,1.000000
0.106895,436.383800,4420.000000,1.000000
0.106895,423.931200,4421.000000,1.000000
0.106901,427.116100,4422.000000,1.000000
0.106927,432.021700,4423.000000,1.000000
0.106965,427.321700,4424.000000,1.000000
0.106971,428.198200,4425.000000,1.000000
0.106991,424.502100,4426.000000,1.000000
0.107004,425.038600,4427.000000,1.000000
0.107023,422.167000,4428.000000,1.000000
0.107029,424.685800,4429.000000,1.000000
0.107035,426.078600,4430.000000,1.000000
0.107036,423.984800,4431.000000,1.000000
0.107042,426.917000,4432.000000,1.000000
0.107132,421.626800,4433.000000,1.000000
0.107132,423.663900,4434.000000,1.000000
0.107151,424.850800,4435.000000,1.000000
0.107151,423.148600,4436.000000,1.000000
0.107177,425.851400,4437.000000,1.000000
0.107189,426.360100,4438.000000,1.000000
0.107241,426.680600,4439.000000,1.000000
0.107260,429.775500,4440.000000,1.000000
0.107273,428.585600,4441.000000,1.000000
0.107273,435.760100,4442.000000,1.000000
0.107317,436.154800,4443.000000,1.000000
0.107337,431.866000,4444.000000,1.000000
0.107401,439.959400,4445.000000,1.000000
0.107458,443.453900,4446.000000,1.000000
0.107459,442.481500,4447.000000,1.000000
0.107465,441.598200,4448.000000,1.000000
0.107465,439.241800,4449.000000,1.000000
0.107484,444.873400,4450.000000,1.000000
0.107523,450.540100,4451.000000,1.000000
0.107561,448.132800,4452.000000,1.000000
0.107600,453.128700,4453.000000,1.000000
0.107600,451.338900,4454.000000,1.000000
0.107632,453.799700,4455.000000,1.000000
0.107664,452.565800,4456.000000,1.000000
0.107702,457.522200,4457.000000,1.000000
0.107709,456.829900,4458.000000,1.000000
0.107715,452.689500,4459.000000,1.000000
0.107721,456.930700,4460.000000,1.000000
0.107754,455.974000,4461.000000,1.000000
0.107766,456.311600,4462.000000,1.000000
0.107798,457.136300,4463.000000,1.000000
0.107811,457.084000,4464.000000,1.000000
0.107863,455.015700,4465.000000,1.000000
0.107901,456.099200,4466.000000,1.000000
0.107908,453.717800,4467.000000,1.000000
0.107933,455.753700,4468.000000,1.000000
0.107940,451.522100,4469.000000,1.000000
0.107953,451.754500,4470.000000,1.000000
0.107978,453.790500,4471.000000,1.000000
0.107991,453.684800,4472.000000,1.000000
0.108042,450.687600,4473.000000,1.000000
0.108113,453.993400,4474.000000,1.000000
0.108119,453.679600,4475.000000,1.000000
0.108158,453.070500,4476.000000,1.000000
0.108171,452.947000,4477.000000,1.000000
0.108319,443.289900,4478.000000,1.000000
0.108319,446.492200,4479.000000,1.000000
0.108370,445.050600,4480.000000,1.000000
0.108383,444.048600,4481.000000,1.000000
0.108389,443.043200,4482.000000,1.000000
0.108409,443.063900,4483.000000,1.000000
0.108415,442.915700,4484.000000,1.000000
0.108441,442.994400,4485.000000,1.000000
0.108441,447.285000,4486.000000,1.000000
0.108454,443.081100,4487.000000,1.000000
0.108460,451.190000,4488.000000,1.000000
0.108473,447.590100,4489.000000,1.000000
0.108486,442.833700,4490.000000,1.000000
0.108524,443.484900,4491.000000,1.000000
0.108531,443.421700,4492.000000,1.000000
0.108556,443.538100,4493.000000,1.000000
0.108576,443.572400,4494.000000,1.000000
0.108589,439.927300,4495.000000,1.000000
0.108601,443.544600,4496.000000,1.000000
0.108633,443.284300,4497.000000,1.000000
0.108646,452.496000,4498.000000,1.000000
0.108653,439.027800,4499.000000,1.000000
0.108685,445.965300,4500.000000,1.000000
0.108711,444.547000,4501.000000,1.000000
0.108717,444.880800,4502.000000,1.000000
0.108723,442.781800,4503.000000,1.000000
0.108736,444.740200,4504.000000,1.000000
0.108756,448.910200,4505.000000,1.000000
0.108813,446.831700,4506.000000,1.000000
0.108813,451.762000,4507.000000,1.000000
0.108826,448.275100,4508.000000,1.000000
0.108839,452.029200,4509.000000,1.000000
0.108878,449.783100,4510.000000,1.000000
0.108884,449.190900,4511.000000,1.000000
0.108903,448.362200,4512.000000,1.000000
0.108929,451.494100,4513.000000,1.000000
0.108955,450.407200,4514.000000,1.000000
0.108961,449.184600,4515.000000,1.000000
0.108968,449.042400,4516.000000,1.000000
0.108974,447.244400,4517.000000,1.000000
0.108993,449.197900,4518.000000,1.000000
0.108993,447.175800,4519.000000,1.000000
0.109000,446.825500,4520.000000,1.000000
0.109038,447.635400,4521.000000,1.000000
0.109051,440.633900,4522.000000,1.000000
0.109109,448.457900,4523.000000,1.000000
0.109212,461.149800,4524.000000,1.000000
0.109231,455.982900,4525.000000,1.000000
0.109249,636.310800,4526.000000,0.000000
0.109257,459.825900,4527.000000,1.000000
0.109276,460.566700,4528.000000,1.000000
0.109295,457.078800,4529.000000,1.000000
0.109360,461.780100,4530.000000,1.000000
0.109372,463.712100,4531.000000,1.000000
0.109392,463.288900,4532.000000,1.000000
0.109405,463.494100,4533.000000,1.000000
0.109411,463.774900,4534.000000,1.000000
0.109411,464.111100,4535.000000,1.000000
0.109449,466.892600,4536.000000,1.000000
0.109501,469.998200,4537.000000,1.000000
0.109507,469.443800,4538.000000,1.000000
0.109636,476.528000,4539.000000,1.000000
0.109655,473.578800,4540.000000,1.000000
0.109662,473.430500,4541.000000,1.000000
0.109827,605.022200,4542.000000,0.000000
0.109854,482.261600,4543.000000,1.000000
0.109899,488.227600,4544.000000,1.000000
0.109899,481.769000,4545.000000,1.000000
0.109912,486.636700,4546.000000,1.000000
0.110015,494.295300,4547.000000,1.000000
0.110028,496.755200,4548.000000,1.000000
0.110066,501.587400,4549.000000,1.000000
0.110079,493.255700,4550.000000,1.000000
0.110098,502.841800,4551.000000,1.000000
0.110105,504.608700,4552.000000,1.000000
0.110118,505.040800,4553.000000,1.000000
0.110131,498.172000,4554.000000,1.000000
0.110130,505.665200,4555.000000,1.000000
0.110156,503.290200,4556.000000,1.000000
0.110291,502.072400,4557.000000,1.000000
0.110298,503.172900,4558.000000,1.000000
0.110323,501.928000,4559.000000,1.000000
0.110343,501.175400,4560.000000,1.000000
0.110368,502.774900,4561.000000,1.000000
0.110368,500.918000,4562.000000,1.000000
0.110394,503.193100,4563.000000,1.000000
0.110413,501.886400,4564.000000,1.000000
0.110497,503.303600,4565.000000,1.000000
0.110503,501.454400,4566.000000,1.000000
0.110516,503.070800,4567.000000,1.000000
0.110574,496.109800,4568.000000,1.000000
0.110587,499.586700,4569.000000,1.000000
0.110600,502.875800,4570.000000,1.000000
0.110645,497.118700,4571.000000,1.000000
0.110658,499.681700,4572.000000,1.000000
0.110670,498.727100,4573.000000,1.000000
0.110703,501.981400,4574.000000,1.000000
0.110715,502.760300,4575.000000,1.000000
0.110722,504.807600,4576.000000,1.000000
0.110741,499.791000,4577.000000,1.000000
0.110747,505.425600,4578.000000,1.000000
0.110754,500.964900,4579.000000,1.000000
0.110754,499.776900,4580.000000,1.000000
0.110760,499.769200,4581.000000,1.000000
0.110780,497.313300,4582.000000,1.000000
0.110812,504.975400,4583.000000,1.000000
0.110812,500.869800,4584.000000,1.000000
0.110857,498.874400,4585.000000,1.000000
0.110895,499.273800,4586.000000,1.000000
0.110902,498.500200,4587.000000,1.000000
0.110947,497.855000,4588.000000,1.000000
0.111005,498.263700,4589.000000,1.000000
0.111005,497.748900,4590.000000,1.000000
0.111095,496.479700,4591.000000,1.000000
0.111107,496.058300,4592.000000,1.000000
0.111127,495.488800,4593.000000,1.000000
0.111172,497.653600,4594.000000,1.000000
0.111191,497.701800,4595.000000,1.000000
0.111191,495.395800,4596.000000,1.000000
0.111204,494.541600,4597.000000,1.000000
0.111230,493.968100,4598.000000,1.000000
0.111249,493.257300,4599.000000,1.000000
0.111345,488.964800,4600.000000,1.000000
0.111371,488.426200,4601.000000,1.000000
0.111410,487.649400,4602.000000,1.000000
0.111474,489.999400,4603.000000,1.000000
0.111506,484.954400,4604.000000,1.000000
0.111512,485.942700,4605.000000,1.000000
0.111525,479.786200,4606.000000,1.000000
0.111557,480.930500,4607.000000,1.000000
0.111590,475.820500,4608.000000,1.000000
0.111609,476.043400,4609.000000,1.000000
0.111615,477.192100,4610.000000,1.000000
0.111692,480.125200,4611.000000,1.000000
0.111699,473.254000,4612.000000,1.000000
0.111731,469.815900,4613.000000,1.000000
0.111737,469.253600,4614.000000,1.000000
0.111737,471.625800,4615.000000,1.000000
0.111769,512.278500,4616.000000,0.000000
0.111770,468.843400,4617.000000,1.000000
0.111770,473.387600,4618.000000,1.000000
0.111776,467.767900,4619.000000,1.000000
0.111782,470.355900,4620.000000,1.000000
0.111840,449.419900,4621.000000,1.000000
0.111879,465.667700,4622.000000,1.000000
0.111905,460.238000,4623.000000,1.000000
0.111943,461.487400,4624.000000,1.000000
0.112001,457.699500,4625.000000,1.000000
0.112001,457.942900,4626.000000,1.000000
0.112020,458.285600,4627.000000,1.000000
0.112027,452.239800,4628.000000,1.000000
0.112046,451.713600,4629.000000,1.000000
0.112052,447.840800,4630.000000,1.000000
0.112065,445.217700,4631.000000,1.000000
0.112078,454.528800,4632.000000,1.000000
0.112117,446.618800,4633.000000,1.000000
0.112123,450.462200,4634.000000,1.000000
0.112149,451.952000,4635.000000,1.000000
0.112187,451.994800,4636.000000,1.000000
0.112213,450.205100,4637.000000,1.000000
0.112239,450.487700,4638.000000,1.000000
0.112271,446.634600,4639.000000,1.000000
0.112271,452.091400,4640.000000,1.000000
0.112277,444.620100,4641.000000,1.000000
0.112361,444.517400,4642.000000,1.000000
0.112367,451.825600,4643.000000,1.000000
0.112374,446.415800,4644.000000,1.000000
0.112374,437.448900,4645.000000,1.000000
0.112380,442.462900,4646.000000,1.000000
0.112380,435.686400,4647.000000,1.000000
0.112399,442.759700,4648.000000,1.000000
0.112444,447.755800,4649.000000,1.000000
0.112463,450.713000,4650.000000,1.000000
0.112547,437.356500,4651.000000,1.000000
0.112630,441.679400,4652.000000,1.000000
0.112637,433.107300,4653.000000,1.000000
0.112643,446.541700,4654.000000,1.000000
0.112663,434.649000,4655.000000,1.000000
0.112701,435.651900,4656.000000,1.000000
0.112720,435.798500,4657.000000,1.000000
0.112778,447.404900,4658.000000,1.000000
0.112797,445.767600,4659.000000,1.000000
0.112817,449.001900,4660.000000,1.000000
0.112887,492.286200,4661.000000,0.000000
0.112894,455.002100,4662.000000,1.000000
0.112900,451.187500,4663.000000,1.000000
0.112945,458.449700,4664.000000,1.000000
0.112945,453.492900,4665.000000,1.000000
0.112971,451.534000,4666.000000,1.000000
0.112996,456.575000,4667.000000,1.000000
0.113009,457.305600,4668.000000,1.000000
0.113041,458.809600,4669.000000,1.000000
0.113054,456.791700,4670.000000,1.000000
0.113061,455.091900,4671.000000,1.000000
0.113112,453.719000,4672.000000,1.000000
0.113112,457.416700,4673.000000,1.000000
0.113118,456.859800,4674.000000,1.000000
0.113163,453.673100,4675.000000,1.000000
0.113176,454.622600,4676.000000,1.000000
0.113202,452.142200,4677.000000,1.000000
0.113208,453.271700,4678.000000,1.000000
0.113279,450.121500,4679.000000,1.000000
0.113279,451.033100,4680.000000,1.000000
0.113298,447.575100,4681.000000,1.000000
0.113363,460.201400,4682.000000,1.000000
0.113369,457.130200,4683.000000,1.000000
0.113369,454.703000,4684.000000,1.000000
0.113369,451.521100,4685.000000,1.000000
0.113382,448.924300,4686.000000,1.000000
0.113453,451.871400,4687.000000,1.000000
0.113459,464.900000,4688.000000,1.000000
0.113530,460.546600,4689.000000,1.000000
0.113536,457.347400,4690.000000,1.000000
0.113601,452.340900,4691.000000,1.000000
0.113723,451.851000,4692.000000,1.000000
0.113742,449.653400,4693.000000,1.000000
0.113761,449.430500,4694.000000,1.000000
0.113781,464.601000,4695.000000,1.000000
0.113794,449.838400,4696.000000,1.000000
0.113794,449.350000,4697.000000,1.000000
0.113806,449.276800,4698.000000,1.000000
0.113845,450.042000,4699.000000,1.000000
0.113890,449.890400,4700.000000,1.000000
0.113922,464.589300,4701.000000,1.000000
0.113922,450.010300,4702.000000,1.000000
0.113935,453.152000,4703.000000,1.000000
0.113941,450.127900,4704.000000,1.000000
0.113961,451.582700,4705.000000,1.000000
0.113961,449.892400,4706.000000,1.000000
0.113967,455.256700,4707.000000,1.000000
0.113974,453.683900,4708.000000,1.000000
0.113974,461.941700,4709.000000,1.000000
0.113986,450.942000,4710.000000,1.000000
0.114006,460.579900,4711.000000,1.000000
0.114031,460.454600,4712.000000,1.000000
0.114083,463.618200,4713.000000,1.000000
0.114089,464.271500,4714.000000,1.000000
0.114109,464.140100,4715.000000,1.000000
0.114121,460.300600,4716.000000,1.000000
0.114141,469.234500,4717.000000,1.000000
0.114198,471.209900,4718.000000,1.000000
0.114223,544.087900,4719.000000,0.000000
0.114231,473.759400,4720.000000,1.000000
0.114250,466.091500,4721.000000,1.000000
0.114345,612.457000,4722.000000,0.000000
0.114359,470.935400,4723.000000,1.000000
0.114366,471.644600,4724.000000,1.000000
0.114390,591.188100,4725.000000,0.000000
0.114443,474.156700,4726.000000,1.000000
0.114488,474.533100,4727.000000,1.000000
0.114494,474.330500,4728.000000,1.000000
0.114494,474.614500,4729.000000,1.000000
0.114507,478.560800,4730.000000,1.000000
0.114507,478.666800,4731.000000,1.000000
0.114507,451.305800,4732.000000,0.000000
0.114520,476.735700,4733.000000,1.000000
0.114552,474.836500,4734.000000,1.000000
0.114655,477.439100,4735.000000,1.000000
0.114668,478.476600,4736.000000,1.000000
0.114674,477.673600,4737.000000,1.000000
0.114680,478.315600,4738.000000,1.000000
0.114796,482.086100,4739.000000,1.000000
0.114822,482.071100,4740.000000,1.000000
0.114828,482.320400,4741.000000,1.000000
0.114834,482.163500,4742.000000,1.000000
0.114860,487.882800,4743.000000,1.000000
0.114905,483.759100,4744.000000,1.000000
0.114911,482.042700,4745.000000,1.000000
0.115057,695.146600,4746.000000,0.000000
0.115104,492.932200,4747.000000,1.000000
0.115110,491.025700,4748.000000,1.000000
0.115129,495.023900,4749.000000,1.000000
0.115193,495.463300,4750.000000,1.000000
0.115219,495.615700,4751.000000,1.000000
0.115225,496.020700,4752.000000,1.000000
0.115232,496.093900,4753.000000,1.000000
0.115238,495.931100,4754.000000,1.000000
0.115245,495.968400,4755.000000,1.000000
0.115245,496.462200,4756.000000,1.000000
0.115296,496.539200,4757.000000,1.000000
0.115296,499.418100,4758.000000,1.000000
0.115302,495.414700,4759.000000,1.000000
0.115302,499.072100,4760.000000,1.000000
0.115379,501.897300,4761.000000,1.000000
0.115444,501.476400,4762.000000,1.000000
0.115489,502.108600,4763.000000,1.000000
0.115514,504.478300,4764.000000,1.000000
0.115572,505.156300,4765.000000,1.000000
0.115578,504.263400,4766.000000,1.000000
0.115591,506.082600,4767.000000,1.000000
0.115604,507.658400,4768.000000,1.000000
0.115643,520.156300,4769.000000,1.000000
0.115649,507.211500,4770.000000,1.000000
0.115668,514.488100,4771.000000,1.000000
0.115681,509.832900,4772.000000,1.000000
0.115688,510.193200,4773.000000,1.000000
0.115778,522.316200,4774.000000,1.000000
0.115790,521.084900,4775.000000,1.000000
0.115797,513.766500,4776.000000,1.000000
0.115803,531.908000,4777.000000,1.000000
0.115810,520.581900,4778.000000,1.000000
0.115810,524.658800,4779.000000,1.000000
0.115842,525.640900,4780.000000,1.000000
0.115880,528.550400,4781.000000,1.000000
0.115887,531.610100,4782.000000,1.000000
0.115932,534.166400,4783.000000,1.000000
0.115958,532.586400,4784.000000,1.000000
0.115964,524.160300,4785.000000,1.000000
0.115977,524.233600,4786.000000,1.000000
0.116015,529.247900,4787.000000,1.000000
0.116015,530.424000,4788.000000,1.000000
0.116015,532.288500,4789.000000,1.000000
0.116054,532.610700,4790.000000,1.000000
0.116054,531.762600,4791.000000,1.000000
0.116080,527.200800,4792.000000,1.000000
0.116125,523.699200,4793.000000,1.000000
0.116125,523.408300,4794.000000,1.000000
0.116132,530.872100,4795.000000,1.000000
0.116151,531.201900,4796.000000,1.000000
0.116190,522.792400,4797.000000,1.000000
0.116222,509.864500,4798.000000,1.000000
0.116229,512.989900,4799.000000,1.000000
0.116248,514.666300,4800.000000,1.000000
0.116287,517.810000,4801.000000,1.000000
0.116319,518.696400,4802.000000,1.000000
0.116377,515.150700,4803.000000,1.000000
0.116377,513.586500,4804.000000,1.000000
0.116403,514.302800,4805.000000,1.000000
0.116403,514.938600,4806.000000,1.000000
0.116403,511.135400,4807.000000,1.000000
0.116422,516.728600,4808.000000,1.000000
0.116461,514.110200,4809.000000,1.000000
0.116481,518.353300,4810.000000,1.000000
0.116481,511.734200,4811.000000,1.000000
0.116494,509.364600,4812.000000,1.000000
0.116571,509.041500,4813.000000,1.000000
0.116616,507.664600,4814.000000,1.000000
0.116636,510.252600,4815.000000,1.000000
0.116687,575.703100,4816.000000,0.000000
0.116694,510.866800,4817.000000,1.000000
0.116707,510.803600,4818.000000,1.000000
0.116720,516.757000,4819.000000,1.000000
0.116765,512.820100,4820.000000,1.000000
0.116836,525.406700,4821.000000,0.000000
0.116836,513.334600,4822.000000,1.000000
0.116887,511.984400,4823.000000,1.000000
0.116990,511.530500,4824.000000,1.000000
0.117030,420.840900,4825.000000,0.000000
0.117042,509.000000,4826.000000,1.000000
0.117055,500.814200,4827.000000,1.000000
0.117074,507.827100,4828.000000,1.000000
0.117081,509.988200,4829.000000,1.000000
0.117087,503.367800,4830.000000,1.000000
0.117138,505.052600,4831.000000,1.000000
0.117158,501.122100,4832.000000,1.000000
0.117158,501.279800,4833.000000,1.000000
0.117216,503.293700,4834.000000,1.000000
0.117254,497.528500,4835.000000,1.000000
0.117254,498.672700,4836.000000,1.000000
0.117280,495.038000,4837.000000,1.000000
0.117293,493.534500,4838.000000,1.000000
0.117306,489.176500,4839.000000,1.000000
0.117338,491.776600,4840.000000,1.000000
0.117357,490.016500,4841.000000,1.000000
0.117383,492.053700,4842.000000,1.000000
0.117389,488.774000,4843.000000,1.000000
0.117408,487.310800,4844.000000,1.000000
0.117453,486.748400,4845.000000,1.000000
0.117459,484.710800,4846.000000,1.000000
0.117485,488.042000,4847.000000,1.000000
0.117498,484.153400,4848.000000,1.000000
0.117498,486.475600,4849.000000,1.000000
0.117504,485.121100,4850.000000,1.000000
0.117581,481.744800,4851.000000,1.000000
0.117638,481.503500,4852.000000,1.000000
0.117734,486.495300,4853.000000,1.000000
0.117772,482.763900,4854.000000,1.000000
0.117835,597.117100,4855.000000,0.000000
0.117855,485.168300,4856.000000,1.000000
0.117881,484.562500,4857.000000,1.000000
0.117925,482.135200,4858.000000,1.000000
0.117951,484.539000,4859.000000,1.000000
0.117964,484.841700,4860.000000,1.000000
0.117964,487.589900,4861.000000,1.000000
0.117964,489.787800,4862.000000,1.000000
0.117983,486.420200,4863.000000,1.000000
0.118002,486.657200,4864.000000,1.000000
0.118040,485.163800,4865.000000,1.000000
0.118066,483.572000,4866.000000,1.000000
0.118104,484.995300,4867.000000,1.000000
0.118123,479.490300,4868.000000,1.000000
0.118149,483.548400,4869.000000,1.000000
0.118219,476.497800,4870.000000,1.000000
0.118232,476.852600,4871.000000,1.000000
0.118264,472.237500,4872.000000,1.000000
0.118379,470.921900,4873.000000,1.000000
0.118411,468.364400,4874.000000,1.000000
0.118417,467.439700,4875.000000,1.000000
0.118430,470.255200,4876.000000,1.000000
0.118551,466.237000,4877.000000,1.000000
0.118558,464.580600,4878.000000,1.000000
0.118628,462.609600,4879.000000,1.000000
0.118628,461.543900,4880.000000,1.000000
0.118659,594.001100,4881.000000,0.000000
0.118680,462.250500,4882.000000,1.000000
0.118725,460.167300,4883.000000,1.000000
0.118774,674.287500,4884.000000,0.000000
0.118821,455.143500,4885.000000,1.000000
0.118828,456.664800,4886.000000,1.000000
0.118847,452.352600,4887.000000,1.000000
0.118873,451.655600,4888.000000,1.000000
0.118905,451.391800,4889.000000,1.000000
0.119021,444.016400,4890.000000,1.000000
0.119046,444.768500,4891.000000,1.000000
0.119098,430.708300,4892.000000,1.000000
0.119111,441.436600,4893.000000,1.000000
0.119169,430.793600,4894.000000,1.000000
0.119182,431.355900,4895.000000,1.000000
0.119195,430.667600,4896.000000,1.000000
0.119214,430.517300,4897.000000,1.000000
0.119214,429.878500,4898.000000,1.000000
0.119246,429.790300,4899.000000,1.000000
0.119259,431.248100,4900.000000,1.000000
0.119356,427.694200,4901.000000,1.000000
0.119382,423.901900,4902.000000,1.000000
0.119440,436.022500,4903.000000,1.000000
0.119459,424.784000,4904.000000,1.000000
0.119459,423.781300,4905.000000,1.000000
0.119517,424.867800,4906.000000,1.000000
0.119537,424.326700,4907.000000,1.000000
0.119575,431.716400,4908.000000,1.000000
0.119627,438.726500,4909.000000,1.000000
0.119685,438.724000,4910.000000,1.000000
0.119704,438.420000,4911.000000,1.000000
0.119775,443.850600,4912.000000,1.000000
0.119794,443.822000,4913.000000,1.000000
0.119981,471.226900,4914.000000,1.000000
0.120058,478.951700,4915.000000,1.000000
0.120070,482.089700,4916.000000,1.000000
0.120103,476.360200,4917.000000,1.000000
0.120147,482.811000,4918.000000,1.000000
0.120269,494.694200,4919.000000,1.000000
0.120289,497.582900,4920.000000,1.000000
0.120340,505.047700,4921.000000,1.000000
0.120353,501.888100,4922.000000,1.000000
0.120359,501.512300,4923.000000,1.000000
0.120398,508.450500,4924.000000,1.000000
0.120430,510.478500,4925.000000,1.000000
0.120513,514.812300,4926.000000,1.000000
0.120558,518.868100,4927.000000,1.000000
0.120648,521.016800,4928.000000,1.000000
0.120699,525.346200,4929.000000,1.000000
0.120802,527.559400,4930.000000,1.000000
0.120808,528.580900,4931.000000,1.000000
0.120814,529.843800,4932.000000,1.000000
0.120840,529.255100,4933.000000,1.000000
0.120840,529.343100,4934.000000,1.000000
0.120879,529.707000,4935.000000,1.000000
0.120885,528.841000,4936.000000,1.000000
0.120936,531.649400,4937.000000,1.000000
0.120943,531.239700,4938.000000,1.000000
0.120943,531.446300,4939.000000,1.000000
0.120956,530.968600,4940.000000,1.000000
0.121045,533.426300,4941.000000,1.000000
0.121078,533.483400,4942.000000,1.000000
0.121084,535.247300,4943.000000,1.000000
0.121103,533.666900,4944.000000,1.000000
0.121135,533.346300,4945.000000,1.000000
0.121154,533.425800,4946.000000,1.000000
0.121154,535.511500,4947.000000,1.000000
0.121187,533.381300,4948.000000,1.000000
0.121251,532.043600,4949.000000,1.000000
0.121251,533.066700,4950.000000,1.000000
0.121251,533.164300,4951.000000,1.000000
0.121257,532.724300,4952.000000,1.000000
0.121289,532.920700,4953.000000,1.000000
0.121315,531.989600,4954.000000,1.000000
0.121347,531.646300,4955.000000,1.000000
0.121367,529.027900,4956.000000,1.000000
0.121372,620.189600,4957.000000,0.000000
0.121373,529.921800,4958.000000,1.000000
0.121431,528.427000,4959.000000,1.000000
0.121527,526.803700,4960.000000,1.000000
0.121534,526.659400,4961.000000,1.000000
0.121540,524.994400,4962.000000,1.000000
0.121547,525.633100,4963.000000,1.000000
0.121547,526.152500,4964.000000,1.000000
0.121559,527.090800,4965.000000,1.000000
0.121579,523.423000,4966.000000,1.000000
0.121650,524.028300,4967.000000,1.000000
0.121675,523.289900,4968.000000,1.000000
0.121791,517.022400,4969.000000,1.000000
0.121810,513.641000,4970.000000,1.000000
0.121868,513.781400,4971.000000,1.000000
0.121907,512.799000,4972.000000,1.000000
0.121913,514.567200,4973.000000,1.000000
0.121970,655.179000,4974.000000,0.000000
0.121978,465.184100,4975.000000,0.000000
0.122016,510.652000,4976.000000,1.000000
0.122048,508.851100,4977.000000,1.000000
0.122074,503.213400,4978.000000,1.000000
0.122080,506.192000,4979.000000,1.000000
0.122106,500.713100,4980.000000,1.000000
0.122119,503.042800,4981.000000,1.000000
0.122145,501.098800,4982.000000,1.000000
0.122151,502.184300,4983.000000,1.000000
0.122164,500.495800,4984.000000,1.000000
0.122164,499.974000,4985.000000,1.000000
0.122228,496.908700,4986.000000,1.000000
0.122241,546.352500,4987.000000,0.000000
0.122260,496.022900,4988.000000,1.000000
0.122267,495.463500,4989.000000,1.000000
0.122267,496.679800,4990.000000,1.000000
0.122299,494.557300,4991.000000,1.000000
0.122316,674.205900,4992.000000,0.000000
0.122325,491.012000,4993.000000,1.000000
0.122350,492.955100,4994.000000,1.000000
0.122370,490.379700,4995.000000,1.000000
0.122389,491.582700,4996.000000,1.000000
0.122460,485.906800,4997.000000,1.000000
0.122460,486.879500,4998.000000,1.000000
0.122472,485.603100,4999.000000,1.000000
0.122562,481.878700,5000.000000,1.000000
0.122665,478.896800,5001.000000,1.000000
0.122723,474.102800,5002.000000,1.000000
0.122787,474.445600,5003.000000,1.000000
0.122800,471.114700,5004.000000,1.000000
0.122857,475.023700,5005.000000,1.000000
0.122870,468.333400,5006.000000,1.000000
0.122915,464.742900,5007.000000,1.000000
0.123005,460.407600,5008.000000,1.000000
0.123043,455.662600,5009.000000,1.000000
0.123043,456.141700,5010.000000,1.000000
0.123159,460.944200,5011.000000,1.000000
0.123178,455.797300,5012.000000,1.000000
0.123197,459.760100,5013.000000,1.000000
0.123204,458.203200,5014.000000,1.000000
0.123255,452.325000,5015.000000,1.000000
0.123281,457.497300,5016.000000,1.000000
0.123313,452.070200,5017.000000,1.000000
0.123377,446.738400,5018.000000,1.000000
0.123435,446.647300,5019.000000,1.000000
0.123512,446.259000,5020.000000,1.000000
0.123525,442.865700,5021.000000,1.000000
0.123525,440.771500,5022.000000,1.000000
0.123596,441.920300,5023.000000,1.000000
0.123609,441.801200,5024.000000,1.000000
0.123634,440.407800,5025.000000,1.000000
0.123673,440.170900,5026.000000,1.000000
0.123686,439.929200,5027.000000,1.000000
0.123731,440.283800,5028.000000,1.000000
0.123744,439.934600,5029.000000,1.000000
0.123750,440.352700,5030.000000,1.000000
0.123763,434.145800,5031.000000,1.000000
0.123763,440.552300,5032.000000,1.000000
0.123821,438.083600,5033.000000,1.000000
0.123834,440.783100,5034.000000,1.000000
0.123840,438.007200,5035.000000,1.000000
0.123847,437.698500,5036.000000,1.000000
0.123853,437.944900,5037.000000,1.000000
0.123860,438.014500,5038.000000,1.000000
0.123872,441.607900,5039.000000,1.000000
0.123917,441.925800,5040.000000,1.000000
0.123924,440.826700,5041.000000,1.000000
0.123950,441.719500,5042.000000,1.000000
0.123956,437.699600,5043.000000,1.000000
0.123963,437.801300,5044.000000,1.000000
0.123976,358.092300,5045.000000,0.000000
0.124008,438.004300,5046.000000,1.000000
0.124021,435.574300,5047.000000,1.000000
0.124053,430.798400,5048.000000,1.000000
0.124079,429.913100,5049.000000,1.000000
0.124085,430.509900,5050.000000,1.000000
0.124092,430.955600,5051.000000,1.000000
0.124098,430.758800,5052.000000,1.000000
0.124105,430.695700,5053.000000,1.000000
0.124111,430.530900,5054.000000,1.000000
0.124111,430.301800,5055.000000,1.000000
0.124175,432.691300,5056.000000,1.000000
0.124195,429.819400,5057.000000,1.000000
0.124272,429.710400,5058.000000,1.000000
0.124285,429.910100,5059.000000,1.000000
0.124285,432.036300,5060.000000,1.000000
0.124337,423.855400,5061.000000,1.000000
0.124387,499.346000,5062.000000,0.000000
0.124401,423.965900,5063.000000,1.000000
0.124524,424.222400,5064.000000,1.000000
0.124574,511.709100,5065.000000,0.000000
0.124575,424.990300,5066.000000,1.000000
0.124581,424.295100,5067.000000,1.000000
0.124588,423.401700,5068.000000,1.000000
0.124652,421.594400,5069.000000,1.000000
0.124659,421.412000,5070.000000,1.000000
0.124691,421.781400,5071.000000,1.000000
0.124691,421.482000,5072.000000,1.000000
0.124704,421.341000,5073.000000,1.000000
0.124742,423.936700,5074.000000,1.000000
0.124742,421.744200,5075.000000,1.000000
0.124781,419.258100,5076.000000,1.000000
0.124787,421.582900,5077.000000,1.000000
0.124805,544.792800,5078.000000,0.000000
0.124820,419.642700,5079.000000,1.000000
0.124839,417.840700,5080.000000,1.000000
0.124877,418.476800,5081.000000,1.000000
0.124916,417.537800,5082.000000,1.000000
0.124955,417.873000,5083.000000,1.000000
0.124967,417.793400,5084.000000,1.000000
0.125006,417.671200,5085.000000,1.000000
0.125038,417.294400,5086.000000,1.000000
0.125039,383.197100,5087.000000,0.000000
0.125051,417.279400,5088.000000,1.000000
0.125064,417.457600,5089.000000,1.000000
0.125109,417.382700,5090.000000,1.000000
0.125109,417.088900,5091.000000,1.000000
0.125141,417.213400,5092.000000,1.000000
0.125160,417.430500,5093.000000,1.000000
0.125161,294.896300,5094.000000,0.000000
0.125184,600.395000,5095.000000,0.000000
0.125230,412.728900,5096.000000,1.000000
0.125237,412.738800,5097.000000,1.000000
0.125295,412.508400,5098.000000,1.000000
0.125314,412.482800,5099.000000,1.000000
0.125320,412.737500,5100.000000,1.000000
0.125365,412.663800,5101.000000,1.000000
0.125371,402.846800,5102.000000,1.000000
0.125371,412.376000,5103.000000,1.000000
0.125378,412.156900,5104.000000,1.000000
0.125442,412.062600,5105.000000,1.000000
0.125647,403.637100,5106.000000,1.000000
0.125653,414.739300,5107.000000,1.000000
0.125685,412.814900,5108.000000,1.000000
0.125717,407.601900,5109.000000,1.000000
0.125800,410.604800,5110.000000,1.000000
0.125800,402.865700,5111.000000,1.000000
0.125858,399.652400,5112.000000,1.000000
0.125877,407.124200,5113.000000,1.000000
0.125973,399.154100,5114.000000,1.000000
0.126063,398.978000,5115.000000,1.000000
0.126107,398.940700,5116.000000,1.000000
0.126112,538.390000,5117.000000,0.000000
0.126114,398.711400,5118.000000,1.000000
0.126139,399.139900,5119.000000,1.000000
0.126146,398.812300,5120.000000,1.000000
0.126152,395.056800,5121.000000,1.000000
0.126152,398.482700,5122.000000,1.000000
0.126178,407.360100,5123.000000,1.000000
0.126184,398.605900,5124.000000,1.000000
0.126236,401.246300,5125.000000,1.000000
0.126268,400.178900,5126.000000,1.000000
0.126293,399.763500,5127.000000,1.000000
0.126319,401.515000,5128.000000,1.000000
0.126345,401.032200,5129.000000,1.000000
0.126345,398.870100,5130.000000,1.000000
0.126370,403.060500,5131.000000,1.000000
0.126396,402.252900,5132.000000,1.000000
0.126422,401.817100,5133.000000,1.000000
0.126467,403.026000,5134.000000,1.000000
0.126634,402.405500,5135.000000,1.000000
0.126653,397.441500,5136.000000,1.000000
0.126788,397.175600,5137.000000,1.000000
0.126827,400.352800,5138.000000,1.000000
0.126904,396.447800,5139.000000,1.000000
0.126911,394.347800,5140.000000,1.000000
0.126923,397.140000,5141.000000,1.000000
0.126923,394.807100,5142.000000,1.000000
0.126930,393.754200,5143.000000,1.000000
0.126936,393.684200,5144.000000,1.000000
0.127026,393.669500,5145.000000,1.000000
0.127059,389.301400,5146.000000,1.000000
0.127097,393.936800,5147.000000,1.000000
0.127104,393.362300,5148.000000,1.000000
0.127149,392.243900,5149.000000,1.000000
0.127194,386.731300,5150.000000,1.000000
0.127252,396.464500,5151.000000,1.000000
0.127284,387.846300,5152.000000,1.000000
0.127284,386.730000,5153.000000,1.000000
0.127458,385.342800,5154.000000,1.000000
0.127471,385.352500,5155.000000,1.000000
0.127490,385.353100,5156.000000,1.000000
0.127509,387.686600,5157.000000,1.000000
0.127561,383.966400,5158.000000,1.000000
0.127587,383.750100,5159.000000,1.000000
0.127728,388.882000,5160.000000,1.000000
0.127741,383.880000,5161.000000,1.000000
0.127772,522.758400,5162.000000,0.000000
0.127786,384.259100,5163.000000,1.000000
0.127882,384.246000,5164.000000,1.000000
0.127889,384.231000,5165.000000,1.000000
0.127908,384.272700,5166.000000,1.000000
0.127985,382.634000,5167.000000,1.000000
0.128023,382.760100,5168.000000,1.000000
0.128036,382.910600,5169.000000,1.000000
0.128036,382.893000,5170.000000,1.000000
0.128043,383.309100,5171.000000,1.000000
0.128043,382.822300,5172.000000,1.000000
0.128081,382.951900,5173.000000,1.000000
0.128100,383.126800,5174.000000,1.000000
0.128120,382.868500,5175.000000,1.000000
0.128133,383.448700,5176.000000,1.000000
0.128133,383.208900,5177.000000,1.000000
0.128152,384.425500,5178.000000,1.000000
0.128370,380.690700,5179.000000,1.000000
0.128421,382.653300,5180.000000,1.000000
0.128460,384.924200,5181.000000,1.000000
0.128505,382.503100,5182.000000,1.000000
0.128588,377.863800,5183.000000,1.000000
0.128608,378.619700,5184.000000,1.000000
0.128620,378.526700,5185.000000,1.000000
0.128627,379.342300,5186.000000,1.000000
0.128691,378.360600,5187.000000,1.000000
0.128691,378.512800,5188.000000,1.000000
0.128723,378.115300,5189.000000,1.000000
0.128723,378.210400,5190.000000,1.000000
0.128736,378.281300,5191.000000,1.000000
0.128749,378.235600,5192.000000,1.000000
0.128755,378.307800,5193.000000,1.000000
0.128826,377.331500,5194.000000,1.000000
0.128858,378.193900,5195.000000,1.000000
0.128903,376.914500,5196.000000,1.000000
0.128916,378.663200,5197.000000,1.000000
0.128941,375.665500,5198.000000,1.000000
0.128993,375.897500,5199.000000,1.000000
0.129025,375.179000,5200.000000,1.000000
0.129070,374.869200,5201.000000,1.000000
0.129096,375.242400,5202.000000,1.000000
0.129179,373.278200,5203.000000,1.000000
0.129179,377.635100,5204.000000,1.000000
0.129192,373.573500,5205.000000,1.000000
0.129250,373.126400,5206.000000,1.000000
0.129321,372.988900,5207.000000,1.000000
0.129366,372.999700,5208.000000,1.000000
0.129398,373.438200,5209.000000,1.000000
0.129436,374.628700,5210.000000,1.000000
0.129443,374.574900,5211.000000,1.000000
0.129443,374.401900,5212.000000,1.000000
0.129468,374.088100,5213.000000,1.000000
0.129488,373.048100,5214.000000,1.000000
0.129488,374.535800,5215.000000,1.000000
0.129494,374.482300,5216.000000,1.000000
0.129501,369.513500,5217.000000,1.000000
0.129533,369.887700,5218.000000,1.000000
0.129539,369.793600,5219.000000,1.000000
0.129604,372.848600,5220.000000,1.000000
0.129655,369.450900,5221.000000,1.000000
0.129661,370.836100,5222.000000,1.000000
0.129687,370.726200,5223.000000,1.000000
0.129706,370.756200,5224.000000,1.000000
0.129726,369.613700,5225.000000,1.000000
0.129771,370.700000,5226.000000,1.000000
0.129816,371.261300,5227.000000,1.000000
0.129854,370.946700,5228.000000,1.000000
0.129925,365.714100,5229.000000,1.000000
0.130118,365.914000,5230.000000,1.000000
0.130170,369.937400,5231.000000,1.000000
0.130176,373.283600,5232.000000,1.000000
0.130183,363.842700,5233.000000,1.000000
0.130215,363.832800,5234.000000,1.000000
0.130221,374.076200,5235.000000,1.000000
0.130298,363.964500,5236.000000,1.000000
0.130337,373.399300,5237.000000,1.000000
0.130376,365.558700,5238.000000,1.000000
0.130395,373.986500,5239.000000,1.000000
0.130408,360.942100,5240.000000,1.000000
0.130421,362.256300,5241.000000,1.000000
0.130440,361.018100,5242.000000,1.000000
0.130466,362.487600,5243.000000,1.000000
0.130492,360.458300,5244.000000,1.000000
0.130588,360.161200,5245.000000,1.000000
0.130614,360.119900,5246.000000,1.000000
0.130620,358.281900,5247.000000,1.000000
0.130652,360.538100,5248.000000,1.000000
0.130672,360.766600,5249.000000,1.000000
0.130723,360.498100,5250.000000,1.000000
0.130742,360.322100,5251.000000,1.000000
0.130755,360.381600,5252.000000,1.000000
0.130768,360.345500,5253.000000,1.000000
0.130775,360.030800,5254.000000,1.000000
0.130781,360.346000,5255.000000,1.000000
0.130820,360.171200,5256.000000,1.000000
0.130852,363.944400,5257.000000,1.000000
0.130929,357.529600,5258.000000,1.000000
0.130935,360.282700,5259.000000,1.000000
0.130942,359.387100,5260.000000,1.000000
0.131012,359.384200,5261.000000,1.000000
0.131038,366.208500,5262.000000,1.000000
0.131051,357.810200,5263.000000,1.000000
0.131057,357.542900,5264.000000,1.000000
0.131192,356.243200,5265.000000,1.000000
0.131243,356.730200,5266.000000,1.000000
0.131244,329.380000,5267.000000,0.000000
0.131263,355.642500,5268.000000,1.000000
0.131269,357.984900,5269.000000,1.000000
0.131269,356.806600,5270.000000,1.000000
0.131295,356.014200,5271.000000,1.000000
0.131301,356.253400,5272.000000,1.000000
0.131301,356.707500,5273.000000,1.000000
0.131314,357.569800,5274.000000,1.000000
0.131327,355.660400,5275.000000,1.000000
0.131333,356.410300,5276.000000,1.000000
0.131333,356.589700,5277.000000,1.000000
0.131335,214.322400,5278.000000,0.000000
0.131365,356.197500,5279.000000,1.000000
0.131372,356.253100,5280.000000,1.000000
0.131378,356.223600,5281.000000,1.000000
0.131397,356.270500,5282.000000,1.000000
0.131404,356.014000,5283.000000,1.000000
0.131423,353.647000,5284.000000,1.000000
0.131462,353.453600,5285.000000,1.000000
0.131494,356.424100,5286.000000,1.000000
0.131494,353.673600,5287.000000,1.000000
0.131500,353.416800,5288.000000,1.000000
0.131513,353.343600,5289.000000,1.000000
0.131539,353.234300,5290.000000,1.000000
0.131564,353.185300,5291.000000,1.000000
0.131571,353.302000,5292.000000,1.000000
0.131571,320.759200,5293.000000,0.000000
0.131679,352.966400,5294.000000,1.000000
0.131833,354.927400,5295.000000,1.000000
0.131846,352.989900,5296.000000,1.000000
0.131891,353.269700,5297.000000,1.000000
0.131916,354.774000,5298.000000,1.000000
0.132012,363.168500,5299.000000,1.000000
0.132070,354.531700,5300.000000,1.000000
0.132115,354.493800,5301.000000,1.000000
0.132147,354.356500,5302.000000,1.000000
0.132153,355.601900,5303.000000,1.000000
0.132160,354.332100,5304.000000,1.000000
0.132172,354.352100,5305.000000,1.000000
0.132281,358.069500,5306.000000,1.000000
0.132281,353.468400,5307.000000,1.000000
0.132288,352.551000,5308.000000,1.000000
0.132320,352.579000,5309.000000,1.000000
0.132326,352.655500,5310.000000,1.000000
0.132365,351.766900,5311.000000,1.000000
0.132371,353.372000,5312.000000,1.000000
0.132390,362.996900,5313.000000,1.000000
0.132403,374.978100,5314.000000,0.000000
0.132493,357.250600,5315.000000,1.000000
0.132525,360.611600,5316.000000,1.000000
0.132564,351.579900,5317.000000,1.000000
0.132602,351.544900,5318.000000,1.000000
0.132621,351.629400,5319.000000,1.000000
0.132641,351.545300,5320.000000,1.000000
0.132641,353.105400,5321.000000,1.000000
0.132718,352.838100,5322.000000,1.000000
0.132724,354.745000,5323.000000,1.000000
0.132911,354.197700,5324.000000,1.000000
0.132918,352.886900,5325.000000,1.000000
0.132963,352.289100,5326.000000,1.000000
0.132995,349.107400,5327.000000,1.000000
0.133014,352.279300,5328.000000,1.000000
0.133021,349.418600,5329.000000,1.000000
0.133034,349.006600,5330.000000,1.000000
0.133143,348.490300,5331.000000,1.000000
0.133156,348.484000,5332.000000,1.000000
0.133189,348.572000,5333.000000,1.000000
0.133221,349.376200,5334.000000,1.000000
0.133298,348.541600,5335.000000,1.000000
0.133337,347.972600,5336.000000,1.000000
0.133382,347.032700,5337.000000,1.000000
0.133389,346.971900,5338.000000,1.000000
0.133395,347.116200,5339.000000,1.000000
0.133408,350.893400,5340.000000,1.000000
0.133447,347.176000,5341.000000,1.000000
0.133466,351.474700,5342.000000,1.000000
0.133531,346.967500,5343.000000,1.000000
0.133544,349.721500,5344.000000,1.000000
0.133557,347.512100,5345.000000,1.000000
0.133576,347.495800,5346.000000,1.000000
0.133589,346.574300,5347.000000,1.000000
0.133595,346.844000,5348.000000,1.000000
0.133595,347.179600,5349.000000,1.000000
0.133628,346.853300,5350.000000,1.000000
0.133628,346.808600,5351.000000,1.000000
0.133660,346.572300,5352.000000,1.000000
0.133711,346.358900,5353.000000,1.000000
0.133718,346.577600,5354.000000,1.000000
0.133757,348.474000,5355.000000,1.000000
0.133763,346.156700,5356.000000,1.000000
0.133782,348.146000,5357.000000,1.000000
0.133815,344.739300,5358.000000,1.000000
0.133821,345.615500,5359.000000,1.000000
0.133827,345.050000,5360.000000,1.000000
0.133950,345.062600,5361.000000,1.000000
0.134014,345.027800,5362.000000,1.000000
0.134034,344.529100,5363.000000,1.000000
0.134047,344.930300,5364.000000,1.000000
0.134079,344.578500,5365.000000,1.000000
0.134143,344.301300,5366.000000,1.000000
0.134175,343.823600,5367.000000,1.000000
0.134201,343.399000,5368.000000,1.000000
0.134252,343.698700,5369.000000,1.000000
0.134252,343.490000,5370.000000,1.000000
0.134252,320.201200,5371.000000,0.000000
0.134258,343.930400,5372.000000,1.000000
0.134310,344.214500,5373.000000,1.000000
0.134342,344.206700,5374.000000,1.000000
0.134566,341.793900,5375.000000,1.000000
0.134637,341.857700,5376.000000,1.000000
0.134669,341.616100,5377.000000,1.000000
0.134713,341.669500,5378.000000,1.000000
0.134746,341.891400,5379.000000,1.000000
0.134765,341.764600,5380.000000,1.000000
0.134797,341.741200,5381.000000,1.000000
0.134854,348.993500,5382.000000,1.000000
0.134893,341.640400,5383.000000,1.000000
0.135002,340.199700,5384.000000,1.000000
0.135059,339.618100,5385.000000,1.000000
0.135111,339.666000,5386.000000,1.000000
0.135168,340.829500,5387.000000,1.000000
0.135181,339.364600,5388.000000,1.000000
0.135200,339.620300,5389.000000,1.000000
0.135207,339.376200,5390.000000,1.000000
0.135220,339.668000,5391.000000,1.000000
0.135226,339.625600,5392.000000,1.000000
0.135296,342.756400,5393.000000,1.000000
0.135386,338.258300,5394.000000,1.000000
0.135399,337.819800,5395.000000,1.000000
0.135425,338.945100,5396.000000,1.000000
0.135470,337.720600,5397.000000,1.000000
0.135476,337.953300,5398.000000,1.000000
0.135483,337.681400,5399.000000,1.000000
0.135521,337.330600,5400.000000,1.000000
0.135528,336.868200,5401.000000,1.000000
0.135560,337.253900,5402.000000,1.000000
0.135585,336.886700,5403.000000,1.000000
0.135630,338.364200,5404.000000,1.000000
0.135650,336.319800,5405.000000,1.000000
0.135708,336.113400,5406.000000,1.000000
0.135740,335.939400,5407.000000,1.000000
0.135740,335.734000,5408.000000,1.000000
0.135746,335.749600,5409.000000,1.000000
0.135746,335.823400,5410.000000,1.000000
0.135753,335.797800,5411.000000,1.000000
0.135817,335.228200,5412.000000,1.000000
0.135830,338.470300,5413.000000,1.000000
0.135836,335.327900,5414.000000,1.000000
0.135868,333.213100,5415.000000,1.000000
0.135933,334.219100,5416.000000,1.000000
0.135984,335.639500,5417.000000,1.000000
0.136003,336.970600,5418.000000,1.000000
0.136029,337.715100,5419.000000,1.000000
0.136048,337.954800,5420.000000,1.000000
0.136067,337.666000,5421.000000,1.000000
0.136087,337.631300,5422.000000,1.000000
0.136138,337.661200,5423.000000,1.000000
0.136170,337.910400,5424.000000,1.000000
0.136190,337.873100,5425.000000,1.000000
0.136190,337.815300,5426.000000,1.000000
0.136267,337.714000,5427.000000,1.000000
0.136408,332.018700,5428.000000,1.000000
0.136421,332.221700,5429.000000,1.000000
0.136447,331.758800,5430.000000,1.000000
0.136466,332.355400,5431.000000,1.000000
0.136485,332.124500,5432.000000,1.000000
0.136511,331.607600,5433.000000,1.000000
0.136524,331.862500,5434.000000,1.000000
0.136556,331.552000,5435.000000,1.000000
0.136614,332.611000,5436.000000,1.000000
0.136633,332.133900,5437.000000,1.000000
0.136678,335.998300,5438.000000,1.000000
0.136710,335.869100,5439.000000,1.000000
0.136710,335.977800,5440.000000,1.000000
0.136716,373.785600,5441.000000,0.000000
0.136723,335.850500,5442.000000,1.000000
0.136729,336.769400,5443.000000,1.000000
0.136780,335.694200,5444.000000,1.000000
0.136793,335.651000,5445.000000,1.000000
0.136806,334.064100,5446.000000,1.000000
0.136812,335.509400,5447.000000,1.000000
0.136812,335.481100,5448.000000,1.000000
0.136825,336.136400,5449.000000,1.000000
0.136844,334.145100,5450.000000,1.000000
0.136857,331.283100,5451.000000,1.000000
0.136889,331.053100,5452.000000,1.000000
0.136953,328.949100,5453.000000,1.000000
0.136966,330.329100,5454.000000,1.000000
0.136979,328.376500,5455.000000,1.000000
0.136983,531.211600,5456.000000,0.000000
0.136985,328.611000,5457.000000,1.000000
0.136985,329.271800,5458.000000,1.000000
0.137049,328.594100,5459.000000,1.000000
0.137056,328.289200,5460.000000,1.000000
0.137069,326.213400,5461.000000,1.000000
0.137114,326.631700,5462.000000,1.000000
0.137120,326.736000,5463.000000,1.000000
0.137152,326.675800,5464.000000,1.000000
0.137184,326.258400,5465.000000,1.000000
0.137223,325.667900,5466.000000,1.000000
0.137293,326.015500,5467.000000,1.000000
0.137325,326.425900,5468.000000,1.000000
0.137338,325.982600,5469.000000,1.000000
0.137351,325.678200,5470.000000,1.000000
0.137351,326.420500,5471.000000,1.000000
0.137402,326.451100,5472.000000,1.000000
0.137460,325.524400,5473.000000,1.000000
0.137473,325.737800,5474.000000,1.000000
0.137498,324.768700,5475.000000,1.000000
0.137498,324.953300,5476.000000,1.000000
0.137518,324.737000,5477.000000,1.000000
0.137556,324.760700,5478.000000,1.000000
0.137569,324.537200,5479.000000,1.000000
0.137575,335.733500,5480.000000,1.000000
0.137582,323.777300,5481.000000,1.000000
0.137588,398.061000,5482.000000,0.000000
0.137595,324.963100,5483.000000,1.000000
0.137595,324.828200,5484.000000,1.000000
0.137601,334.351000,5485.000000,1.000000
0.137601,324.676000,5486.000000,1.000000
0.137659,324.815500,5487.000000,1.000000
0.137691,330.442500,5488.000000,1.000000
0.137703,449.720200,5489.000000,0.000000
0.137704,330.410800,5490.000000,1.000000
0.137710,330.218000,5491.000000,1.000000
0.137710,330.201100,5492.000000,1.000000
0.137723,330.498300,5493.000000,1.000000
0.137730,330.228200,5494.000000,1.000000
0.137743,330.214000,5495.000000,1.000000
0.137768,330.058000,5496.000000,1.000000
0.137788,330.117500,5497.000000,1.000000
0.137807,330.200200,5498.000000,1.000000
0.137820,330.285600,5499.000000,1.000000
0.137839,325.421600,5500.000000,1.000000
0.137839,324.999700,5501.000000,1.000000
0.137839,330.084800,5502.000000,1.000000
0.137852,330.201000,5503.000000,1.000000
0.137858,330.058200,5504.000000,1.000000
0.137865,325.255200,5505.000000,1.000000
0.137871,325.121900,5506.000000,1.000000
0.137884,325.313900,5507.000000,1.000000
0.137910,324.500000,5508.000000,1.000000
0.137923,325.251200,5509.000000,1.000000
0.137942,334.479300,5510.000000,1.000000
0.138000,324.694800,5511.000000,1.000000
0.138000,324.864800,5512.000000,1.000000
0.138000,313.086800,5513.000000,1.000000
0.138045,324.529500,5514.000000,1.000000
0.138090,324.968800,5515.000000,1.000000
0.138116,324.610700,5516.000000,1.000000
0.138129,324.938200,5517.000000,1.000000
0.138155,324.816200,5518.000000,1.000000
0.138200,324.888500,5519.000000,1.000000
0.138226,324.867400,5520.000000,1.000000
0.138232,324.664200,5521.000000,1.000000
0.138277,323.312400,5522.000000,1.000000
0.138277,323.828000,5523.000000,1.000000
0.138297,320.878600,5524.000000,1.000000
0.138322,322.859600,5525.000000,1.000000
0.138342,325.094100,5526.000000,1.000000
0.138432,351.142300,5527.000000,0.000000
0.138445,318.522100,5528.000000,1.000000
0.138471,314.487000,5529.000000,1.000000
0.138490,312.985100,5530.000000,1.000000
0.138535,313.377300,5531.000000,1.000000
0.138613,316.254000,5532.000000,1.000000
0.138639,314.458700,5533.000000,1.000000
0.138703,311.831700,5534.000000,1.000000
0.138723,313.442100,5535.000000,1.000000
0.138742,314.355700,5536.000000,1.000000
0.138781,309.730300,5537.000000,1.000000
0.138890,317.153100,5538.000000,1.000000
0.138903,311.138500,5539.000000,1.000000
0.138910,310.756500,5540.000000,1.000000
0.138935,314.065300,5541.000000,1.000000
0.138974,309.884900,5542.000000,1.000000
0.138974,309.055500,5543.000000,1.000000
0.139011,513.689500,5544.000000,0.000000
0.139051,314.065800,5545.000000,1.000000
0.139180,308.749900,5546.000000,1.000000
0.139187,312.017700,5547.000000,1.000000
0.139193,309.519400,5548.000000,1.000000
0.139277,308.217700,5549.000000,1.000000
0.139290,309.962200,5550.000000,1.000000
0.139316,313.052100,5551.000000,1.000000
0.139399,314.063600,5552.000000,1.000000
0.139425,315.095000,5553.000000,1.000000
0.139470,303.909800,5554.000000,1.000000
0.139540,322.823500,5555.000000,1.000000
0.139547,317.679000,5556.000000,1.000000
0.139547,281.200200,5557.000000,0.000000
0.139579,302.761400,5558.000000,1.000000
0.139592,303.205000,5559.000000,1.000000
0.139637,306.107300,5560.000000,1.000000
0.139637,308.721000,5561.000000,1.000000
0.139778,300.539200,5562.000000,1.000000
0.139810,305.931300,5563.000000,1.000000
0.139817,315.347200,5564.000000,1.000000
0.139913,300.928100,5565.000000,1.000000
0.139945,299.964400,5566.000000,1.000000
0.139958,313.394400,5567.000000,1.000000
0.139964,316.064500,5568.000000,1.000000
0.139977,305.086800,5569.000000,1.000000
0.139997,315.036400,5570.000000,1.000000
0.140048,308.244300,5571.000000,1.000000
0.140061,308.727000,5572.000000,1.000000
0.140067,310.844800,5573.000000,1.000000
0.140074,311.185100,5574.000000,1.000000
0.140176,313.373000,5575.000000,1.000000
0.140215,311.381600,5576.000000,1.000000
0.140228,302.711300,5577.000000,1.000000
0.140292,316.083700,5578.000000,1.000000
0.140382,308.122600,5579.000000,1.000000
0.140388,306.671700,5580.000000,1.000000
0.140439,307.088000,5581.000000,1.000000
0.140446,306.545300,5582.000000,1.000000
0.140472,306.150900,5583.000000,1.000000
0.140484,310.746200,5584.000000,1.000000
0.140497,316.605400,5585.000000,1.000000
0.140504,307.654400,5586.000000,1.000000
0.140523,307.752400,5587.000000,1.000000
0.140555,306.360600,5588.000000,1.000000
0.140626,306.724600,5589.000000,1.000000
0.140632,306.255600,5590.000000,1.000000
0.140670,306.257400,5591.000000,1.000000
0.140767,307.537800,5592.000000,1.000000
0.140773,305.891900,5593.000000,1.000000
0.140934,308.849800,5594.000000,1.000000
0.141004,309.295100,5595.000000,1.000000
0.141005,279.789000,5596.000000,0.000000
0.141024,309.405000,5597.000000,1.000000
0.141043,311.586700,5598.000000,1.000000
0.141049,309.177600,5599.000000,1.000000
0.141069,318.932100,5600.000000,1.000000
0.141075,312.265000,5601.000000,1.000000
0.141101,312.123600,5602.000000,1.000000
0.141120,321.601500,5603.000000,1.000000
0.141171,326.330800,5604.000000,1.000000
0.141236,318.469500,5605.000000,1.000000
0.141268,318.156500,5606.000000,1.000000
0.141287,325.632100,5607.000000,1.000000
0.141326,324.737100,5608.000000,1.000000
0.141364,321.705200,5609.000000,1.000000
0.141371,321.755300,5610.000000,1.000000
0.141429,324.375700,5611.000000,1.000000
0.141448,324.185900,5612.000000,1.000000
0.141467,324.286200,5613.000000,1.000000
0.141474,323.735000,5614.000000,1.000000
0.141506,324.441700,5615.000000,1.000000
0.141545,324.727900,5616.000000,1.000000
0.141551,325.777400,5617.000000,1.000000
0.141564,326.496400,5618.000000,1.000000
0.141583,326.861900,5619.000000,1.000000
0.141603,326.557100,5620.000000,1.000000
0.141654,322.197800,5621.000000,1.000000
0.141706,321.808700,5622.000000,1.000000
0.141854,324.613000,5623.000000,1.000000
0.141925,332.102900,5624.000000,1.000000
0.141931,334.279100,5625.000000,1.000000
0.142015,325.834700,5626.000000,1.000000
0.142015,325.973400,5627.000000,1.000000
0.142048,327.680700,5628.000000,1.000000
0.142209,328.451400,5629.000000,1.000000
0.142332,326.056600,5630.000000,1.000000
0.142377,330.642000,5631.000000,1.000000
0.142390,326.782200,5632.000000,1.000000
0.142390,329.576800,5633.000000,1.000000
0.142396,326.925900,5634.000000,1.000000
0.142435,327.417100,5635.000000,1.000000
0.142467,326.303500,5636.000000,1.000000
0.142473,327.755700,5637.000000,1.000000
0.142486,325.947500,5638.000000,1.000000
0.142493,326.792900,5639.000000,1.000000
0.142506,326.180300,5640.000000,1.000000
0.142544,326.503900,5641.000000,1.000000
0.142544,332.821500,5642.000000,1.000000
0.142589,327.815600,5643.000000,1.000000
0.142596,328.287600,5644.000000,1.000000
0.142635,327.684700,5645.000000,1.000000
0.142641,327.591300,5646.000000,1.000000
0.142654,328.455200,5647.000000,1.000000
0.142680,327.824300,5648.000000,1.000000
0.142686,327.687100,5649.000000,1.000000
0.142705,327.931100,5650.000000,1.000000
0.142757,327.877700,5651.000000,1.000000
0.142796,327.714700,5652.000000,1.000000
0.142828,331.497000,5653.000000,1.000000
0.142834,328.019700,5654.000000,1.000000
0.142841,329.694500,5655.000000,1.000000
0.142847,328.300900,5656.000000,1.000000
0.142853,328.118500,5657.000000,1.000000
0.142873,328.173300,5658.000000,1.000000
0.142892,328.441200,5659.000000,1.000000
0.142898,328.502700,5660.000000,1.000000
0.143001,328.957300,5661.000000,1.000000
0.143008,332.392200,5662.000000,1.000000
0.143066,329.205800,5663.000000,1.000000
0.143117,329.795000,5664.000000,1.000000
0.143162,345.518100,5665.000000,1.000000
0.143187,346.265500,5666.000000,1.000000
0.143200,335.173000,5667.000000,1.000000
0.143226,333.759000,5668.000000,1.000000
0.143251,344.852500,5669.000000,1.000000
0.143271,336.505700,5670.000000,1.000000
0.143284,335.187500,5671.000000,1.000000
0.143309,335.168600,5672.000000,1.000000
0.143367,338.027100,5673.000000,1.000000
0.143373,341.265900,5674.000000,1.000000
0.143373,341.846900,5675.000000,1.000000
0.143386,335.452800,5676.000000,1.000000
0.143386,335.414600,5677.000000,1.000000
0.143463,335.410300,5678.000000,1.000000
0.143476,335.043500,5679.000000,1.000000
0.143520,339.496600,5680.000000,1.000000
0.143546,336.781800,5681.000000,1.000000
0.143584,341.418200,5682.000000,1.000000
0.143604,335.599900,5683.000000,1.000000
0.143610,340.909400,5684.000000,1.000000
0.143616,335.752000,5685.000000,1.000000
0.143617,310.053600,5686.000000,0.000000
0.143642,337.399800,5687.000000,1.000000
0.143655,339.247400,5688.000000,1.000000
0.143700,342.337700,5689.000000,1.000000
0.143738,342.502200,5690.000000,1.000000
0.143744,342.229600,5691.000000,1.000000
0.143751,342.663200,5692.000000,1.000000
0.143757,342.625100,5693.000000,1.000000
0.143757,343.425900,5694.000000,1.000000
0.143783,342.349400,5695.000000,1.000000
0.143796,342.330500,5696.000000,1.000000
0.143802,343.574600,5697.000000,1.000000
0.143815,342.495800,5698.000000,1.000000
0.143872,344.259900,5699.000000,1.000000
0.143879,344.351900,5700.000000,1.000000
0.143885,354.218400,5701.000000,1.000000
0.143956,343.994900,5702.000000,1.000000
0.143962,343.870000,5703.000000,1.000000
0.143987,351.095700,5704.000000,1.000000
0.144019,346.212400,5705.000000,1.000000
0.144045,348.803800,5706.000000,1.000000
0.144058,346.821200,5707.000000,1.000000
0.144096,346.781500,5708.000000,1.000000
0.144179,351.861900,5709.000000,1.000000
0.144179,356.037700,5710.000000,1.000000
0.144179,356.951800,5711.000000,1.000000
0.144186,351.222600,5712.000000,1.000000
0.144192,351.021500,5713.000000,1.000000
0.144224,348.037100,5714.000000,1.000000
0.144320,355.084700,5715.000000,1.000000
0.144352,359.609500,5716.000000,1.000000
0.144404,359.598700,5717.000000,1.000000
0.144423,359.264700,5718.000000,1.000000
0.144429,359.444500,5719.000000,1.000000
0.144461,355.721400,5720.000000,1.000000
0.144487,351.821000,5721.000000,1.000000
0.144506,356.632500,5722.000000,1.000000
0.144545,355.265400,5723.000000,1.000000
0.144699,358.004500,5724.000000,1.000000
0.144718,359.235500,5725.000000,1.000000
0.144725,358.351800,5726.000000,1.000000
0.144731,365.592100,5727.000000,1.000000
0.144898,401.668900,5728.000000,0.000000
0.144937,362.675800,5729.000000,1.000000
0.144949,362.582400,5730.000000,1.000000
0.144962,362.402800,5731.000000,1.000000
0.145001,362.475900,5732.000000,1.000000
0.145007,363.064700,5733.000000,1.000000
0.145014,362.613500,5734.000000,1.000000
0.145046,362.666800,5735.000000,1.000000
0.145085,362.956600,5736.000000,1.000000
0.145110,365.463000,5737.000000,1.000000
0.145117,365.640200,5738.000000,1.000000
0.145130,365.584300,5739.000000,1.000000
0.145136,365.782700,5740.000000,1.000000
0.145136,365.569300,5741.000000,1.000000
0.145142,365.233000,5742.000000,1.000000
0.145175,365.532800,5743.000000,1.000000
0.145199,458.516900,5744.000000,0.000000
0.145245,371.673500,5745.000000,1.000000
0.145252,366.485900,5746.000000,1.000000
0.145252,368.716100,5747.000000,1.000000
0.145284,368.539400,5748.000000,1.000000
0.145303,369.590800,5749.000000,1.000000
0.145316,368.641300,5750.000000,1.000000
0.145361,368.674400,5751.000000,1.000000
0.145464,375.741800,5752.000000,1.000000
0.145496,370.460900,5753.000000,1.000000
0.145503,371.636800,5754.000000,1.000000
0.145522,373.197800,5755.000000,1.000000
0.145535,371.807200,5756.000000,1.000000
0.145612,377.891100,5757.000000,1.000000
0.145619,379.126500,5758.000000,1.000000
0.145625,373.830400,5759.000000,1.000000
0.145664,373.195200,5760.000000,1.000000
0.145677,377.621800,5761.000000,1.000000
0.145683,377.743800,5762.000000,1.000000
0.145683,377.122200,5763.000000,1.000000
0.145754,376.865400,5764.000000,1.000000
0.145760,376.838300,5765.000000,1.000000
0.145773,384.680300,5766.000000,1.000000
0.145786,376.964500,5767.000000,1.000000
0.145792,376.954300,5768.000000,1.000000
0.145844,385.169100,5769.000000,1.000000
0.145863,383.766000,5770.000000,1.000000
0.145921,380.570600,5771.000000,1.000000
0.145940,382.686300,5772.000000,1.000000
0.145947,382.448100,5773.000000,1.000000
0.145973,382.330900,5774.000000,1.000000
0.145979,382.517000,5775.000000,1.000000
0.145998,382.814100,5776.000000,1.000000
0.145998,386.266500,5777.000000,1.000000
0.146101,387.492400,5778.000000,1.000000
0.146114,390.111900,5779.000000,1.000000
0.146121,392.059200,5780.000000,1.000000
0.146166,394.983600,5781.000000,1.000000
0.146211,390.227800,5782.000000,1.000000
0.146217,392.087900,5783.000000,1.000000
0.146224,395.013700,5784.000000,1.000000
0.146237,395.781900,5785.000000,1.000000
0.146256,395.586100,5786.000000,1.000000
0.146301,394.849300,5787.000000,1.000000
0.146313,492.631400,5788.000000,0.000000
0.146340,397.185800,5789.000000,1.000000
0.146357,603.240900,5790.000000,0.000000
0.146385,395.046500,5791.000000,1.000000
0.146430,403.548800,5792.000000,1.000000
0.146449,400.925600,5793.000000,1.000000
0.146449,402.045200,5794.000000,1.000000
0.146462,404.193200,5795.000000,1.000000
0.146481,402.325300,5796.000000,1.000000
0.146488,400.872100,5797.000000,1.000000
0.146488,401.354000,5798.000000,1.000000
0.146494,402.173200,5799.000000,1.000000
0.146494,401.260300,5800.000000,1.000000
0.146507,400.944800,5801.000000,1.000000
0.146533,401.144200,5802.000000,1.000000
0.146591,400.415100,5803.000000,1.000000
0.146623,402.339300,5804.000000,1.000000
0.146623,402.212300,5805.000000,1.000000
0.146642,403.139600,5806.000000,1.000000
0.146648,401.029600,5807.000000,1.000000
0.146700,408.015700,5808.000000,1.000000
0.146726,407.745200,5809.000000,1.000000
0.146783,413.516000,5810.000000,1.000000
0.146790,413.302700,5811.000000,1.000000
0.146906,418.874500,5812.000000,1.000000
0.146912,415.824000,5813.000000,1.000000
0.146996,420.301500,5814.000000,1.000000
0.147060,421.539500,5815.000000,1.000000
0.147098,423.810200,5816.000000,1.000000
0.147118,425.669100,5817.000000,1.000000
0.147137,428.851500,5818.000000,1.000000
0.147169,426.393500,5819.000000,1.000000
0.147175,426.240800,5820.000000,1.000000
0.147214,430.259500,5821.000000,1.000000
0.147225,616.149400,5822.000000,0.000000
0.147240,430.057200,5823.000000,1.000000
0.147240,432.342900,5824.000000,1.000000
0.147253,429.499200,5825.000000,1.000000
0.147278,429.933800,5826.000000,1.000000
0.147298,429.986100,5827.000000,1.000000
0.147342,430.553600,5828.000000,1.000000
0.147355,432.077400,5829.000000,1.000000
0.147381,431.773800,5830.000000,1.000000
0.147387,431.982200,5831.000000,1.000000
0.147490,433.202100,5832.000000,1.000000
0.147522,430.759200,5833.000000,1.000000
0.147542,432.509200,5834.000000,1.000000
0.147561,433.168300,5835.000000,1.000000
0.147561,432.921300,5836.000000,1.000000
0.147599,432.963900,5837.000000,1.000000
0.147644,432.990100,5838.000000,1.000000
0.147657,432.116200,5839.000000,1.000000
0.147688,540.495400,5840.000000,0.000000
0.147709,433.229200,5841.000000,1.000000
0.147741,437.167100,5842.000000,1.000000
0.147747,436.751500,5843.000000,1.000000
0.147752,619.592600,5844.000000,0.000000
0.147760,432.600300,5845.000000,1.000000
0.147773,437.297200,5846.000000,1.000000
0.147818,433.442700,5847.000000,1.000000
0.147818,436.214400,5848.000000,1.000000
0.147824,437.560800,5849.000000,1.000000
0.147876,438.818800,5850.000000,1.000000
0.147876,399.250300,5851.000000,0.000000
0.147908,438.978800,5852.000000,1.000000
0.147921,433.087500,5853.000000,1.000000
0.147933,438.556000,5854.000000,1.000000
0.147966,432.572400,5855.000000,1.000000
0.148055,434.289900,5856.000000,1.000000
0.148120,433.980900,5857.000000,1.000000
0.148132,437.017500,5858.000000,1.000000
0.148197,435.973600,5859.000000,1.000000
0.148210,437.000500,5860.000000,1.000000
0.148229,436.205500,5861.000000,1.000000
0.148248,434.232900,5862.000000,1.000000
0.148300,432.441800,5863.000000,1.000000
0.148319,437.672800,5864.000000,1.000000
0.148319,433.049700,5865.000000,1.000000
0.148351,436.696000,5866.000000,1.000000
0.148357,433.630300,5867.000000,1.000000
0.148389,432.855700,5868.000000,1.000000
0.148402,433.734500,5869.000000,1.000000
0.148422,433.588400,5870.000000,1.000000
0.148422,436.856500,5871.000000,1.000000
0.148499,432.179100,5872.000000,1.000000
0.148505,431.854200,5873.000000,1.000000
0.148524,432.054200,5874.000000,1.000000
0.148544,432.382700,5875.000000,1.000000
0.148550,432.070300,5876.000000,1.000000
0.148569,432.075700,5877.000000,1.000000
0.148582,431.994300,5878.000000,1.000000
0.148608,432.124500,5879.000000,1.000000
0.148691,474.576800,5880.000000,0.000000
0.148730,431.062900,5881.000000,1.000000
0.148775,436.533300,5882.000000,1.000000
0.148820,435.048200,5883.000000,1.000000
0.148839,432.358600,5884.000000,1.000000
0.148852,433.063400,5885.000000,1.000000
0.148865,430.235200,5886.000000,1.000000
0.148948,431.837900,5887.000000,1.000000
0.148968,431.637100,5888.000000,1.000000
0.149012,458.761400,5889.000000,0.000000
0.149038,427.756200,5890.000000,1.000000
0.149064,428.282700,5891.000000,1.000000
0.149070,427.978300,5892.000000,1.000000
0.149205,427.178200,5893.000000,1.000000
0.149231,430.553100,5894.000000,1.000000
0.149256,430.390400,5895.000000,1.000000
0.149263,431.422500,5896.000000,1.000000
0.149282,424.769600,5897.000000,1.000000
0.149366,427.058000,5898.000000,1.000000
0.149398,426.338100,5899.000000,1.000000
0.149410,423.800900,5900.000000,1.000000
0.149423,422.323700,5901.000000,1.000000
0.149430,424.230200,5902.000000,1.000000
0.149430,428.882700,5903.000000,1.000000
0.149462,424.141300,5904.000000,1.000000
0.149526,420.167000,5905.000000,1.000000
0.149526,423.331700,5906.000000,1.000000
0.149558,425.189800,5907.000000,1.000000
0.149571,423.672400,5908.000000,1.000000
0.149577,424.509800,5909.000000,1.000000
0.149584,422.430800,5910.000000,1.000000
0.149601,629.042800,5911.000000,0.000000
0.149622,421.857000,5912.000000,1.000000
0.149661,417.901900,5913.000000,1.000000
0.149699,416.772000,5914.000000,1.000000
0.149712,417.772300,5915.000000,1.000000
0.149712,417.137300,5916.000000,1.000000
0.149744,417.670700,5917.000000,1.000000
0.149744,416.807100,5918.000000,1.000000
0.149744,419.489300,5919.000000,1.000000
0.149827,415.591500,5920.000000,1.000000
0.149840,413.190200,5921.000000,1.000000
0.149860,415.897300,5922.000000,1.000000
0.149937,413.046800,5923.000000,1.000000
0.149988,407.529700,5924.000000,1.000000
0.150001,409.678800,5925.000000,1.000000
0.150033,406.555600,5926.000000,1.000000
0.150039,409.117000,5927.000000,1.000000
0.150039,405.859300,5928.000000,1.000000
0.150058,409.823300,5929.000000,1.000000
0.150103,412.180100,5930.000000,1.000000
0.150103,405.913800,5931.000000,1.000000
0.150135,403.458700,5932.000000,1.000000
0.150161,404.932000,5933.000000,1.000000
0.150161,403.619000,5934.000000,1.000000
0.150180,403.368800,5935.000000,1.000000
0.150200,402.226000,5936.000000,1.000000
0.150200,403.525400,5937.000000,1.000000
0.150200,404.057600,5938.000000,1.000000
0.150200,403.181800,5939.000000,1.000000
0.150212,407.942300,5940.000000,1.000000
0.150219,398.311600,5941.000000,1.000000
0.150245,400.839300,5942.000000,1.000000
0.150257,399.728800,5943.000000,1.000000
0.150289,398.357400,5944.000000,1.000000
0.150334,400.415200,5945.000000,1.000000
0.150341,402.322800,5946.000000,1.000000
0.150354,395.954700,5947.000000,1.000000
0.150373,396.440600,5948.000000,1.000000
0.150399,396.055500,5949.000000,1.000000
0.150418,396.170300,5950.000000,1.000000
0.150418,393.086500,5951.000000,1.000000
0.150444,394.890300,5952.000000,1.000000
0.150469,392.366500,5953.000000,1.000000
0.150482,392.553400,5954.000000,1.000000
0.150521,389.019300,5955.000000,1.000000
0.150623,384.599000,5956.000000,1.000000
0.150668,383.641000,5957.000000,1.000000
0.150720,383.204100,5958.000000,1.000000
0.150726,383.406400,5959.000000,1.000000
0.150746,381.836600,5960.000000,1.000000
0.150816,376.929600,5961.000000,1.000000
0.150823,377.338000,5962.000000,1.000000
0.150842,376.081100,5963.000000,1.000000
0.150842,375.974500,5964.000000,1.000000
0.150855,376.128400,5965.000000,1.000000
0.150887,375.904900,5966.000000,1.000000
0.150894,376.178800,5967.000000,1.000000
0.150906,381.780100,5968.000000,1.000000
0.150906,376.068300,5969.000000,1.000000
0.150932,373.548700,5970.000000,1.000000
0.150932,374.438400,5971.000000,1.000000
0.150971,373.045900,5972.000000,1.000000
0.150984,372.594000,5973.000000,1.000000
0.150997,370.088900,5974.000000,1.000000
0.151035,369.576500,5975.000000,1.000000
0.151042,370.217100,5976.000000,1.000000
0.151042,370.059200,5977.000000,1.000000
0.151054,372.982500,5978.000000,1.000000
0.151054,368.127200,5979.000000,1.000000
0.151087,367.552500,5980.000000,1.000000
0.151100,368.377700,5981.000000,1.000000
0.151125,367.665600,5982.000000,1.000000
0.151170,371.334500,5983.000000,1.000000
0.151177,370.405800,5984.000000,1.000000
0.151190,367.419100,5985.000000,1.000000
0.151209,368.633600,5986.000000,1.000000
0.151215,370.391700,5987.000000,1.000000
0.151222,366.050900,5988.000000,1.000000
0.151357,364.793400,5989.000000,1.000000
0.151441,355.449500,5990.000000,1.000000
0.151447,355.593200,5991.000000,1.000000
0.151480,355.639500,5992.000000,1.000000
0.151512,353.231900,5993.000000,1.000000
0.151525,355.743400,5994.000000,1.000000
0.151538,355.588900,5995.000000,1.000000
0.151538,355.720300,5996.000000,1.000000
0.151551,355.794300,5997.000000,1.000000
0.151551,355.671100,5998.000000,1.000000
0.151570,355.740400,5999.000000,1.000000
0.151570,355.756700,6000.000000,1.000000
0.151583,355.574500,6001.000000,1.000000
0.151589,355.678700,6002.000000,1.000000
0.151596,355.759000,6003.000000,1.000000
0.151596,355.540700,6004.000000,1.000000
0.151602,355.600400,6005.000000,1.000000
0.151602,355.727800,6006.000000,1.000000
0.151609,355.698800,6007.000000,1.000000
0.151615,355.574300,6008.000000,1.000000
0.151615,355.639600,6009.000000,1.000000
0.151622,355.673200,6010.000000,1.000000
0.151628,355.759800,6011.000000,1.000000
0.151628,355.605100,6012.000000,1.000000
0.151628,355.644800,6013.000000,1.000000
0.151641,355.698400,6014.000000,1.000000
0.151647,355.707700,6015.000000,1.000000
0.151654,355.681400,6016.000000,1.000000
0.151654,355.758400,6017.000000,1.000000
0.151660,355.613900,6018.000000,1.000000
0.151660,355.579600,6019.000000,1.000000
0.151667,355.715400,6020.000000,1.000000
0.151673,355.625200,6021.000000,1.000000
0.151673,355.738900,6022.000000,1.000000
0.151680,355.731400,6023.000000,1.000000
0.151686,355.776900,6024.000000,1.000000
0.151686,355.742300,6025.000000,1.000000
0.151688,199.655400,6026.000000,0.000000
0.151692,355.729900,6027.000000,1.000000
0.151692,355.508100,6028.000000,1.000000
0.151692,355.752700,6029.000000,1.000000
0.151699,355.673800,6030.000000,1.000000
0.151699,355.650400,6031.000000,1.000000
0.151699,355.457500,6032.000000,1.000000
0.151705,355.693500,6033.000000,1.000000
0.151712,355.677700,6034.000000,1.000000
0.151725,355.709200,6035.000000,1.000000
0.151744,355.745500,6036.000000,1.000000
0.151750,355.759100,6037.000000,1.000000
0.151750,355.498400,6038.000000,1.000000
0.151757,356.475100,6039.000000,1.000000
0.151789,355.627800,6040.000000,1.000000
0.151802,351.333800,6041.000000,1.000000
0.151815,354.075700,6042.000000,1.000000
0.151821,355.842700,6043.000000,1.000000
0.151841,355.160000,6044.000000,1.000000
0.151841,354.879500,6045.000000,1.000000
0.151905,355.203000,6046.000000,1.000000
0.151905,352.368500,6047.000000,1.000000
0.151950,355.675200,6048.000000,1.000000
0.151963,354.542200,6049.000000,1.000000
0.151963,354.389300,6050.000000,1.000000
0.152034,353.000000,6051.000000,1.000000
0.152054,350.094500,6052.000000,1.000000
0.152086,359.960600,6053.000000,1.000000
0.152125,350.070400,6054.000000,1.000000
0.152131,350.425900,6055.000000,1.000000
0.152131,353.018600,6056.000000,1.000000
0.152131,352.851800,6057.000000,1.000000
0.152144,350.178100,6058.000000,1.000000
0.152144,349.977400,6059.000000,1.000000
0.152151,350.246000,6060.000000,1.000000
0.152157,350.202100,6061.000000,1.000000
0.152157,350.015900,6062.000000,1.000000
0.152209,350.227000,6063.000000,1.000000
0.152209,349.829700,6064.000000,1.000000
0.152312,352.531400,6065.000000,1.000000
0.152351,363.069600,6066.000000,1.000000
0.152357,356.357500,6067.000000,1.000000
0.152364,348.912100,6068.000000,1.000000
0.152363,362.996000,6069.000000,1.000000
0.152389,355.394900,6070.000000,1.000000
0.152422,355.758000,6071.000000,1.000000
0.152428,355.320100,6072.000000,1.000000
0.152441,355.868500,6073.000000,1.000000
0.152460,348.293100,6074.000000,1.000000
0.152480,355.829200,6075.000000,1.000000
0.152480,356.199200,6076.000000,1.000000
0.152486,355.855900,6077.000000,1.000000
0.152493,355.807000,6078.000000,1.000000
0.152499,348.015600,6079.000000,1.000000
0.152538,348.304100,6080.000000,1.000000
0.152564,347.915400,6081.000000,1.000000
0.152570,347.541100,6082.000000,1.000000
0.152570,345.565100,6083.000000,1.000000
0.152583,345.739300,6084.000000,1.000000
0.152589,345.533000,6085.000000,1.000000
0.152609,347.298700,6086.000000,1.000000
0.152615,347.868600,6087.000000,1.000000
0.152615,345.718300,6088.000000,1.000000
0.152621,396.568600,6089.000000,1.000000
0.152647,398.675100,6090.000000,1.000000
0.152660,396.618800,6091.000000,1.000000
0.152673,396.507100,6092.000000,1.000000
0.152673,396.334500,6093.000000,1.000000
0.152679,396.170700,6094.000000,1.000000
0.152686,396.588100,6095.000000,1.000000
0.152692,396.564100,6096.000000,1.000000
0.152699,396.431600,6097.000000,1.000000
0.152705,396.632700,6098.000000,1.000000
0.152718,396.577500,6099.000000,1.000000
0.152724,398.087700,6100.000000,1.000000
0.152737,396.558400,6101.000000,1.000000
0.152744,396.486900,6102.000000,1.000000
0.152751,341.019100,6103.000000,1.000000
0.152757,341.058800,6104.000000,1.000000
0.152764,340.868700,6105.000000,1.000000
0.152764,342.389200,6106.000000,1.000000
0.152770,340.938400,6107.000000,1.000000
0.152828,341.198800,6108.000000,1.000000
0.152841,341.325100,6109.000000,1.000000
0.152848,341.258700,6110.000000,1.000000
0.152860,341.769700,6111.000000,1.000000
0.152860,342.070400,6112.000000,1.000000
0.152886,341.605900,6113.000000,1.000000
0.152899,344.631700,6114.000000,1.000000
0.152918,341.674100,6115.000000,1.000000
0.152938,329.407100,6116.000000,1.000000
0.152938,346.436300,6117.000000,1.000000
0.152944,341.669100,6118.000000,1.000000
0.152957,341.687600,6119.000000,1.000000
0.152964,341.388000,6120.000000,1.000000
0.152983,341.491500,6121.000000,1.000000
0.152983,341.700800,6122.000000,1.000000
0.152989,363.777900,6123.000000,1.000000
0.153047,363.766000,6124.000000,1.000000
0.153066,363.923700,6125.000000,1.000000
0.153066,363.939000,6126.000000,1.000000
0.153073,363.768100,6127.000000,1.000000
0.153079,363.840900,6128.000000,1.000000
0.153092,363.865200,6129.000000,1.000000
0.153111,363.932100,6130.000000,1.000000
0.153111,367.883700,6131.000000,1.000000
0.153124,363.968300,6132.000000,1.000000
0.153131,363.923800,6133.000000,1.000000
0.153137,367.910700,6134.000000,1.000000
0.153144,367.456200,6135.000000,1.000000
0.153150,367.948600,6136.000000,1.000000
0.153176,367.111900,6137.000000,1.000000
0.153208,367.108700,6138.000000,1.000000
0.153221,367.096500,6139.000000,1.000000
0.153221,367.032300,6140.000000,1.000000
0.153227,367.120800,6141.000000,1.000000
0.153234,366.945100,6142.000000,1.000000
0.153240,367.216700,6143.000000,1.000000
0.153305,354.783700,6144.000000,1.000000
0.153350,357.652700,6145.000000,1.000000
0.153356,354.846800,6146.000000,1.000000
0.153356,357.761700,6147.000000,1.000000
0.153369,355.015400,6148.000000,1.000000
0.153382,354.909800,6149.000000,1.000000
0.153485,336.465600,6150.000000,1.000000
0.153562,333.808900,6151.000000,1.000000
0.153607,334.166800,6152.000000,1.000000
0.153638,434.977600,6153.000000,0.000000
0.153646,334.194400,6154.000000,1.000000
0.153691,332.295800,6155.000000,1.000000
0.153710,329.995800,6156.000000,1.000000
0.153710,334.285900,6157.000000,1.000000
0.153729,334.104200,6158.000000,1.000000
0.153742,333.200700,6159.000000,1.000000
0.153742,336.296100,6160.000000,1.000000
0.153768,333.421600,6161.000000,1.000000
0.153793,334.318200,6162.000000,1.000000
0.153832,334.027900,6163.000000,1.000000
0.153870,334.410100,6164.000000,1.000000
0.153883,331.344100,6165.000000,1.000000
0.153915,340.664300,6166.000000,1.000000
0.153948,331.303000,6167.000000,1.000000
0.153954,330.571600,6168.000000,1.000000
0.153954,331.685900,6169.000000,1.000000
0.153960,331.326300,6170.000000,1.000000
0.153967,331.223000,6171.000000,1.000000
0.153967,339.755600,6172.000000,1.000000
0.153973,330.726300,6173.000000,1.000000
0.153986,331.115800,6174.000000,1.000000
0.153986,341.008000,6175.000000,1.000000
0.154012,331.083300,6176.000000,1.000000
0.154012,330.952500,6177.000000,1.000000
0.154024,339.709500,6178.000000,1.000000
0.154031,331.350300,6179.000000,1.000000
0.154031,340.337700,6180.000000,1.000000
0.154037,339.833500,6181.000000,1.000000
0.154050,341.078900,6182.000000,1.000000
0.154057,341.005400,6183.000000,1.000000
0.154063,340.707100,6184.000000,1.000000
0.154063,331.313400,6185.000000,1.000000
0.154063,339.766800,6186.000000,1.000000
0.154063,330.330800,6187.000000,1.000000
0.154082,331.476500,6188.000000,1.000000
0.154082,341.389700,6189.000000,1.000000
0.154095,340.865200,6190.000000,1.000000
0.154101,340.699700,6191.000000,1.000000
0.154101,341.106200,6192.000000,1.000000
0.154114,339.802400,6193.000000,1.000000
0.154114,340.533400,6194.000000,1.000000
0.154114,340.808900,6195.000000,1.000000
0.154121,340.639600,6196.000000,1.000000
0.154127,336.559100,6197.000000,1.000000
0.154140,331.254100,6198.000000,1.000000
0.154146,340.616300,6199.000000,1.000000
0.154146,340.502300,6200.000000,1.000000
0.154159,340.615500,6201.000000,1.000000
0.154166,331.570300,6202.000000,1.000000
0.154179,330.846000,6203.000000,1.000000
0.154262,327.908600,6204.000000,1.000000
0.154262,339.869100,6205.000000,1.000000
0.154268,338.064300,6206.000000,1.000000
0.154371,341.176400,6207.000000,1.000000
0.154397,328.378300,6208.000000,1.000000
0.154403,330.152800,6209.000000,1.000000
0.154403,336.661700,6210.000000,1.000000
0.154409,340.151800,6211.000000,1.000000
0.154422,339.790700,6212.000000,1.000000
0.154435,326.425900,6213.000000,1.000000
0.154435,326.393000,6214.000000,1.000000
0.154441,328.434700,6215.000000,1.000000
0.154461,328.412500,6216.000000,1.000000
0.154518,326.509600,6217.000000,1.000000
0.154525,334.720900,6218.000000,1.000000
0.154589,337.403200,6219.000000,1.000000
0.154634,326.574000,6220.000000,1.000000
0.154685,326.684500,6221.000000,1.000000
0.154692,329.321600,6222.000000,1.000000
0.154698,330.222700,6223.000000,1.000000
0.154698,329.524500,6224.000000,1.000000
0.154704,326.595900,6225.000000,1.000000
0.154749,330.289300,6226.000000,1.000000
0.154762,329.554000,6227.000000,1.000000
0.154781,327.350500,6228.000000,1.000000
0.154781,330.797900,6229.000000,1.000000
0.154813,330.035300,6230.000000,1.000000
0.154833,332.110700,6231.000000,1.000000
0.154871,323.672000,6232.000000,1.000000
0.154884,347.071400,6233.000000,1.000000
0.154884,323.801500,6234.000000,1.000000
0.154916,323.765800,6235.000000,1.000000
0.154916,327.416900,6236.000000,1.000000
0.154929,324.536400,6237.000000,1.000000
0.154941,349.319800,6238.000000,1.000000
0.154942,324.265400,6239.000000,1.000000
0.154961,349.249700,6240.000000,1.000000
0.154986,347.956000,6241.000000,1.000000
0.155024,442.844600,6242.000000,0.000000
0.155076,323.958600,6243.000000,1.000000
0.155096,324.451800,6244.000000,1.000000
0.155115,320.083000,6245.000000,1.000000
0.155147,325.321700,6246.000000,1.000000
0.155166,324.664000,6247.000000,1.000000
0.155192,346.428300,6248.000000,1.000000
0.155320,324.067800,6249.000000,1.000000
0.155327,324.044800,6250.000000,1.000000
0.155326,344.412200,6251.000000,1.000000
0.155327,324.089400,6252.000000,1.000000
0.155346,323.968700,6253.000000,1.000000
0.155352,336.172500,6254.000000,1.000000
0.155365,323.908700,6255.000000,1.000000
0.155384,325.032600,6256.000000,1.000000
0.155397,336.245400,6257.000000,1.000000
0.155397,324.357400,6258.000000,1.000000
0.155397,323.760000,6259.000000,1.000000
0.155474,326.986500,6260.000000,1.000000
0.155512,327.961300,6261.000000,1.000000
0.155570,318.508900,6262.000000,1.000000
0.155596,322.638800,6263.000000,1.000000
0.155634,325.070700,6264.000000,1.000000
0.155634,318.494200,6265.000000,1.000000
0.155653,332.286100,6266.000000,1.000000
0.155692,326.301800,6267.000000,1.000000
0.155750,316.337200,6268.000000,1.000000
0.155750,320.412700,6269.000000,1.000000
0.155769,326.299700,6270.000000,1.000000
0.155814,326.278700,6271.000000,1.000000
0.155814,316.390300,6272.000000,1.000000
0.155846,320.343700,6273.000000,1.000000
0.155859,316.887500,6274.000000,1.000000
0.155897,316.133500,6275.000000,1.000000
0.155923,314.143500,6276.000000,1.000000
0.155929,318.026000,6277.000000,1.000000
0.155936,318.901200,6278.000000,1.000000
0.155942,317.396300,6279.000000,1.000000
0.155962,313.650600,6280.000000,1.000000
0.155968,319.209700,6281.000000,1.000000
0.155981,315.018000,6282.000000,1.000000
0.155981,314.660300,6283.000000,1.000000
0.156148,312.918800,6284.000000,1.000000
0.156186,313.703500,6285.000000,1.000000
0.156321,331.850600,6286.000000,1.000000
0.156321,331.908100,6287.000000,1.000000
0.156340,335.598800,6288.000000,1.000000
0.156353,331.574000,6289.000000,1.000000
0.156378,332.114200,6290.000000,1.000000
0.156398,332.258600,6291.000000,1.000000
0.156410,331.334800,6292.000000,1.000000
0.156436,331.806200,6293.000000,1.000000
0.156455,331.360300,6294.000000,1.000000
0.156468,338.871400,6295.000000,1.000000
0.156475,313.174800,6296.000000,1.000000
0.156487,331.656300,6297.000000,1.000000
0.156501,312.911100,6298.000000,1.000000
0.156507,313.232800,6299.000000,1.000000
0.156507,316.314500,6300.000000,1.000000
0.156513,313.149900,6301.000000,1.000000
0.156513,315.722800,6302.000000,1.000000
0.156520,320.757100,6303.000000,1.000000
0.156533,313.211500,6304.000000,1.000000
0.156539,318.131500,6305.000000,1.000000
0.156539,318.295800,6306.000000,1.000000
0.156558,318.545300,6307.000000,1.000000
0.156565,320.467600,6308.000000,1.000000
0.156571,320.681000,6309.000000,1.000000
0.156571,318.629200,6310.000000,1.000000
0.156635,310.323900,6311.000000,1.000000
0.156635,318.688500,6312.000000,1.000000
0.156661,323.624500,6313.000000,1.000000
0.156667,322.220500,6314.000000,1.000000
0.156680,310.450500,6315.000000,1.000000
0.156712,324.901700,6316.000000,1.000000
0.156745,317.974900,6317.000000,1.000000
0.156758,317.952700,6318.000000,1.000000
0.156783,307.430700,6319.000000,1.000000
0.156796,307.351300,6320.000000,1.000000
0.156841,324.067000,6321.000000,1.000000
0.156854,324.028700,6322.000000,1.000000
0.156880,324.080500,6323.000000,1.000000
0.156918,324.037300,6324.000000,1.000000
0.156925,323.792400,6325.000000,1.000000
0.156931,323.976800,6326.000000,1.000000
0.156931,308.800800,6327.000000,1.000000
0.156938,323.878000,6328.000000,1.000000
0.156938,308.334600,6329.000000,1.000000
0.156944,307.278100,6330.000000,1.000000
0.156944,308.784900,6331.000000,1.000000
0.156964,307.858700,6332.000000,1.000000
0.156970,309.021600,6333.000000,1.000000
0.156983,307.344200,6334.000000,1.000000
0.156989,307.474600,6335.000000,1.000000
0.156989,306.550200,6336.000000,1.000000
0.157002,307.469800,6337.000000,1.000000
0.157022,307.452500,6338.000000,1.000000
0.157027,373.878200,6339.000000,0.000000
0.157034,307.452100,6340.000000,1.000000
0.157054,326.189600,6341.000000,1.000000
0.157079,323.895900,6342.000000,1.000000
0.157118,323.344500,6343.000000,1.000000
0.157189,324.210600,6344.000000,1.000000
0.157195,325.391500,6345.000000,1.000000
0.157279,317.975300,6346.000000,1.000000
0.157299,305.995800,6347.000000,1.000000
0.157305,305.788700,6348.000000,1.000000
0.157312,305.911700,6349.000000,1.000000
0.157318,318.517300,6350.000000,1.000000
0.157338,305.966100,6351.000000,1.000000
0.157396,317.628200,6352.000000,1.000000
0.157402,305.611100,6353.000000,1.000000
0.157434,316.816700,6354.000000,1.000000
0.157434,306.424400,6355.000000,1.000000
0.157434,315.964600,6356.000000,1.000000
0.157473,316.996900,6357.000000,1.000000
0.157486,316.708400,6358.000000,1.000000
0.157499,317.761700,6359.000000,1.000000
0.157512,306.481700,6360.000000,1.000000
0.157531,317.776500,6361.000000,1.000000
0.157555,472.443100,6362.000000,0.000000
0.157557,306.353400,6363.000000,1.000000
0.157564,306.283800,6364.000000,1.000000
0.157564,306.266900,6365.000000,1.000000
0.157570,309.257400,6366.000000,1.000000
0.157596,308.367800,6367.000000,1.000000
0.157602,306.315600,6368.000000,1.000000
0.157602,309.298800,6369.000000,1.000000
0.157603,277.728400,6370.000000,0.000000
0.157603,283.604400,6371.000000,0.000000
0.157719,305.980000,6372.000000,1.000000
0.157725,306.017100,6373.000000,1.000000
0.157732,308.511700,6374.000000,1.000000
0.157738,317.199400,6375.000000,1.000000
0.157745,308.626900,6376.000000,1.000000
0.157783,306.176800,6377.000000,1.000000
0.157809,306.168000,6378.000000,1.000000
0.157809,313.695000,6379.000000,1.000000
0.157816,307.901600,6380.000000,1.000000
0.157816,313.950200,6381.000000,1.000000
0.157816,282.196600,6382.000000,0.000000
0.157822,307.072500,6383.000000,1.000000
0.157822,316.745900,6384.000000,1.000000
0.157841,313.722800,6385.000000,1.000000
0.157841,314.076800,6386.000000,1.000000
0.157854,314.010300,6387.000000,1.000000
0.157861,313.569400,6388.000000,1.000000
0.157867,313.754200,6389.000000,1.000000
0.157880,303.388300,6390.000000,1.000000
0.157893,303.602400,6391.000000,1.000000
0.157893,307.006300,6392.000000,1.000000
0.157906,313.655700,6393.000000,1.000000
0.157919,303.254000,6394.000000,1.000000
0.157932,303.226600,6395.000000,1.000000
0.157938,306.177600,6396.000000,1.000000
0.157945,314.946600,6397.000000,1.000000
0.157958,306.889700,6398.000000,1.000000
0.158009,313.405600,6399.000000,1.000000
0.158016,313.557000,6400.000000,1.000000
0.158042,314.725300,6401.000000,1.000000
0.158042,313.694600,6402.000000,1.000000
0.158054,313.612200,6403.000000,1.000000
0.158055,306.639300,6404.000000,1.000000
0.158061,306.702000,6405.000000,1.000000
0.158074,313.721900,6406.000000,1.000000
0.158080,312.828300,6407.000000,1.000000
0.158106,303.271500,6408.000000,1.000000
0.158106,314.377000,6409.000000,1.000000
0.158132,313.869400,6410.000000,1.000000
0.158132,313.807300,6411.000000,1.000000
0.158203,306.658400,6412.000000,1.000000
0.158209,306.034700,6413.000000,1.000000
0.158242,301.278100,6414.000000,1.000000
0.158242,320.692200,6415.000000,1.000000
0.158242,307.679400,6416.000000,1.000000
0.158255,304.613900,6417.000000,1.000000
0.158261,301.163000,6418.000000,1.000000
0.158280,301.305500,6419.000000,1.000000
0.158280,301.427100,6420.000000,1.000000
0.158293,301.447200,6421.000000,1.000000
0.158293,301.322700,6422.000000,1.000000
0.158300,301.490000,6423.000000,1.000000
0.158306,301.583700,6424.000000,1.000000
0.158319,320.484700,6425.000000,1.000000
0.158325,320.694900,6426.000000,1.000000
0.158332,301.376400,6427.000000,1.000000
0.158332,319.589400,6428.000000,1.000000
0.158332,320.568600,6429.000000,1.000000
0.158338,320.636500,6430.000000,1.000000
0.158338,320.737700,6431.000000,1.000000
0.158351,320.466100,6432.000000,1.000000
0.158351,320.586100,6433.000000,1.000000
0.158351,320.550800,6434.000000,1.000000
0.158358,320.418500,6435.000000,1.000000
0.158358,320.652600,6436.000000,1.000000
0.158364,301.457500,6437.000000,1.000000
0.158364,320.589700,6438.000000,1.000000
0.158364,320.707400,6439.000000,1.000000
0.158370,320.583000,6440.000000,1.000000
0.158370,320.516200,6441.000000,1.000000
0.158370,319.745500,6442.000000,1.000000
0.158370,320.722100,6443.000000,1.000000
0.158370,319.571500,6444.000000,1.000000
0.158377,320.738400,6445.000000,1.000000
0.158377,304.930600,6446.000000,1.000000
0.158377,320.722000,6447.000000,1.000000
0.158383,320.562000,6448.000000,1.000000
0.158383,320.466900,6449.000000,1.000000
0.158390,320.574000,6450.000000,1.000000
0.158390,320.662600,6451.000000,1.000000
0.158390,319.783500,6452.000000,1.000000
0.158390,320.557700,6453.000000,1.000000
0.158390,320.618800,6454.000000,1.000000
0.158396,320.518500,6455.000000,1.000000
0.158396,320.545700,6456.000000,1.000000
0.158396,319.609500,6457.000000,1.000000
0.158396,320.837500,6458.000000,1.000000
0.158396,319.546600,6459.000000,1.000000
0.158396,320.504400,6460.000000,1.000000
0.158403,319.677800,6461.000000,1.000000
0.158403,320.759400,6462.000000,1.000000
0.158403,320.456600,6463.000000,1.000000
0.158403,320.594500,6464.000000,1.000000
0.158403,320.574800,6465.000000,1.000000
0.158409,320.589000,6466.000000,1.000000
0.158409,319.515800,6467.000000,1.000000
0.158409,320.572100,6468.000000,1.000000
0.158409,319.731800,6469.000000,1.000000
0.158409,320.581900,6470.000000,1.000000
0.158409,320.682600,6471.000000,1.000000
0.158409,288.084900,6472.000000,0.000000
0.158416,319.570300,6473.000000,1.000000
0.158416,320.561300,6474.000000,1.000000
0.158416,320.629600,6475.000000,1.000000
0.158416,320.622700,6476.000000,1.000000
0.158416,320.608800,6477.000000,1.000000
0.158422,320.506900,6478.000000,1.000000
0.158422,319.536500,6479.000000,1.000000
0.158422,320.590000,6480.000000,1.000000
0.158422,319.693400,6481.000000,1.000000
0.158422,320.642800,6482.000000,1.000000
0.158422,320.555400,6483.000000,1.000000
0.158429,320.587800,6484.000000,1.000000
0.158429,320.607600,6485.000000,1.000000
0.158429,320.647800,6486.000000,1.000000
0.158429,320.612100,6487.000000,1.000000
0.158435,320.590700,6488.000000,1.000000
0.158435,320.606100,6489.000000,1.000000
0.158435,320.550800,6490.000000,1.000000
0.158435,320.601400,6491.000000,1.000000
0.158435,319.662400,6492.000000,1.000000
0.158442,320.590800,6493.000000,1.000000
0.158442,320.690300,6494.000000,1.000000
0.158442,320.686900,6495.000000,1.000000
0.158442,319.728700,6496.000000,1.000000
0.158442,320.613200,6497.000000,1.000000
0.158448,320.536100,6498.000000,1.000000
0.158448,319.755600,6499.000000,1.000000
0.158448,320.399900,6500.000000,1.000000
0.158448,320.705900,6501.000000,1.000000
0.158448,320.607300,6502.000000,1.000000
0.158454,320.531400,6503.000000,1.000000
0.158454,320.669300,6504.000000,1.000000
0.158454,320.591700,6505.000000,1.000000
0.158454,320.377800,6506.000000,1.000000
0.158461,321.354200,6507.000000,1.000000
0.158461,320.575900,6508.000000,1.000000
0.158461,319.844700,6509.000000,1.000000
0.158461,320.612300,6510.000000,1.000000
0.158461,320.591600,6511.000000,1.000000
0.158461,320.602500,6512.000000,1.000000
0.158467,320.634500,6513.000000,1.000000
0.158467,320.482300,6514.000000,1.000000
0.158467,320.611700,6515.000000,1.000000
0.158467,319.581400,6516.000000,1.000000
0.158467,320.544700,6517.000000,1.000000
0.158474,320.578900,6518.000000,1.000000
0.158474,320.501400,6519.000000,1.000000
0.158474,320.523700,6520.000000,1.000000
0.158474,320.055500,6521.000000,1.000000
0.158474,320.552600,6522.000000,1.000000
0.158480,320.183300,6523.000000,1.000000
0.158480,320.799900,6524.000000,1.000000
0.158480,320.567000,6525.000000,1.000000
0.158480,319.608900,6526.000000,1.000000
0.158480,320.570900,6527.000000,1.000000
0.158480,320.601000,6528.000000,1.000000
0.158487,320.585200,6529.000000,1.000000
0.158487,320.620200,6530.000000,1.000000
0.158487,320.601300,6531.000000,1.000000
0.158487,320.619100,6532.000000,1.000000
0.158487,288.861500,6533.000000,0.000000
0.158493,320.593200,6534.000000,1.000000
0.158493,319.463700,6535.000000,1.000000
0.158493,320.651500,6536.000000,1.000000
0.158493,320.574400,6537.000000,1.000000
0.158493,319.574200,6538.000000,1.000000
0.158493,320.592100,6539.000000,1.000000
0.158499,320.609000,6540.000000,1.000000
0.158499,320.582600,6541.000000,1.000000
0.158499,320.570100,6542.000000,1.000000
0.158499,320.645300,6543.000000,1.000000
0.158499,320.100900,6544.000000,1.000000
0.158506,320.579400,6545.000000,1.000000
0.158506,306.354300,6546.000000,1.000000
0.158506,320.561100,6547.000000,1.000000
0.158506,320.590000,6548.000000,1.000000
0.158506,320.575700,6549.000000,1.000000
0.158512,320.558900,6550.000000,1.000000
0.158512,320.547300,6551.000000,1.000000
0.158512,320.600600,6552.000000,1.000000
0.158512,320.575600,6553.000000,1.000000
0.158519,320.597200,6554.000000,1.000000
0.158519,320.534400,6555.000000,1.000000
0.158519,320.501600,6556.000000,1.000000
0.158525,320.312600,6557.000000,1.000000
0.158525,320.645300,6558.000000,1.000000
0.158525,320.599900,6559.000000,1.000000
0.158525,320.344500,6560.000000,1.000000
0.158532,320.755800,6561.000000,1.000000
0.158532,320.125900,6562.000000,1.000000
0.158532,320.775800,6563.000000,1.000000
0.158532,302.903100,6564.000000,1.000000
0.158532,320.521500,6565.000000,1.000000
0.158532,320.644300,6566.000000,1.000000
0.158538,320.782300,6567.000000,1.000000
0.158538,320.663800,6568.000000,1.000000
0.158538,318.182700,6569.000000,1.000000
0.158538,320.562400,6570.000000,1.000000
0.158538,320.651200,6571.000000,1.000000
0.158544,320.641200,6572.000000,1.000000
0.158544,320.725900,6573.000000,1.000000
0.158544,320.611400,6574.000000,1.000000
0.158551,320.632900,6575.000000,1.000000
0.158551,320.729900,6576.000000,1.000000
0.158551,320.750100,6577.000000,1.000000
0.158557,301.345800,6578.000000,1.000000
0.158576,320.647700,6579.000000,1.000000
0.158588,491.951400,6580.000000,0.000000
0.158602,319.558200,6581.000000,1.000000
0.158609,300.874500,6582.000000,1.000000
0.158615,301.452700,6583.000000,1.000000
0.158615,312.344500,6584.000000,1.000000
0.158622,300.860800,6585.000000,1.000000
0.158621,320.601700,6586.000000,1.000000
0.158699,300.680800,6587.000000,1.000000
0.158731,322.397400,6588.000000,1.000000
0.158731,300.838000,6589.000000,1.000000
0.158744,300.865200,6590.000000,1.000000
0.158750,301.010400,6591.000000,1.000000
0.158763,300.932700,6592.000000,1.000000
0.158763,313.442600,6593.000000,1.000000
0.158769,337.545400,6594.000000,0.000000
0.158769,304.750200,6595.000000,1.000000
0.158782,301.081600,6596.000000,1.000000
0.158814,312.939800,6597.000000,1.000000
0.158834,300.622300,6598.000000,1.000000
0.158840,309.235300,6599.000000,1.000000
0.158853,305.543900,6600.000000,1.000000
0.158853,310.607100,6601.000000,1.000000
0.158879,305.530400,6602.000000,1.000000
0.158885,304.626700,6603.000000,1.000000
0.158885,317.987800,6604.000000,1.000000
0.158898,318.111400,6605.000000,1.000000
0.158904,318.343600,6606.000000,1.000000
0.158917,318.069000,6607.000000,1.000000
0.158923,318.369100,6608.000000,1.000000
0.158930,318.281200,6609.000000,1.000000
0.158936,318.339600,6610.000000,1.000000
0.158943,318.579600,6611.000000,1.000000
0.159033,298.602900,6612.000000,1.000000
0.159039,298.690200,6613.000000,1.000000
0.159052,298.839000,6614.000000,1.000000
0.159065,318.025300,6615.000000,1.000000
0.159084,298.792900,6616.000000,1.000000
0.159090,317.576800,6617.000000,1.000000
0.159090,298.777200,6618.000000,1.000000
0.159090,298.834900,6619.000000,1.000000
0.159109,318.240500,6620.000000,1.000000
0.159135,299.631100,6621.000000,1.000000
0.159161,318.301500,6622.000000,1.000000
0.159174,318.218700,6623.000000,1.000000
0.159186,317.606600,6624.000000,1.000000
0.159200,299.417200,6625.000000,1.000000
0.159225,298.860300,6626.000000,1.000000
0.159257,301.014300,6627.000000,1.000000
0.159257,298.007400,6628.000000,1.000000
0.159257,298.909400,6629.000000,1.000000
0.159283,316.876600,6630.000000,1.000000
0.159321,316.954700,6631.000000,1.000000
0.159334,317.459600,6632.000000,1.000000
0.159334,316.834500,6633.000000,1.000000
0.159341,298.795100,6634.000000,1.000000
0.159360,316.963100,6635.000000,1.000000
0.159367,204.496200,6636.000000,0.000000
0.159405,307.387300,6637.000000,1.000000
0.159418,296.925100,6638.000000,1.000000
0.159443,297.551200,6639.000000,1.000000
0.159469,298.324600,6640.000000,1.000000
0.159482,296.920400,6641.000000,1.000000
0.159495,316.713600,6642.000000,1.000000
0.159546,316.999500,6643.000000,1.000000
0.159559,317.024100,6644.000000,1.000000
0.159578,317.292300,6645.000000,1.000000
0.159591,312.444400,6646.000000,1.000000
0.159630,296.195400,6647.000000,1.000000
0.159662,313.927200,6648.000000,1.000000
0.159668,312.529800,6649.000000,1.000000
0.159668,299.433800,6650.000000,1.000000
0.159675,312.540400,6651.000000,1.000000
0.159675,314.552300,6652.000000,1.000000
0.159675,297.036800,6653.000000,1.000000
0.159700,314.757800,6654.000000,1.000000
0.159745,312.270400,6655.000000,1.000000
0.159745,312.314500,6656.000000,1.000000
0.159745,299.570000,6657.000000,1.000000
0.159758,299.280900,6658.000000,1.000000
0.159777,299.399200,6659.000000,1.000000
0.159790,299.374800,6660.000000,1.000000
0.159797,299.328900,6661.000000,1.000000
0.159810,299.271900,6662.000000,1.000000
0.159816,299.483600,6663.000000,1.000000
0.159829,295.660400,6664.000000,1.000000
0.159880,311.677300,6665.000000,1.000000
0.159880,311.387500,6666.000000,1.000000
0.159887,312.234200,6667.000000,1.000000
0.159887,299.330200,6668.000000,1.000000
0.159913,299.524000,6669.000000,1.000000
0.159919,312.047900,6670.000000,1.000000
0.159958,311.364500,6671.000000,1.000000
0.159971,295.491100,6672.000000,1.000000
0.160009,294.777500,6673.000000,1.000000
0.160016,294.632400,6674.000000,1.000000
0.160054,311.009900,6675.000000,1.000000
0.160074,311.018200,6676.000000,1.000000
0.160125,295.937600,6677.000000,1.000000
0.160126,288.622300,6678.000000,1.000000
0.160138,311.634600,6679.000000,1.000000
0.160216,295.714300,6680.000000,1.000000
0.160229,294.224000,6681.000000,1.000000
0.160235,294.350700,6682.000000,1.000000
0.160241,294.187200,6683.000000,1.000000
0.160286,312.041800,6684.000000,1.000000
0.160287,293.808300,6685.000000,1.000000
0.160293,294.065500,6686.000000,1.000000
0.160312,294.573100,6687.000000,1.000000
0.160319,311.591500,6688.000000,1.000000
0.160338,295.435200,6689.000000,1.000000
0.160357,295.423100,6690.000000,1.000000
0.160357,295.407200,6691.000000,1.000000
0.160370,293.666600,6692.000000,1.000000
0.160370,294.887500,6693.000000,1.000000
0.160383,295.115500,6694.000000,1.000000
0.160422,290.138700,6695.000000,1.000000
0.160467,310.804400,6696.000000,1.000000
0.160473,308.767200,6697.000000,1.000000
0.160492,310.674900,6698.000000,1.000000
0.160518,292.725200,6699.000000,1.000000
0.160531,291.970100,6700.000000,1.000000
0.160570,292.059500,6701.000000,1.000000
0.160583,292.610400,6702.000000,1.000000
0.160583,293.333200,6703.000000,1.000000
0.160596,293.326200,6704.000000,1.000000
0.160608,293.055200,6705.000000,1.000000
0.160673,307.186800,6706.000000,1.000000
0.160673,307.529400,6707.000000,1.000000
0.160685,307.402000,6708.000000,1.000000
0.160685,298.232900,6709.000000,1.000000
0.160692,309.180900,6710.000000,1.000000
0.160698,293.427000,6711.000000,1.000000
0.160705,307.261500,6712.000000,1.000000
0.160705,292.279000,6713.000000,1.000000
0.160718,307.425600,6714.000000,1.000000
0.160718,307.388700,6715.000000,1.000000
0.160718,293.434200,6716.000000,1.000000
0.160724,307.547500,6717.000000,1.000000
0.160730,307.359000,6718.000000,1.000000
0.160730,307.278300,6719.000000,1.000000
0.160737,307.275700,6720.000000,1.000000
0.160743,303.554300,6721.000000,1.000000
0.160743,293.518300,6722.000000,1.000000
0.160750,307.468800,6723.000000,1.000000
0.160750,291.664100,6724.000000,1.000000
0.160763,293.704700,6725.000000,1.000000
0.160776,293.562800,6726.000000,1.000000
0.160820,304.173700,6727.000000,1.000000
0.160891,291.742600,6728.000000,1.000000
0.160910,291.709000,6729.000000,1.000000
0.160917,291.783200,6730.000000,1.000000
0.160942,291.345700,6731.000000,1.000000
0.160987,303.143500,6732.000000,1.000000
0.161026,291.489100,6733.000000,1.000000
0.161083,299.888800,6734.000000,1.000000
0.161103,301.712100,6735.000000,1.000000
0.161103,294.568500,6736.000000,1.000000
0.161147,301.676700,6737.000000,1.000000
0.161167,302.160400,6738.000000,1.000000
0.161167,296.167200,6739.000000,1.000000
0.161186,301.440300,6740.000000,1.000000
0.161199,289.721100,6741.000000,1.000000
0.161205,292.069100,6742.000000,1.000000
0.161218,294.695200,6743.000000,1.000000
0.161250,294.925300,6744.000000,1.000000
0.161275,306.473900,6745.000000,1.000000
0.161282,306.536400,6746.000000,1.000000
0.161282,306.293400,6747.000000,1.000000
0.161301,306.361600,6748.000000,1.000000
0.161301,295.008100,6749.000000,1.000000
0.161307,306.496800,6750.000000,1.000000
0.161307,306.853400,6751.000000,1.000000
0.161307,289.632700,6752.000000,1.000000
0.161314,290.437700,6753.000000,1.000000
0.161339,289.295700,6754.000000,1.000000
0.161384,289.084700,6755.000000,1.000000
0.161429,289.344700,6756.000000,1.000000
0.161505,288.606500,6757.000000,1.000000
0.161512,288.496500,6758.000000,1.000000
0.161518,292.315500,6759.000000,1.000000
0.161524,288.515400,6760.000000,1.000000
0.161563,290.379900,6761.000000,1.000000
0.161582,312.772800,6762.000000,1.000000
0.161601,286.572700,6763.000000,1.000000
0.161614,312.888900,6764.000000,1.000000
0.161614,288.143300,6765.000000,1.000000
0.161620,293.242300,6766.000000,1.000000
0.161626,312.848000,6767.000000,1.000000
0.161627,289.793900,6768.000000,1.000000
0.161646,312.691700,6769.000000,1.000000
0.161652,304.683400,6770.000000,1.000000
0.161652,309.371000,6771.000000,1.000000
0.161652,287.799800,6772.000000,1.000000
0.161652,287.766300,6773.000000,1.000000
0.161665,312.794300,6774.000000,1.000000
0.161671,289.237600,6775.000000,1.000000
0.161678,312.180000,6776.000000,1.000000
0.161678,312.822100,6777.000000,1.000000
0.161684,312.897900,6778.000000,1.000000
0.161684,293.328800,6779.000000,1.000000
0.161684,287.663700,6780.000000,1.000000
0.161690,312.823300,6781.000000,1.000000
0.161691,287.755300,6782.000000,1.000000
0.161697,312.681900,6783.000000,1.000000
0.161703,312.786300,6784.000000,1.000000
0.161710,287.423900,6785.000000,1.000000
0.161729,312.638600,6786.000000,1.000000
0.161761,287.322200,6787.000000,1.000000
0.161761,287.251500,6788.000000,1.000000
0.161774,287.343200,6789.000000,1.000000
0.161786,308.634000,6790.000000,1.000000
0.161793,312.863500,6791.000000,1.000000
0.161799,287.102900,6792.000000,1.000000
0.161805,312.761900,6793.000000,1.000000
0.161818,312.744000,6794.000000,1.000000
0.161818,287.201400,6795.000000,1.000000
0.161882,287.244200,6796.000000,1.000000
0.161901,288.760400,6797.000000,1.000000
0.161901,287.336000,6798.000000,1.000000
0.161921,287.219600,6799.000000,1.000000
0.161921,288.049400,6800.000000,1.000000
0.161927,288.154200,6801.000000,1.000000
0.161953,290.169400,6802.000000,1.000000
0.161959,288.211600,6803.000000,1.000000
0.161965,287.207900,6804.000000,1.000000
0.161978,288.522000,6805.000000,1.000000
0.161991,287.408600,6806.000000,1.000000
0.162010,288.380900,6807.000000,1.000000
0.162055,287.284900,6808.000000,1.000000
0.162138,285.847300,6809.000000,1.000000
0.162145,293.067100,6810.000000,1.000000
0.162157,299.853700,6811.000000,1.000000
0.162164,292.911100,6812.000000,1.000000
0.162170,293.128500,6813.000000,1.000000
0.162177,279.133400,6814.000000,0.000000
0.162177,293.092600,6815.000000,1.000000
0.162183,285.292200,6816.000000,1.000000
0.162183,289.921200,6817.000000,1.000000
0.162189,293.165500,6818.000000,1.000000
0.162189,293.088600,6819.000000,1.000000
0.162196,286.416700,6820.000000,1.000000
0.162196,292.847000,6821.000000,1.000000
0.162202,293.066200,6822.000000,1.000000
0.162202,293.082000,6823.000000,1.000000
0.162209,293.008800,6824.000000,1.000000
0.162215,286.330600,6825.000000,1.000000
0.162215,293.298700,6826.000000,1.000000
0.162215,293.082100,6827.000000,1.000000
0.162221,293.117800,6828.000000,1.000000
0.162228,293.356000,6829.000000,1.000000
0.162228,286.766300,6830.000000,1.000000
0.162228,293.138700,6831.000000,1.000000
0.162234,292.925000,6832.000000,1.000000
0.162234,293.118900,6833.000000,1.000000
0.162234,293.205100,6834.000000,1.000000
0.162241,293.177100,6835.000000,1.000000
0.162241,293.104400,6836.000000,1.000000
0.162241,293.122500,6837.000000,1.000000
0.162247,293.184400,6838.000000,1.000000
0.162247,293.168100,6839.000000,1.000000
0.162247,293.106500,6840.000000,1.000000
0.162254,286.051400,6841.000000,1.000000
0.162253,293.077800,6842.000000,1.000000
0.162253,292.958500,6843.000000,1.000000
0.162260,292.999200,6844.000000,1.000000
0.162266,293.178500,6845.000000,1.000000
0.162266,293.184000,6846.000000,1.000000
0.162273,292.776400,6847.000000,1.000000
0.162273,293.219200,6848.000000,1.000000
0.162273,285.929100,6849.000000,1.000000
0.162273,292.861300,6850.000000,1.000000
0.162279,286.056200,6851.000000,1.000000
0.162279,293.089100,6852.000000,1.000000
0.162285,292.949300,6853.000000,1.000000
0.162285,285.321300,6854.000000,1.000000
0.162292,293.300900,6855.000000,1.000000
0.162292,293.144000,6856.000000,1.000000
0.162298,293.291200,6857.000000,1.000000
0.162298,292.946800,6858.000000,1.000000
0.162305,293.107000,6859.000000,1.000000
0.162311,285.296800,6860.000000,1.000000
0.162311,292.932300,6861.000000,1.000000
0.162311,293.082200,6862.000000,1.000000
0.162311,293.283900,6863.000000,1.000000
0.162318,285.205000,6864.000000,1.000000
0.162317,293.053500,6865.000000,1.000000
0.162317,293.127800,6866.000000,1.000000
0.162324,284.963300,6867.000000,1.000000
0.162324,287.073600,6868.000000,1.000000
0.162330,293.227100,6869.000000,1.000000
0.162330,293.067400,6870.000000,1.000000
0.162330,285.798600,6871.000000,1.000000
0.162337,293.142300,6872.000000,1.000000
0.162337,293.106800,6873.000000,1.000000
0.162343,293.188200,6874.000000,1.000000
0.162350,292.993200,6875.000000,1.000000
0.162382,292.977200,6876.000000,1.000000
0.162388,293.264300,6877.000000,1.000000
0.162401,293.152500,6878.000000,1.000000
0.162401,295.350300,6879.000000,1.000000
0.162414,293.139200,6880.000000,1.000000
0.162440,285.710200,6881.000000,1.000000
0.162440,295.666500,6882.000000,1.000000
0.162472,295.656500,6883.000000,1.000000
0.162498,288.466200,6884.000000,1.000000
0.162536,288.423500,6885.000000,1.000000
0.162549,288.963900,6886.000000,1.000000
0.162549,293.258900,6887.000000,1.000000
0.162556,293.683600,6888.000000,1.000000
0.162568,285.412500,6889.000000,1.000000
0.162575,293.596600,6890.000000,1.000000
0.162594,293.807700,6891.000000,1.000000
0.162607,294.178600,6892.000000,1.000000
0.162613,293.724500,6893.000000,1.000000
0.162652,293.734500,6894.000000,1.000000
0.162652,291.550200,6895.000000,1.000000
0.162678,293.369300,6896.000000,1.000000
0.162678,293.342400,6897.000000,1.000000
0.162678,291.573300,6898.000000,1.000000
0.162684,288.706900,6899.000000,1.000000
0.162704,293.183400,6900.000000,1.000000
0.162710,293.369000,6901.000000,1.000000
0.162729,293.729100,6902.000000,1.000000
0.162736,292.888000,6903.000000,1.000000
0.162749,293.773500,6904.000000,1.000000
0.162749,293.557600,6905.000000,1.000000
0.162749,292.741100,6906.000000,1.000000
0.162800,288.638600,6907.000000,1.000000
0.162839,292.175200,6908.000000,1.000000
0.162865,296.971300,6909.000000,1.000000
0.162871,288.525400,6910.000000,1.000000
0.162884,292.321800,6911.000000,1.000000
0.162897,292.243000,6912.000000,1.000000
0.162904,292.351300,6913.000000,1.000000
0.162910,284.958700,6914.000000,1.000000
0.162949,295.266100,6915.000000,1.000000
0.163000,293.272400,6916.000000,1.000000
0.163031,487.591200,6917.000000,0.000000
0.163058,296.115000,6918.000000,1.000000
0.163065,284.225600,6919.000000,1.000000
0.163104,283.389000,6920.000000,1.000000
0.163129,296.246900,6921.000000,1.000000
0.163149,296.102400,6922.000000,1.000000
0.163187,292.029700,6923.000000,1.000000
0.163200,297.174800,6924.000000,1.000000
0.163239,283.652500,6925.000000,1.000000
0.163252,286.632500,6926.000000,1.000000
0.163265,286.562900,6927.000000,1.000000
0.163271,286.609500,6928.000000,1.000000
0.163284,286.703800,6929.000000,1.000000
0.163284,286.588100,6930.000000,1.000000
0.163291,286.333700,6931.000000,1.000000
0.163291,286.734300,6932.000000,1.000000
0.163304,286.378800,6933.000000,1.000000
0.163304,286.464200,6934.000000,1.000000
0.163310,286.470300,6935.000000,1.000000
0.163316,286.853000,6936.000000,1.000000
0.163316,286.546300,6937.000000,1.000000
0.163323,283.585600,6938.000000,1.000000
0.163329,286.369200,6939.000000,1.000000
0.163329,296.343200,6940.000000,1.000000
0.163342,283.732200,6941.000000,1.000000
0.163349,296.553600,6942.000000,1.000000
0.163362,296.311200,6943.000000,1.000000
0.163387,290.640200,6944.000000,1.000000
0.163420,296.716800,6945.000000,1.000000
0.163426,296.582600,6946.000000,1.000000
0.163439,290.617900,6947.000000,1.000000
0.163445,290.843500,6948.000000,1.000000
0.163465,283.918000,6949.000000,1.000000
0.163484,290.532400,6950.000000,1.000000
0.163497,290.783700,6951.000000,1.000000
0.163503,290.863500,6952.000000,1.000000
0.163510,290.829700,6953.000000,1.000000
0.163510,290.623000,6954.000000,1.000000
0.163516,290.517300,6955.000000,1.000000
0.163516,290.845800,6956.000000,1.000000
0.163523,290.604800,6957.000000,1.000000
0.163523,290.767200,6958.000000,1.000000
0.163529,290.454600,6959.000000,1.000000
0.163529,290.691100,6960.000000,1.000000
0.163536,290.639900,6961.000000,1.000000
0.163536,290.747500,6962.000000,1.000000
0.163536,290.659000,6963.000000,1.000000
0.163536,290.716900,6964.000000,1.000000
0.163542,290.775500,6965.000000,1.000000
0.163542,290.691500,6966.000000,1.000000
0.163542,290.672500,6967.000000,1.000000
0.163542,290.878400,6968.000000,1.000000
0.163549,290.762600,6969.000000,1.000000
0.163549,290.677200,6970.000000,1.000000
0.163549,290.787400,6971.000000,1.000000
0.163549,287.009700,6972.000000,1.000000
0.163549,290.716800,6973.000000,1.000000
0.163555,290.750600,6974.000000,1.000000
0.163555,290.675700,6975.000000,1.000000
0.163555,286.558800,6976.000000,1.000000
0.163555,290.695500,6977.000000,1.000000
0.163555,290.687500,6978.000000,1.000000
0.163561,290.781300,6979.000000,1.000000
0.163561,290.770400,6980.000000,1.000000
0.163561,290.652700,6981.000000,1.000000
0.163568,290.603100,6982.000000,1.000000
0.163568,290.699700,6983.000000,1.000000
0.163568,290.726000,6984.000000,1.000000
0.163568,290.799800,6985.000000,1.000000
0.163575,290.686200,6986.000000,1.000000
0.163575,290.736800,6987.000000,1.000000
0.163575,290.683100,6988.000000,1.000000
0.163575,290.753800,6989.000000,1.000000
0.163581,290.702900,6990.000000,1.000000
0.163581,290.784300,6991.000000,1.000000
0.163581,290.296800,6992.000000,1.000000
0.163581,290.608100,6993.000000,1.000000
0.163581,290.706100,6994.000000,1.000000
0.163587,290.709500,6995.000000,1.000000
0.163587,290.670400,6996.000000,1.000000
0.163587,290.721700,6997.000000,1.000000
0.163587,290.637100,6998.000000,1.000000
0.163594,283.605300,6999.000000,1.000000
0.163594,290.723800,7000.000000,1.000000
0.163594,290.739600,7001.000000,1.000000
0.163594,290.813700,7002.000000,1.000000
0.163600,290.687400,7003.000000,1.000000
0.163600,290.770800,7004.000000,1.000000
0.163600,290.693800,7005.000000,1.000000
0.163600,290.462000,7006.000000,1.000000
0.163607,290.856100,7007.000000,1.000000
0.163607,285.288900,7008.000000,1.000000
0.163607,290.725200,7009.000000,1.000000
0.163607,290.747800,7010.000000,1.000000
0.163613,290.796500,7011.000000,1.000000
0.163613,290.731000,7012.000000,1.000000
0.163613,290.679000,7013.000000,1.000000
0.163620,290.776000,7014.000000,1.000000
0.163620,290.805400,7015.000000,1.000000
0.163625,399.863300,7016.000000,0.000000
0.163626,290.690600,7017.000000,1.000000
0.163626,290.695300,7018.000000,1.000000
0.163626,284.839200,7019.000000,1.000000
0.163645,290.553500,7020.000000,1.000000
0.163665,290.767800,7021.000000,1.000000
0.163665,283.132900,7022.000000,1.000000
0.163671,283.131200,7023.000000,1.000000
0.163697,283.077900,7024.000000,1.000000
0.163729,286.704600,7025.000000,1.000000
0.163742,282.908900,7026.000000,1.000000
0.163761,286.457300,7027.000000,1.000000
0.163768,283.183200,7028.000000,1.000000
0.163800,282.985200,7029.000000,1.000000
0.163813,282.645300,7030.000000,1.000000
0.163845,282.751500,7031.000000,1.000000
0.163864,292.459700,7032.000000,1.000000
0.163871,282.895700,7033.000000,1.000000
0.163909,282.627100,7034.000000,1.000000
0.163916,282.595400,7035.000000,1.000000
0.163928,282.676600,7036.000000,1.000000
0.163941,282.688300,7037.000000,1.000000
0.163954,282.584900,7038.000000,1.000000
0.163961,284.736400,7039.000000,1.000000
0.163980,282.688200,7040.000000,1.000000
0.163993,282.663500,7041.000000,1.000000
0.164006,282.712400,7042.000000,1.000000
0.164012,282.660600,7043.000000,1.000000
0.164018,282.628700,7044.000000,1.000000
0.164030,458.618300,7045.000000,0.000000
0.164051,284.470600,7046.000000,1.000000
0.164076,284.390500,7047.000000,1.000000
0.164095,334.433300,7048.000000,0.000000
0.164096,284.439000,7049.000000,1.000000
0.164096,286.064600,7050.000000,1.000000
0.164108,282.478700,7051.000000,1.000000
0.164115,282.300200,7052.000000,1.000000
0.164121,284.277000,7053.000000,1.000000
0.164128,282.485500,7054.000000,1.000000
0.164128,282.421100,7055.000000,1.000000
0.164128,282.706700,7056.000000,1.000000
0.164128,284.566000,7057.000000,1.000000
0.164134,282.503300,7058.000000,1.000000
0.164141,284.362300,7059.000000,1.000000
0.164147,282.465100,7060.000000,1.000000
0.164160,289.889400,7061.000000,1.000000
0.164160,286.799000,7062.000000,1.000000
0.164172,339.793200,7063.000000,0.000000
0.164179,282.757000,7064.000000,1.000000
0.164186,282.616000,7065.000000,1.000000
0.164186,290.093600,7066.000000,1.000000
0.164192,287.068200,7067.000000,1.000000
0.164205,287.036300,7068.000000,1.000000
0.164218,289.746700,7069.000000,1.000000
0.164224,289.741200,7070.000000,1.000000
0.164224,282.100900,7071.000000,1.000000
0.164237,289.731900,7072.000000,1.000000
0.164243,282.359100,7073.000000,1.000000
0.164243,282.437200,7074.000000,1.000000
0.164263,282.652800,7075.000000,1.000000
0.164263,282.158900,7076.000000,1.000000
0.164263,282.048300,7077.000000,1.000000
0.164269,282.338200,7078.000000,1.000000
0.164282,282.426100,7079.000000,1.000000
0.164282,282.261900,7080.000000,1.000000
0.164288,282.259100,7081.000000,1.000000
0.164288,282.377300,7082.000000,1.000000
0.164327,282.202400,7083.000000,1.000000
0.164378,293.257300,7084.000000,1.000000
0.164417,293.046600,7085.000000,1.000000
0.164520,284.222300,7086.000000,1.000000
0.164565,282.091600,7087.000000,1.000000
0.164571,292.673600,7088.000000,1.000000
0.164590,292.608900,7089.000000,1.000000
0.164597,291.052000,7090.000000,1.000000
0.164610,287.029900,7091.000000,1.000000
0.164629,276.750200,7092.000000,1.000000
0.164635,281.896100,7093.000000,1.000000
0.164635,287.416700,7094.000000,1.000000
0.164648,281.580600,7095.000000,1.000000
0.164648,281.877700,7096.000000,1.000000
0.164661,281.230300,7097.000000,1.000000
0.164693,285.468900,7098.000000,1.000000
0.164700,281.796700,7099.000000,1.000000
0.164706,281.628000,7100.000000,1.000000
0.164712,289.141900,7101.000000,1.000000
0.164725,281.542000,7102.000000,1.000000
0.164732,289.451200,7103.000000,1.000000
0.164738,289.799300,7104.000000,1.000000
0.164783,281.329900,7105.000000,1.000000
0.164790,281.295500,7106.000000,1.000000
0.164809,281.298000,7107.000000,1.000000
0.164820,473.588000,7108.000000,0.000000
0.164822,281.243900,7109.000000,1.000000
0.164841,281.298500,7110.000000,1.000000
0.164872,340.930800,7111.000000,0.000000
0.164873,280.874400,7112.000000,1.000000
0.164892,281.477600,7113.000000,1.000000
0.164899,281.256800,7114.000000,1.000000
0.164918,303.787600,7115.000000,1.000000
0.164937,281.543900,7116.000000,1.000000
0.164950,303.347900,7117.000000,1.000000
0.164963,303.296000,7118.000000,1.000000
0.164969,303.653100,7119.000000,1.000000
0.164969,304.390700,7120.000000,1.000000
0.164969,303.523100,7121.000000,1.000000
0.164976,303.643900,7122.000000,1.000000
0.164976,303.632100,7123.000000,1.000000
0.164982,303.782100,7124.000000,1.000000
0.164982,304.323400,7125.000000,1.000000
0.164982,303.571300,7126.000000,1.000000
0.164982,304.287400,7127.000000,1.000000
0.164982,285.908900,7128.000000,1.000000
0.164989,303.437300,7129.000000,1.000000
0.164989,303.602400,7130.000000,1.000000
0.164989,303.794900,7131.000000,1.000000
0.164989,303.586800,7132.000000,1.000000
0.164995,303.621100,7133.000000,1.000000
0.164995,303.425400,7134.000000,1.000000
0.164995,286.043700,7135.000000,1.000000
0.164995,287.379500,7136.000000,1.000000
0.165001,303.609100,7137.000000,1.000000
0.165001,303.579300,7138.000000,1.000000
0.165008,304.448700,7139.000000,1.000000
0.165008,303.683300,7140.000000,1.000000
0.165008,303.440300,7141.000000,1.000000
0.165014,303.621700,7142.000000,1.000000
0.165014,304.476500,7143.000000,1.000000
0.165014,303.545600,7144.000000,1.000000
0.165014,303.496500,7145.000000,1.000000
0.165021,303.655700,7146.000000,1.000000
0.165021,304.455800,7147.000000,1.000000
0.165021,303.613200,7148.000000,1.000000
0.165021,303.454000,7149.000000,1.000000
0.165040,303.614300,7150.000000,1.000000
0.165040,303.639600,7151.000000,1.000000
0.165046,304.085900,7152.000000,1.000000
0.165072,303.717500,7153.000000,1.000000
0.165124,304.862100,7154.000000,1.000000
0.165143,281.371000,7155.000000,1.000000
0.165175,281.486500,7156.000000,1.000000
0.165175,282.982800,7157.000000,1.000000
0.165195,283.301400,7158.000000,1.000000
0.165208,282.059600,7159.000000,1.000000
0.165227,304.708500,7160.000000,1.000000
0.165285,281.782400,7161.000000,1.000000
0.165291,303.167500,7162.000000,1.000000
0.165291,303.306900,7163.000000,1.000000
0.165298,283.652000,7164.000000,1.000000
0.165304,281.504900,7165.000000,1.000000
0.165317,303.136100,7166.000000,1.000000
0.165330,303.338400,7167.000000,1.000000
0.165342,303.484600,7168.000000,1.000000
0.165362,302.745500,7169.000000,1.000000
0.165368,279.489300,7170.000000,1.000000
0.165387,302.864200,7171.000000,1.000000
0.165394,303.220800,7172.000000,1.000000
0.165420,293.853300,7173.000000,1.000000
0.165452,286.756200,7174.000000,1.000000
0.165495,440.479100,7175.000000,0.000000
0.165497,288.652000,7176.000000,1.000000
0.165516,288.818900,7177.000000,1.000000
0.165516,288.733300,7178.000000,1.000000
0.165516,288.736800,7179.000000,1.000000
0.165516,288.785200,7180.000000,1.000000
0.165523,286.966900,7181.000000,1.000000
0.165523,288.679300,7182.000000,1.000000
0.165529,288.761500,7183.000000,1.000000
0.165536,288.672400,7184.000000,1.000000
0.165536,288.733200,7185.000000,1.000000
0.165542,288.829200,7186.000000,1.000000
0.165542,286.823400,7187.000000,1.000000
0.165542,286.257800,7188.000000,1.000000
0.165542,288.816700,7189.000000,1.000000
0.165542,287.511900,7190.000000,1.000000
0.165542,288.822300,7191.000000,1.000000
0.165548,288.788100,7192.000000,1.000000
0.165548,288.719300,7193.000000,1.000000
0.165555,279.318900,7194.000000,1.000000
0.165574,288.931700,7195.000000,1.000000
0.165581,288.908200,7196.000000,1.000000
0.165581,279.006300,7197.000000,1.000000
0.165581,288.883400,7198.000000,1.000000
0.165606,288.816300,7199.000000,1.000000
0.165613,286.420400,7200.000000,1.000000
0.165619,290.593600,7201.000000,1.000000
0.165645,288.770100,7202.000000,1.000000
0.165722,288.399100,7203.000000,1.000000
0.165735,288.392500,7204.000000,1.000000
0.165793,287.985000,7205.000000,1.000000
0.165863,278.897000,7206.000000,1.000000
0.165870,278.839400,7207.000000,1.000000
0.165876,278.777400,7208.000000,1.000000
0.165883,278.502700,7209.000000,1.000000
0.165889,278.495200,7210.000000,1.000000
0.165896,285.072400,7211.000000,1.000000
0.165902,286.759200,7212.000000,1.000000
0.165928,285.046000,7213.000000,1.000000
0.165947,281.060900,7214.000000,1.000000
0.165953,285.327800,7215.000000,1.000000
0.165986,277.800100,7216.000000,1.000000
0.165998,278.148900,7217.000000,1.000000
0.165998,278.145500,7218.000000,1.000000
0.166005,285.305200,7219.000000,1.000000
0.166024,278.134000,7220.000000,1.000000
0.166024,282.093100,7221.000000,1.000000
0.166050,278.239700,7222.000000,1.000000
0.166069,291.660900,7223.000000,1.000000
0.166088,291.072100,7224.000000,1.000000
0.166127,289.913800,7225.000000,1.000000
0.166229,288.743800,7226.000000,1.000000
0.166249,289.083100,7227.000000,1.000000
0.166281,288.507100,7228.000000,1.000000
0.166287,287.968100,7229.000000,1.000000
0.166287,289.262200,7230.000000,1.000000
0.166294,277.429000,7231.000000,1.000000
0.166371,277.380300,7232.000000,1.000000
0.166371,279.036700,7233.000000,1.000000
0.166383,287.987100,7234.000000,1.000000
0.166409,287.789900,7235.000000,1.000000
0.166409,287.673900,7236.000000,1.000000
0.166467,288.144700,7237.000000,1.000000
0.166467,288.687000,7238.000000,1.000000
0.166479,288.543700,7239.000000,1.000000
0.166492,277.359700,7240.000000,1.000000
0.166499,286.244200,7241.000000,1.000000
0.166518,291.978800,7242.000000,1.000000
0.166518,277.421100,7243.000000,1.000000
0.166543,292.127900,7244.000000,1.000000
0.166556,292.494800,7245.000000,1.000000
0.166569,292.025700,7246.000000,1.000000
0.166620,292.391500,7247.000000,1.000000
0.166633,278.982400,7248.000000,1.000000
0.166646,278.575900,7249.000000,1.000000
0.166685,278.753700,7250.000000,1.000000
0.166697,275.739700,7251.000000,1.000000
0.166703,366.699800,7252.000000,0.000000
0.166704,275.948500,7253.000000,1.000000
0.166710,278.594600,7254.000000,1.000000
0.166717,286.170200,7255.000000,1.000000
0.166755,286.264200,7256.000000,1.000000
0.166761,286.397800,7257.000000,1.000000
0.166768,286.306300,7258.000000,1.000000
0.166794,275.618600,7259.000000,1.000000
0.166800,296.598500,7260.000000,1.000000
0.166826,292.667000,7261.000000,1.000000
0.166909,286.266400,7262.000000,1.000000
0.166960,286.595700,7263.000000,1.000000
0.166973,286.369900,7264.000000,1.000000
0.166986,286.541300,7265.000000,1.000000
0.167018,279.957900,7266.000000,1.000000
0.167160,274.212900,7267.000000,1.000000
0.167173,274.154400,7268.000000,1.000000
0.167198,274.277600,7269.000000,1.000000
0.167237,275.618800,7270.000000,1.000000
0.167275,274.311400,7271.000000,1.000000
0.167282,274.120300,7272.000000,1.000000
0.167282,274.163400,7273.000000,1.000000
0.167288,279.979800,7274.000000,1.000000
0.167353,285.527600,7275.000000,1.000000
0.167365,285.614100,7276.000000,1.000000
0.167378,285.831400,7277.000000,1.000000
0.167449,276.826100,7278.000000,1.000000
0.167456,275.416000,7279.000000,1.000000
0.167481,275.848300,7280.000000,1.000000
0.167501,275.478900,7281.000000,1.000000
0.167501,274.125000,7282.000000,1.000000
0.167507,277.047800,7283.000000,1.000000
0.167520,291.014800,7284.000000,1.000000
0.167520,292.204300,7285.000000,1.000000
0.167539,275.897600,7286.000000,1.000000
0.167539,292.637400,7287.000000,1.000000
0.167540,272.525300,7288.000000,1.000000
0.167559,272.713100,7289.000000,1.000000
0.167610,291.926800,7290.000000,1.000000
0.167636,272.362200,7291.000000,1.000000
0.167643,273.450400,7292.000000,1.000000
0.167643,275.010700,7293.000000,1.000000
0.167656,272.693800,7294.000000,1.000000
0.167695,272.493300,7295.000000,1.000000
0.167701,275.317600,7296.000000,1.000000
0.167707,283.820600,7297.000000,1.000000
0.167733,274.125500,7298.000000,1.000000
0.167740,274.207800,7299.000000,1.000000
0.167772,278.737400,7300.000000,1.000000
0.167772,291.821000,7301.000000,1.000000
0.167804,293.267500,7302.000000,1.000000
0.167830,292.632200,7303.000000,1.000000
0.167843,278.315600,7304.000000,1.000000
0.167856,278.693100,7305.000000,1.000000
0.167869,272.772700,7306.000000,1.000000
0.167882,275.047600,7307.000000,1.000000
0.167895,272.558100,7308.000000,1.000000
0.167902,272.442900,7309.000000,1.000000
0.167914,271.970300,7310.000000,1.000000
0.167966,278.799100,7311.000000,1.000000
0.167966,281.058700,7312.000000,1.000000
0.167973,278.507700,7313.000000,1.000000
0.167998,280.657500,7314.000000,1.000000
0.167999,273.604300,7315.000000,1.000000
0.168031,270.312500,7316.000000,1.000000
0.168050,282.898800,7317.000000,1.000000
0.168063,279.385600,7318.000000,1.000000
0.168108,270.750700,7319.000000,1.000000
0.168121,272.461800,7320.000000,1.000000
0.168134,277.225900,7321.000000,1.000000
0.168160,270.482700,7322.000000,1.000000
0.168173,276.929000,7323.000000,1.000000
0.168192,276.911000,7324.000000,1.000000
0.168205,276.906200,7325.000000,1.000000
0.168225,272.847300,7326.000000,1.000000
0.168264,272.756500,7327.000000,1.000000
0.168302,272.583600,7328.000000,1.000000
0.168302,272.796700,7329.000000,1.000000
0.168315,272.666800,7330.000000,1.000000
0.168322,272.240400,7331.000000,1.000000
0.168335,272.781600,7332.000000,1.000000
0.168348,272.478200,7333.000000,1.000000
0.168354,272.694700,7334.000000,1.000000
0.168360,278.563800,7335.000000,1.000000
0.168360,272.651400,7336.000000,1.000000
0.168360,272.760000,7337.000000,1.000000
0.168367,272.752900,7338.000000,1.000000
0.168373,272.770800,7339.000000,1.000000
0.168373,273.715200,7340.000000,1.000000
0.168373,272.675200,7341.000000,1.000000
0.168373,272.699600,7342.000000,1.000000
0.168380,272.805700,7343.000000,1.000000
0.168380,272.594900,7344.000000,1.000000
0.168380,269.553600,7345.000000,1.000000
0.168380,272.830000,7346.000000,1.000000
0.168386,272.597500,7347.000000,1.000000
0.168393,271.890700,7348.000000,1.000000
0.168399,269.764000,7349.000000,1.000000
0.168399,272.721100,7350.000000,1.000000
0.168406,269.580400,7351.000000,1.000000
0.168419,270.304400,7352.000000,1.000000
0.168438,272.881800,7353.000000,1.000000
0.168438,270.104200,7354.000000,1.000000
0.168490,268.664800,7355.000000,1.000000
0.168554,290.735200,7356.000000,1.000000
0.168573,290.224100,7357.000000,1.000000
0.168631,275.700300,7358.000000,1.000000
0.168638,272.932700,7359.000000,1.000000
0.168644,290.137800,7360.000000,1.000000
0.168651,288.001300,7361.000000,1.000000
0.168651,290.402000,7362.000000,1.000000
0.168657,275.711600,7363.000000,1.000000
0.168657,275.679700,7364.000000,1.000000
0.168702,286.043100,7365.000000,1.000000
0.168722,286.213000,7366.000000,1.000000
0.168722,267.053500,7367.000000,1.000000
0.168728,266.849100,7368.000000,1.000000
0.168747,286.857600,7369.000000,1.000000
0.168767,266.972900,7370.000000,1.000000
0.168773,286.229900,7371.000000,1.000000
0.168773,285.204600,7372.000000,1.000000
0.168773,286.950100,7373.000000,1.000000
0.168773,286.842500,7374.000000,1.000000
0.168773,267.179100,7375.000000,1.000000
0.168786,286.089500,7376.000000,1.000000
0.168786,286.876000,7377.000000,1.000000
0.168786,286.029000,7378.000000,1.000000
0.168792,286.944900,7379.000000,1.000000
0.168792,285.857500,7380.000000,1.000000
0.168792,271.451500,7381.000000,1.000000
0.168792,268.589800,7382.000000,1.000000
0.168799,287.017500,7383.000000,1.000000
0.168799,286.133700,7384.000000,1.000000
0.168799,287.073600,7385.000000,1.000000
0.168805,286.112100,7386.000000,1.000000
0.168805,286.262100,7387.000000,1.000000
0.168805,286.168200,7388.000000,1.000000
0.168812,286.258800,7389.000000,1.000000
0.168812,286.964100,7390.000000,1.000000
0.168812,286.306200,7391.000000,1.000000
0.168818,286.135700,7392.000000,1.000000
0.168818,285.975800,7393.000000,1.000000
0.168818,286.720400,7394.000000,1.000000
0.168818,286.093900,7395.000000,1.000000
0.168824,285.556300,7396.000000,1.000000
0.168824,286.731200,7397.000000,1.000000
0.168824,286.720000,7398.000000,1.000000
0.168824,286.737200,7399.000000,1.000000
0.168831,286.091300,7400.000000,1.000000
0.168831,286.594900,7401.000000,1.000000
0.168831,286.144800,7402.000000,1.000000
0.168831,286.829800,7403.000000,1.000000
0.168831,286.175200,7404.000000,1.000000
0.168837,286.746100,7405.000000,1.000000
0.168837,286.207800,7406.000000,1.000000
0.168837,286.869500,7407.000000,1.000000
0.168837,286.110700,7408.000000,1.000000
0.168837,286.120600,7409.000000,1.000000
0.168844,286.100400,7410.000000,1.000000
0.168844,286.688400,7411.000000,1.000000
0.168844,286.138700,7412.000000,1.000000
0.168850,286.160900,7413.000000,1.000000
0.168856,286.151700,7414.000000,1.000000
0.168863,286.678500,7415.000000,1.000000
0.168863,286.207400,7416.000000,1.000000
0.168863,286.742500,7417.000000,1.000000
0.168869,287.040300,7418.000000,1.000000
0.168869,286.930900,7419.000000,1.000000
0.168882,286.731700,7420.000000,1.000000
0.168882,286.233400,7421.000000,1.000000
0.168889,286.172500,7422.000000,1.000000
0.168889,286.650700,7423.000000,1.000000
0.168895,286.635800,7424.000000,1.000000
0.168895,286.196900,7425.000000,1.000000
0.168901,286.140100,7426.000000,1.000000
0.168901,286.915700,7427.000000,1.000000
0.168908,286.256700,7428.000000,1.000000
0.168908,287.067000,7429.000000,1.000000
0.168914,287.240500,7430.000000,1.000000
0.168914,287.124600,7431.000000,1.000000
0.168914,286.624100,7432.000000,1.000000
0.168921,286.827300,7433.000000,1.000000
0.168927,285.997800,7434.000000,1.000000
0.168933,286.998100,7435.000000,1.000000
0.168933,286.756600,7436.000000,1.000000
0.168940,286.806700,7437.000000,1.000000
0.168940,286.440400,7438.000000,1.000000
0.168946,286.754900,7439.000000,1.000000
0.168946,286.722800,7440.000000,1.000000
0.168998,286.280400,7441.000000,1.000000
0.169049,283.114700,7442.000000,1.000000
0.169062,266.748900,7443.000000,1.000000
0.169081,276.398600,7444.000000,1.000000
0.169126,266.806300,7445.000000,1.000000
0.169152,266.777400,7446.000000,1.000000
0.169184,266.839600,7447.000000,1.000000
0.169196,266.612700,7448.000000,1.000000
0.169216,266.519100,7449.000000,1.000000
0.169235,266.810600,7450.000000,1.000000
0.169261,266.361400,7451.000000,1.000000
0.169286,266.404800,7452.000000,1.000000
0.169287,231.700400,7453.000000,0.000000
0.169305,266.439600,7454.000000,1.000000
0.169318,266.458100,7455.000000,1.000000
0.169331,266.375500,7456.000000,1.000000
0.169376,269.443400,7457.000000,1.000000
0.169395,270.397200,7458.000000,1.000000
0.169446,270.407700,7459.000000,1.000000
0.169453,270.308400,7460.000000,1.000000
0.169465,270.551800,7461.000000,1.000000
0.169491,270.237400,7462.000000,1.000000
0.169496,418.171800,7463.000000,0.000000
0.169510,269.985400,7464.000000,1.000000
0.169561,270.403400,7465.000000,1.000000
0.169574,266.387200,7466.000000,1.000000
0.169587,266.440700,7467.000000,1.000000
0.169696,266.428500,7468.000000,1.000000
0.169747,266.550500,7469.000000,1.000000
0.169766,268.016800,7470.000000,1.000000
0.169766,266.527200,7471.000000,1.000000
0.169779,266.576600,7472.000000,1.000000
0.169779,266.521900,7473.000000,1.000000
0.169792,266.563400,7474.000000,1.000000
0.169831,266.569900,7475.000000,1.000000
0.169843,266.599300,7476.000000,1.000000
0.169850,266.433300,7477.000000,1.000000
0.169869,267.118000,7478.000000,1.000000
0.169875,266.662600,7479.000000,1.000000
0.169875,270.030500,7480.000000,1.000000
0.169895,266.673200,7481.000000,1.000000
0.169939,266.862700,7482.000000,1.000000
0.169971,274.303400,7483.000000,1.000000
0.170042,265.738900,7484.000000,1.000000
0.170100,265.416000,7485.000000,1.000000
0.170106,265.429800,7486.000000,1.000000
0.170113,265.986700,7487.000000,1.000000
0.170170,268.849800,7488.000000,1.000000
0.170216,263.340000,7489.000000,1.000000
0.170241,267.549600,7490.000000,1.000000
0.170299,263.786300,7491.000000,1.000000
0.170350,278.188200,7492.000000,1.000000
0.170363,274.327200,7493.000000,1.000000
0.170409,261.204200,7494.000000,1.000000
0.170441,271.754300,7495.000000,1.000000
0.170441,272.155900,7496.000000,1.000000
0.170479,272.286700,7497.000000,1.000000
0.170479,272.050600,7498.000000,1.000000
0.170486,260.678600,7499.000000,1.000000
0.170531,272.348600,7500.000000,1.000000
0.170563,260.967400,7501.000000,1.000000
0.170569,261.947500,7502.000000,1.000000
0.170569,263.992700,7503.000000,1.000000
0.170602,260.775000,7504.000000,1.000000
0.170608,262.222700,7505.000000,1.000000
0.170634,270.308000,7506.000000,1.000000
0.170640,262.138500,7507.000000,1.000000
0.170647,263.820900,7508.000000,1.000000
0.170692,262.998000,7509.000000,1.000000
0.170692,263.015400,7510.000000,1.000000
0.170698,262.042100,7511.000000,1.000000
0.170711,259.965300,7512.000000,1.000000
0.170711,264.144400,7513.000000,1.000000
0.170724,262.229700,7514.000000,1.000000
0.170730,262.260100,7515.000000,1.000000
0.170743,262.552500,7516.000000,1.000000
0.170743,262.368400,7517.000000,1.000000
0.170756,263.445300,7518.000000,1.000000
0.170756,262.692100,7519.000000,1.000000
0.170782,262.645800,7520.000000,1.000000
0.170782,261.082900,7521.000000,1.000000
0.170814,262.765800,7522.000000,1.000000
0.170814,263.482500,7523.000000,1.000000
0.170820,262.681900,7524.000000,1.000000
0.170820,262.703500,7525.000000,1.000000
0.170820,262.604900,7526.000000,1.000000
0.170827,262.567600,7527.000000,1.000000
0.170827,262.633200,7528.000000,1.000000
0.170827,262.770500,7529.000000,1.000000
0.170833,262.789700,7530.000000,1.000000
0.170833,262.684200,7531.000000,1.000000
0.170833,262.698700,7532.000000,1.000000
0.170840,262.756900,7533.000000,1.000000
0.170840,262.608400,7534.000000,1.000000
0.170846,262.478300,7535.000000,1.000000
0.170846,262.516100,7536.000000,1.000000
0.170846,262.469000,7537.000000,1.000000
0.170853,262.660200,7538.000000,1.000000
0.170853,262.650100,7539.000000,1.000000
0.170853,262.709200,7540.000000,1.000000
0.170853,262.661400,7541.000000,1.000000
0.170859,262.637600,7542.000000,1.000000
0.170859,262.609000,7543.000000,1.000000
0.170859,262.616100,7544.000000,1.000000
0.170859,262.671700,7545.000000,1.000000
0.170865,262.634600,7546.000000,1.000000
0.170865,262.644200,7547.000000,1.000000
0.170865,262.526200,7548.000000,1.000000
0.170865,262.692200,7549.000000,1.000000
0.170872,262.742300,7550.000000,1.000000
0.170872,262.693200,7551.000000,1.000000
0.170872,262.660800,7552.000000,1.000000
0.170872,262.671400,7553.000000,1.000000
0.170878,262.474300,7554.000000,1.000000
0.170878,262.508200,7555.000000,1.000000
0.170878,262.672700,7556.000000,1.000000
0.170885,262.762500,7557.000000,1.000000
0.170885,262.459800,7558.000000,1.000000
0.170885,262.809100,7559.000000,1.000000
0.170885,260.240600,7560.000000,1.000000
0.170885,262.617200,7561.000000,1.000000
0.170885,261.990700,7562.000000,1.000000
0.170891,262.818300,7563.000000,1.000000
0.170891,262.604700,7564.000000,1.000000
0.170891,262.613700,7565.000000,1.000000
0.170891,262.674800,7566.000000,1.000000
0.170898,260.489400,7567.000000,1.000000
0.170898,262.498800,7568.000000,1.000000
0.170898,262.830500,7569.000000,1.000000
0.170898,262.453000,7570.000000,1.000000
0.170898,262.594200,7571.000000,1.000000
0.170904,262.602100,7572.000000,1.000000
0.170904,262.582100,7573.000000,1.000000
0.170904,262.572300,7574.000000,1.000000
0.170904,262.640000,7575.000000,1.000000
0.170911,262.522400,7576.000000,1.000000
0.170911,262.018600,7577.000000,1.000000
0.170911,262.627100,7578.000000,1.000000
0.170911,262.439000,7579.000000,1.000000
0.170911,262.573000,7580.000000,1.000000
0.170917,262.471600,7581.000000,1.000000
0.170917,262.483100,7582.000000,1.000000
0.170917,262.449500,7583.000000,1.000000
0.170917,262.571800,7584.000000,1.000000
0.170923,262.388800,7585.000000,1.000000
0.170923,262.505500,7586.000000,1.000000
0.170923,262.655200,7587.000000,1.000000
0.170923,262.550100,7588.000000,1.000000
0.170930,262.579400,7589.000000,1.000000
0.170930,262.542400,7590.000000,1.000000
0.170930,262.502300,7591.000000,1.000000
0.170930,269.928400,7592.000000,1.000000
0.170936,262.654300,7593.000000,1.000000
0.170936,262.427300,7594.000000,1.000000
0.170936,262.646400,7595.000000,1.000000
0.170943,262.473500,7596.000000,1.000000
0.170949,262.716300,7597.000000,1.000000
0.170949,262.588200,7598.000000,1.000000
0.170949,262.478600,7599.000000,1.000000
0.170950,226.331800,7600.000000,0.000000
0.170956,262.634600,7601.000000,1.000000
0.170956,270.431300,7602.000000,1.000000
0.170956,262.545000,7603.000000,1.000000
0.170962,263.027200,7604.000000,1.000000
0.170962,270.356900,7605.000000,1.000000
0.170968,262.636800,7606.000000,1.000000
0.170988,270.568800,7607.000000,1.000000
0.171033,263.082000,7608.000000,1.000000
0.171078,258.566100,7609.000000,1.000000
0.171084,259.291200,7610.000000,1.000000
0.171091,263.440000,7611.000000,1.000000
0.171104,268.254700,7612.000000,1.000000
0.171116,267.811600,7613.000000,1.000000
0.171116,267.805100,7614.000000,1.000000
0.171136,268.042500,7615.000000,1.000000
0.171161,267.834100,7616.000000,1.000000
0.171174,267.757000,7617.000000,1.000000
0.171181,268.055200,7618.000000,1.000000
0.171181,259.849700,7619.000000,1.000000
0.171206,268.062700,7620.000000,1.000000
0.171213,268.181800,7621.000000,1.000000
0.171213,268.043700,7622.000000,1.000000
0.171213,245.616400,7623.000000,0.000000
0.171245,263.640400,7624.000000,1.000000
0.171258,265.385000,7625.000000,1.000000
0.171277,262.723200,7626.000000,1.000000
0.171310,257.318000,7627.000000,1.000000
0.171342,269.359600,7628.000000,1.000000
0.171342,269.152800,7629.000000,1.000000
0.171348,268.078800,7630.000000,1.000000
0.171354,269.066900,7631.000000,1.000000
0.171361,261.728000,7632.000000,1.000000
0.171444,258.239700,7633.000000,1.000000
0.171444,269.266500,7634.000000,1.000000
0.171464,269.389100,7635.000000,1.000000
0.171496,278.070500,7636.000000,1.000000
0.171509,256.930100,7637.000000,1.000000
0.171509,256.598200,7638.000000,1.000000
0.171514,385.122100,7639.000000,0.000000
0.171541,276.700500,7640.000000,1.000000
0.171592,276.529900,7641.000000,1.000000
0.171592,255.668500,7642.000000,1.000000
0.171643,277.384600,7643.000000,1.000000
0.171663,256.206100,7644.000000,1.000000
0.171663,257.414600,7645.000000,1.000000
0.171682,256.025100,7646.000000,1.000000
0.171688,257.823000,7647.000000,1.000000
0.171714,255.856800,7648.000000,1.000000
0.171733,256.232400,7649.000000,1.000000
0.171868,261.930900,7650.000000,1.000000
0.171881,257.936400,7651.000000,1.000000
0.171900,259.223600,7652.000000,1.000000
0.171913,254.815600,7653.000000,1.000000
0.172009,262.754300,7654.000000,1.000000
0.172054,254.577300,7655.000000,1.000000
0.172060,256.955900,7656.000000,1.000000
0.172080,261.942800,7657.000000,1.000000
0.172118,254.713000,7658.000000,1.000000
0.172123,397.483400,7659.000000,0.000000
0.172137,262.221700,7660.000000,1.000000
0.172202,266.458100,7661.000000,1.000000
0.172247,256.174600,7662.000000,1.000000
0.172259,256.286800,7663.000000,1.000000
0.172266,256.252700,7664.000000,1.000000
0.172266,254.845500,7665.000000,1.000000
0.172285,255.030400,7666.000000,1.000000
0.172311,254.759800,7667.000000,1.000000
0.172317,252.135600,7668.000000,1.000000
0.172330,263.820400,7669.000000,1.000000
0.172349,253.885300,7670.000000,1.000000
0.172381,254.517900,7671.000000,1.000000
0.172388,264.440900,7672.000000,1.000000
0.172394,263.672500,7673.000000,1.000000
0.172407,262.880500,7674.000000,1.000000
0.172439,252.303100,7675.000000,1.000000
0.172478,252.308300,7676.000000,1.000000
0.172490,251.986700,7677.000000,1.000000
0.172529,254.244000,7678.000000,1.000000
0.172542,254.941800,7679.000000,1.000000
0.172542,252.108600,7680.000000,1.000000
0.172580,254.191900,7681.000000,1.000000
0.172587,254.322900,7682.000000,1.000000
0.172606,254.175000,7683.000000,1.000000
0.172612,254.082600,7684.000000,1.000000
0.172657,256.063900,7685.000000,1.000000
0.172760,255.655100,7686.000000,1.000000
0.172806,207.621500,7687.000000,0.000000
0.172812,253.551700,7688.000000,1.000000
0.172850,253.897300,7689.000000,1.000000
0.172876,260.615600,7690.000000,1.000000
0.172882,254.012100,7691.000000,1.000000
0.172895,253.911700,7692.000000,1.000000
0.172908,255.633900,7693.000000,1.000000
0.172927,252.781400,7694.000000,1.000000
0.172934,250.945400,7695.000000,1.000000
0.172947,254.211600,7696.000000,1.000000
0.172953,252.697800,7697.000000,1.000000
0.173049,250.194000,7698.000000,1.000000
0.173069,249.931500,7699.000000,1.000000
0.173075,251.873300,7700.000000,1.000000
0.173101,252.463100,7701.000000,1.000000
0.173101,252.221200,7702.000000,1.000000
0.173101,248.492300,7703.000000,1.000000
0.173120,250.058300,7704.000000,1.000000
0.173165,251.699600,7705.000000,1.000000
0.173191,252.325900,7706.000000,1.000000
0.173217,251.545200,7707.000000,1.000000
0.173230,250.074200,7708.000000,1.000000
0.173242,256.771900,7709.000000,1.000000
0.173300,256.702100,7710.000000,1.000000
0.173365,256.495600,7711.000000,1.000000
0.173397,252.462700,7712.000000,1.000000
0.173435,249.836500,7713.000000,1.000000
0.173442,249.665600,7714.000000,1.000000
0.173461,297.135700,7715.000000,0.000000
0.173474,249.645600,7716.000000,1.000000
0.173480,256.570600,7717.000000,1.000000
0.173513,240.885200,7718.000000,1.000000
0.173545,251.030200,7719.000000,1.000000
0.173551,248.242200,7720.000000,1.000000
0.173564,245.199200,7721.000000,1.000000
0.173570,251.251900,7722.000000,1.000000
0.173596,265.360700,7723.000000,1.000000
0.173622,266.740500,7724.000000,1.000000
0.173654,266.718800,7725.000000,1.000000
0.173660,253.718100,7726.000000,1.000000
0.173680,265.834800,7727.000000,1.000000
0.173712,251.791000,7728.000000,1.000000
0.173725,249.828200,7729.000000,1.000000
0.173738,247.851500,7730.000000,1.000000
0.173738,248.986200,7731.000000,1.000000
0.173757,250.015100,7732.000000,1.000000
0.173783,247.890800,7733.000000,1.000000
0.173783,249.784300,7734.000000,1.000000
0.173795,247.919100,7735.000000,1.000000
0.173808,251.350900,7736.000000,1.000000
0.173815,248.021400,7737.000000,1.000000
0.173834,248.079200,7738.000000,1.000000
0.173840,247.895800,7739.000000,1.000000
0.173885,266.262400,7740.000000,1.000000
0.173892,266.316700,7741.000000,1.000000
0.173898,266.532900,7742.000000,1.000000
0.173898,266.194100,7743.000000,1.000000
0.173911,266.160100,7744.000000,1.000000
0.173924,266.311500,7745.000000,1.000000
0.173937,266.107300,7746.000000,1.000000
0.173955,318.082100,7747.000000,0.000000
0.173956,260.702900,7748.000000,1.000000
0.173969,247.939300,7749.000000,1.000000
0.173995,256.120400,7750.000000,1.000000
0.173995,257.207800,7751.000000,1.000000
0.173995,247.760400,7752.000000,1.000000
0.174033,252.533400,7753.000000,1.000000
0.174040,252.272600,7754.000000,1.000000
0.174040,248.997900,7755.000000,1.000000
0.174085,248.785800,7756.000000,1.000000
0.174130,247.471400,7757.000000,1.000000
0.174142,247.698200,7758.000000,1.000000
0.174162,247.494900,7759.000000,1.000000
0.174162,247.604300,7760.000000,1.000000
0.174239,247.346600,7761.000000,1.000000
0.174239,247.248200,7762.000000,1.000000
0.174252,266.490500,7763.000000,1.000000
0.174265,247.354800,7764.000000,1.000000
0.174290,247.428000,7765.000000,1.000000
0.174297,247.582900,7766.000000,1.000000
0.174309,266.384400,7767.000000,1.000000
0.174348,247.176400,7768.000000,1.000000
0.174367,266.566800,7769.000000,1.000000
0.174374,266.305900,7770.000000,1.000000
0.174374,232.176200,7771.000000,0.000000
0.174399,247.197400,7772.000000,1.000000
0.174399,248.130600,7773.000000,1.000000
0.174406,246.997400,7774.000000,1.000000
0.174432,247.313600,7775.000000,1.000000
0.174444,247.107800,7776.000000,1.000000
0.174451,247.205200,7777.000000,1.000000
0.174457,246.995600,7778.000000,1.000000
0.174464,247.143400,7779.000000,1.000000
0.174464,247.813200,7780.000000,1.000000
0.174489,247.300700,7781.000000,1.000000
0.174496,246.986300,7782.000000,1.000000
0.174502,247.052200,7783.000000,1.000000
0.174502,246.634700,7784.000000,1.000000
0.174592,266.079400,7785.000000,1.000000
0.174605,266.096100,7786.000000,1.000000
0.174611,246.510200,7787.000000,1.000000
0.174618,246.774200,7788.000000,1.000000
0.174624,246.432500,7789.000000,1.000000
0.174631,246.678900,7790.000000,1.000000
0.174637,246.638100,7791.000000,1.000000
0.174637,246.454200,7792.000000,1.000000
0.174644,246.851600,7793.000000,1.000000
0.174669,262.554700,7794.000000,1.000000
0.174689,246.742200,7795.000000,1.000000
0.174708,262.756900,7796.000000,1.000000
0.174727,262.832000,7797.000000,1.000000
0.174733,262.881700,7798.000000,1.000000
0.174740,262.902400,7799.000000,1.000000
0.174740,262.859100,7800.000000,1.000000
0.174746,262.873400,7801.000000,1.000000
0.174772,262.704200,7802.000000,1.000000
0.174785,262.492000,7803.000000,1.000000
0.174791,262.658100,7804.000000,1.000000
0.174798,262.693100,7805.000000,1.000000
0.174798,250.283400,7806.000000,1.000000
0.174804,246.444900,7807.000000,1.000000
0.174811,262.893500,7808.000000,1.000000
0.174811,262.781300,7809.000000,1.000000
0.174824,246.670400,7810.000000,1.000000
0.174836,246.841900,7811.000000,1.000000
0.174843,248.037700,7812.000000,1.000000
0.174843,245.885900,7813.000000,1.000000
0.174843,248.714100,7814.000000,1.000000
0.174862,246.122000,7815.000000,1.000000
0.174875,246.413800,7816.000000,1.000000
0.174881,245.913200,7817.000000,1.000000
0.174894,246.229500,7818.000000,1.000000
0.174901,245.999700,7819.000000,1.000000
0.174914,245.939500,7820.000000,1.000000
0.174920,246.073700,7821.000000,1.000000
0.174939,261.582500,7822.000000,1.000000
0.174939,246.019700,7823.000000,1.000000
0.174952,245.907100,7824.000000,1.000000
0.174971,246.131900,7825.000000,1.000000
0.174984,261.022200,7826.000000,1.000000
0.174997,261.751700,7827.000000,1.000000
0.174997,261.394000,7828.000000,1.000000
0.175003,261.644800,7829.000000,1.000000
0.175010,261.587400,7830.000000,1.000000
0.175010,261.490600,7831.000000,1.000000
0.175029,261.537100,7832.000000,1.000000
0.175036,261.658500,7833.000000,1.000000
0.175081,247.274000,7834.000000,1.000000
0.175087,261.250300,7835.000000,1.000000
0.175087,246.063200,7836.000000,1.000000
0.175093,261.609700,7837.000000,1.000000
0.175100,258.176400,7838.000000,1.000000
0.175100,247.138600,7839.000000,1.000000
0.175100,246.027400,7840.000000,1.000000
0.175106,245.891100,7841.000000,1.000000
0.175106,245.994300,7842.000000,1.000000
0.175132,247.430200,7843.000000,1.000000
0.175145,258.669300,7844.000000,1.000000
0.175158,258.451800,7845.000000,1.000000
0.175158,258.497800,7846.000000,1.000000
0.175177,258.600600,7847.000000,1.000000
0.175177,258.580700,7848.000000,1.000000
0.175177,258.404400,7849.000000,1.000000
0.175183,258.447900,7850.000000,1.000000
0.175183,258.560500,7851.000000,1.000000
0.175190,258.429100,7852.000000,1.000000
0.175190,258.473000,7853.000000,1.000000
0.175196,258.539100,7854.000000,1.000000
0.175196,258.515600,7855.000000,1.000000
0.175203,258.380300,7856.000000,1.000000
0.175203,258.454100,7857.000000,1.000000
0.175203,258.299300,7858.000000,1.000000
0.175209,258.157800,7859.000000,1.000000
0.175209,258.551800,7860.000000,1.000000
0.175209,258.589400,7861.000000,1.000000
0.175216,258.582600,7862.000000,1.000000
0.175216,258.577900,7863.000000,1.000000
0.175216,258.472200,7864.000000,1.000000
0.175216,258.198300,7865.000000,1.000000
0.175222,258.533600,7866.000000,1.000000
0.175222,258.513800,7867.000000,1.000000
0.175222,258.467800,7868.000000,1.000000
0.175222,258.636300,7869.000000,1.000000
0.175228,258.458800,7870.000000,1.000000
0.175228,258.506300,7871.000000,1.000000
0.175228,258.351500,7872.000000,1.000000
0.175228,258.556600,7873.000000,1.000000
0.175231,45.365680,7874.000000,0.000000
0.175231,51.166180,7875.000000,0.000000
0.175235,258.402100,7876.000000,1.000000
0.175235,258.496900,7877.000000,1.000000
0.175235,258.540200,7878.000000,1.000000
0.175235,258.474400,7879.000000,1.000000
0.175241,258.548500,7880.000000,1.000000
0.175241,258.500900,7881.000000,1.000000
0.175241,258.507800,7882.000000,1.000000
0.175241,258.497100,7883.000000,1.000000
0.175248,258.480300,7884.000000,1.000000
0.175248,258.329400,7885.000000,1.000000
0.175248,258.473800,7886.000000,1.000000
0.175248,258.456800,7887.000000,1.000000
0.175248,226.789200,7888.000000,0.000000
0.175250,47.829590,7889.000000,0.000000
0.175254,258.496900,7890.000000,1.000000
0.175254,258.508100,7891.000000,1.000000
0.175254,258.467700,7892.000000,1.000000
0.175254,258.444200,7893.000000,1.000000
0.175261,258.492800,7894.000000,1.000000
0.175261,258.430500,7895.000000,1.000000
0.175261,258.493800,7896.000000,1.000000
0.175261,258.434900,7897.000000,1.000000
0.175267,258.507200,7898.000000,1.000000
0.175267,258.542500,7899.000000,1.000000
0.175267,258.417500,7900.000000,1.000000
0.175267,258.514600,7901.000000,1.000000
0.175274,258.402800,7902.000000,1.000000
0.175274,258.443400,7903.000000,1.000000
0.175274,258.500600,7904.000000,1.000000
0.175274,258.488400,7905.000000,1.000000
0.175280,258.480300,7906.000000,1.000000
0.175280,258.473900,7907.000000,1.000000
0.175280,256.244400,7908.000000,1.000000
0.175280,258.498000,7909.000000,1.000000
0.175280,258.470900,7910.000000,1.000000
0.175286,258.538700,7911.000000,1.000000
0.175286,258.564400,7912.000000,1.000000
0.175286,258.470100,7913.000000,1.000000
0.175286,258.504300,7914.000000,1.000000
0.175293,258.576800,7915.000000,1.000000
0.175293,258.305500,7916.000000,1.000000
0.175293,258.207900,7917.000000,1.000000
0.175293,258.418700,7918.000000,1.000000
0.175293,245.851700,7919.000000,1.000000
0.175299,258.558300,7920.000000,1.000000
0.175299,258.615300,7921.000000,1.000000
0.175299,258.075500,7922.000000,1.000000
0.175299,258.512200,7923.000000,1.000000
0.175299,258.219600,7924.000000,1.000000
0.175306,258.247700,7925.000000,1.000000
0.175306,258.405500,7926.000000,1.000000
0.175306,258.491800,7927.000000,1.000000
0.175306,258.453200,7928.000000,1.000000
0.175312,258.395400,7929.000000,1.000000
0.175312,258.529800,7930.000000,1.000000
0.175312,258.483000,7931.000000,1.000000
0.175312,258.348400,7932.000000,1.000000
0.175312,245.688900,7933.000000,1.000000
0.175319,258.426400,7934.000000,1.000000
0.175319,258.564500,7935.000000,1.000000
0.175319,245.941800,7936.000000,1.000000
0.175325,258.485500,7937.000000,1.000000
0.175325,258.357000,7938.000000,1.000000
0.175331,258.510700,7939.000000,1.000000
0.175332,246.010800,7940.000000,1.000000
0.175338,258.289900,7941.000000,1.000000
0.175344,258.691900,7942.000000,1.000000
0.175364,258.411100,7943.000000,1.000000
0.175370,258.612100,7944.000000,1.000000
0.175370,246.028600,7945.000000,1.000000
0.175377,258.195800,7946.000000,1.000000
0.175390,242.456600,7947.000000,1.000000
0.175402,258.543400,7948.000000,1.000000
0.175402,242.120700,7949.000000,1.000000
0.175409,258.559000,7950.000000,1.000000
0.175409,241.717400,7951.000000,1.000000
0.175422,258.067900,7952.000000,1.000000
0.175435,243.370000,7953.000000,1.000000
0.175454,246.877200,7954.000000,1.000000
0.175473,245.719300,7955.000000,1.000000
0.175486,242.109600,7956.000000,1.000000
0.175525,242.160600,7957.000000,1.000000
0.175538,242.016100,7958.000000,1.000000
0.175544,241.905000,7959.000000,1.000000
0.175557,242.105400,7960.000000,1.000000
0.175583,242.162200,7961.000000,1.000000
0.175602,242.138300,7962.000000,1.000000
0.175608,241.943600,7963.000000,1.000000
0.175673,241.832000,7964.000000,1.000000
0.175699,242.092600,7965.000000,1.000000
0.175705,241.834000,7966.000000,1.000000
0.175724,242.042900,7967.000000,1.000000
0.175814,241.400300,7968.000000,1.000000
0.175847,241.293900,7969.000000,1.000000
0.175859,241.470000,7970.000000,1.000000
0.175866,241.571900,7971.000000,1.000000
0.175885,241.551200,7972.000000,1.000000
0.175892,241.583400,7973.000000,1.000000
0.175898,241.444500,7974.000000,1.000000
0.175924,241.652000,7975.000000,1.000000
0.175950,241.435900,7976.000000,1.000000
0.175988,241.443000,7977.000000,1.000000
0.176027,242.125400,7978.000000,1.000000
0.176027,241.444800,7979.000000,1.000000
0.176033,241.467400,7980.000000,1.000000
0.176046,241.427900,7981.000000,1.000000
0.176065,246.325100,7982.000000,1.000000
0.176123,241.513200,7983.000000,1.000000
0.176136,241.695200,7984.000000,1.000000
0.176136,245.069200,7985.000000,1.000000
0.176149,245.521500,7986.000000,1.000000
0.176168,245.633200,7987.000000,1.000000
0.176187,245.620200,7988.000000,1.000000
0.176207,245.002300,7989.000000,1.000000
0.176207,245.911800,7990.000000,1.000000
0.176226,238.030000,7991.000000,1.000000
0.176232,238.099000,7992.000000,1.000000
0.176245,238.058600,7993.000000,1.000000
0.176252,245.714400,7994.000000,1.000000
0.176265,239.374200,7995.000000,1.000000
0.176277,240.145100,7996.000000,1.000000
0.176297,240.049200,7997.000000,1.000000
0.176309,240.324800,7998.000000,1.000000
0.176316,241.456500,7999.000000,1.000000
0.176354,240.247200,8000.000000,1.000000
0.176387,243.128800,8001.000000,1.000000
0.176419,242.990100,8002.000000,1.000000
0.176432,243.179700,8003.000000,1.000000
0.176438,243.796000,8004.000000,1.000000
0.176476,242.987400,8005.000000,1.000000
0.176528,240.285700,8006.000000,1.000000
0.176541,243.720600,8007.000000,1.000000
0.176553,240.144700,8008.000000,1.000000
0.176553,243.367400,8009.000000,1.000000
0.176592,240.167300,8010.000000,1.000000
0.176611,244.989700,8011.000000,1.000000
0.176630,241.882700,8012.000000,1.000000
0.176662,241.862100,8013.000000,1.000000
0.176682,244.138200,8014.000000,1.000000
0.176714,239.052500,8015.000000,1.000000
0.176727,237.827400,8016.000000,1.000000
0.176765,239.418500,8017.000000,1.000000
0.176771,237.670600,8018.000000,1.000000
0.176791,241.052800,8019.000000,1.000000
0.176791,238.468300,8020.000000,1.000000
0.176810,237.083900,8021.000000,1.000000
0.176836,237.360900,8022.000000,1.000000
0.176855,237.269800,8023.000000,1.000000
0.176855,240.894300,8024.000000,1.000000
0.176861,237.233400,8025.000000,1.000000
0.176874,237.411500,8026.000000,1.000000
0.176900,237.178100,8027.000000,1.000000
0.176925,239.633500,8028.000000,1.000000
0.176938,237.412400,8029.000000,1.000000
0.177021,237.368800,8030.000000,1.000000
0.177073,237.168000,8031.000000,1.000000
0.177111,242.035500,8032.000000,1.000000
0.177175,237.093700,8033.000000,1.000000
0.177194,237.535800,8034.000000,1.000000
0.177226,235.086000,8035.000000,1.000000
0.177316,237.040700,8036.000000,1.000000
0.177329,235.934100,8037.000000,1.000000
0.177342,245.269800,8038.000000,1.000000
0.177355,235.854900,8039.000000,1.000000
0.177387,238.255200,8040.000000,1.000000
0.177406,244.134700,8041.000000,1.000000
0.177431,244.284500,8042.000000,1.000000
0.177470,243.978400,8043.000000,1.000000
0.177470,243.926800,8044.000000,1.000000
0.177489,236.553000,8045.000000,1.000000
0.177496,240.132400,8046.000000,1.000000
0.177502,243.863500,8047.000000,1.000000
0.177521,243.538600,8048.000000,1.000000
0.177528,243.853000,8049.000000,1.000000
0.177592,243.548300,8050.000000,1.000000
0.177598,244.123100,8051.000000,1.000000
0.177611,243.976400,8052.000000,1.000000
0.177688,236.690900,8053.000000,1.000000
0.177695,238.773500,8054.000000,1.000000
0.177695,238.114900,8055.000000,1.000000
0.177707,242.911500,8056.000000,1.000000
0.177765,238.558800,8057.000000,1.000000
0.177778,238.662100,8058.000000,1.000000
0.177797,244.813700,8059.000000,1.000000
0.177817,238.511500,8060.000000,1.000000
0.177823,238.580000,8061.000000,1.000000
0.177823,208.112200,8062.000000,0.000000
0.177836,239.089900,8063.000000,1.000000
0.177881,239.011400,8064.000000,1.000000
0.177894,246.396900,8065.000000,1.000000
0.177900,239.167800,8066.000000,1.000000
0.177913,238.560200,8067.000000,1.000000
0.177919,238.791700,8068.000000,1.000000
0.177919,240.981900,8069.000000,1.000000
0.177982,384.313900,8070.000000,0.000000
0.177984,237.667400,8071.000000,1.000000
0.177984,239.074900,8072.000000,1.000000
0.178035,247.351000,8073.000000,1.000000
0.178041,246.491100,8074.000000,1.000000
0.178061,239.018300,8075.000000,1.000000
0.178067,238.980200,8076.000000,1.000000
0.178106,248.016100,8077.000000,1.000000
0.178151,246.400700,8078.000000,1.000000
0.178177,246.238200,8079.000000,1.000000
0.178215,242.554100,8080.000000,1.000000
0.178260,246.857300,8081.000000,1.000000
0.178363,241.787800,8082.000000,1.000000
0.178370,240.804600,8083.000000,1.000000
0.178460,233.602200,8084.000000,1.000000
0.178486,237.949600,8085.000000,1.000000
0.178640,289.957100,8086.000000,0.000000
0.178647,241.078300,8087.000000,1.000000
0.178646,247.170700,8088.000000,1.000000
0.178653,240.238600,8089.000000,1.000000
0.178659,237.171600,8090.000000,1.000000
0.178659,245.627200,8091.000000,1.000000
0.178692,240.564400,8092.000000,1.000000
0.178756,236.457600,8093.000000,1.000000
0.178769,244.521900,8094.000000,1.000000
0.178801,245.160600,8095.000000,1.000000
0.178807,244.097100,8096.000000,1.000000
0.178840,236.523100,8097.000000,1.000000
0.178846,236.828400,8098.000000,1.000000
0.178911,235.766200,8099.000000,1.000000
0.178917,236.723900,8100.000000,1.000000
0.178930,236.498800,8101.000000,1.000000
0.178962,239.285200,8102.000000,1.000000
0.179052,240.253400,8103.000000,1.000000
0.179052,242.181100,8104.000000,1.000000
0.179110,242.720200,8105.000000,1.000000
0.179123,242.663000,8106.000000,1.000000
0.179149,242.884900,8107.000000,1.000000
0.179149,236.175400,8108.000000,1.000000
0.179226,232.476400,8109.000000,1.000000
0.179239,232.513700,8110.000000,1.000000
0.179270,372.724900,8111.000000,0.000000
0.179271,236.219900,8112.000000,1.000000
0.179284,235.530800,8113.000000,1.000000
0.179310,232.199600,8114.000000,1.000000
0.179310,232.996600,8115.000000,1.000000
0.179355,232.277700,8116.000000,1.000000
0.179419,237.588000,8117.000000,1.000000
0.179490,237.497800,8118.000000,1.000000
0.179503,237.304300,8119.000000,1.000000
0.179509,237.664700,8120.000000,1.000000
0.179528,237.510700,8121.000000,1.000000
0.179561,236.738000,8122.000000,1.000000
0.179580,237.046200,8123.000000,1.000000
0.179586,232.055700,8124.000000,1.000000
0.179606,231.703000,8125.000000,1.000000
0.179631,231.838900,8126.000000,1.000000
0.179638,231.978000,8127.000000,1.000000
0.179664,231.704500,8128.000000,1.000000
0.179702,231.847800,8129.000000,1.000000
0.179722,231.600600,8130.000000,1.000000
0.179734,231.855400,8131.000000,1.000000
0.179754,231.505800,8132.000000,1.000000
0.179773,231.557900,8133.000000,1.000000
0.179773,232.027600,8134.000000,1.000000
0.179773,231.816100,8135.000000,1.000000
0.179799,231.785800,8136.000000,1.000000
0.179812,231.896800,8137.000000,1.000000
0.179818,231.784300,8138.000000,1.000000
0.179818,231.640000,8139.000000,1.000000
0.179837,231.649600,8140.000000,1.000000
0.179850,231.393500,8141.000000,1.000000
0.179882,231.716000,8142.000000,1.000000
0.179889,231.667700,8143.000000,1.000000
0.179934,234.002100,8144.000000,1.000000
0.179960,231.122900,8145.000000,1.000000
0.179960,234.111700,8146.000000,1.000000
0.179973,234.031900,8147.000000,1.000000
0.179985,234.178300,8148.000000,1.000000
0.180005,233.899200,8149.000000,1.000000
0.180011,230.907400,8150.000000,1.000000
0.180011,233.875300,8151.000000,1.000000
0.180011,233.967600,8152.000000,1.000000
0.180024,233.920700,8153.000000,1.000000
0.180030,233.835700,8154.000000,1.000000
0.180037,233.866600,8155.000000,1.000000
0.180037,233.988600,8156.000000,1.000000
0.180043,233.916700,8157.000000,1.000000
0.180043,233.912400,8158.000000,1.000000
0.180056,233.820100,8159.000000,1.000000
0.180069,233.120000,8160.000000,1.000000
0.180069,239.327000,8161.000000,1.000000
0.180069,205.995600,8162.000000,0.000000
0.180088,233.919100,8163.000000,1.000000
0.180095,230.585600,8164.000000,1.000000
0.180121,230.510900,8165.000000,1.000000
0.180121,234.123300,8166.000000,1.000000
0.180133,230.245100,8167.000000,1.000000
0.180146,230.457700,8168.000000,1.000000
0.180159,229.822100,8169.000000,1.000000
0.180166,230.264300,8170.000000,1.000000
0.180170,422.959400,8171.000000,0.000000
0.180224,233.122700,8172.000000,1.000000
0.180249,230.011500,8173.000000,1.000000
0.180275,232.820800,8174.000000,1.000000
0.180326,232.655700,8175.000000,1.000000
0.180333,232.643500,8176.000000,1.000000
0.180365,232.748600,8177.000000,1.000000
0.180365,238.855100,8178.000000,1.000000
0.180378,238.571900,8179.000000,1.000000
0.180391,239.182300,8180.000000,1.000000
0.180494,238.467800,8181.000000,1.000000
0.180513,239.706700,8182.000000,1.000000
0.180513,239.565900,8183.000000,1.000000
0.180546,239.424700,8184.000000,1.000000
0.180556,432.344400,8185.000000,0.000000
0.180565,239.882900,8186.000000,1.000000
0.180578,239.350100,8187.000000,1.000000
0.180597,238.665200,8188.000000,1.000000
0.180655,239.589500,8189.000000,1.000000
0.180661,238.851700,8190.000000,1.000000
0.180661,239.393800,8191.000000,1.000000
0.180674,238.878300,8192.000000,1.000000
0.180745,239.396200,8193.000000,1.000000
0.180758,240.102300,8194.000000,1.000000
0.180803,242.967800,8195.000000,1.000000
0.180848,237.071400,8196.000000,1.000000
0.180855,235.855700,8197.000000,1.000000
0.180900,234.082200,8198.000000,1.000000
0.180906,234.345600,8199.000000,1.000000
0.180958,229.766400,8200.000000,1.000000
0.180990,234.943900,8201.000000,1.000000
0.181003,234.493600,8202.000000,1.000000
0.181061,229.615300,8203.000000,1.000000
0.181061,234.057100,8204.000000,1.000000
0.181074,233.268200,8205.000000,1.000000
0.181074,234.514600,8206.000000,1.000000
0.181093,230.025700,8207.000000,1.000000
0.181183,238.172500,8208.000000,1.000000
0.181228,238.371800,8209.000000,1.000000
0.181254,238.463700,8210.000000,1.000000
0.181286,238.508000,8211.000000,1.000000
0.181299,238.782900,8212.000000,1.000000
0.181299,238.484400,8213.000000,1.000000
0.181344,238.427400,8214.000000,1.000000
0.181344,238.365400,8215.000000,1.000000
0.181350,238.794800,8216.000000,1.000000
0.181363,238.496000,8217.000000,1.000000
0.181389,238.777300,8218.000000,1.000000
0.181408,238.485600,8219.000000,1.000000
0.181415,238.517500,8220.000000,1.000000
0.181460,238.252700,8221.000000,1.000000
0.181460,238.618300,8222.000000,1.000000
0.181479,238.581100,8223.000000,1.000000
0.181537,238.543200,8224.000000,1.000000
0.181542,346.910500,8225.000000,0.000000
0.181562,239.226100,8226.000000,1.000000
0.181569,238.096100,8227.000000,1.000000
0.181607,239.013600,8228.000000,1.000000
0.181633,238.420100,8229.000000,1.000000
0.181640,238.297700,8230.000000,1.000000
0.181665,238.691400,8231.000000,1.000000
0.181806,236.878500,8232.000000,1.000000
0.181851,236.989700,8233.000000,1.000000
0.181858,237.463200,8234.000000,1.000000
0.181890,237.396800,8235.000000,1.000000
0.181941,236.692800,8236.000000,1.000000
0.181967,237.265600,8237.000000,1.000000
0.181986,229.223900,8238.000000,1.000000
0.182005,229.279700,8239.000000,1.000000
0.182011,316.483400,8240.000000,0.000000
0.182018,237.931500,8241.000000,1.000000
0.182056,236.832000,8242.000000,1.000000
0.182056,236.664700,8243.000000,1.000000
0.182101,236.942300,8244.000000,1.000000
0.182217,237.278900,8245.000000,1.000000
0.182390,237.816200,8246.000000,1.000000
0.182422,237.058300,8247.000000,1.000000
0.182499,237.128000,8248.000000,1.000000
0.182499,238.069400,8249.000000,1.000000
0.182506,228.861200,8250.000000,1.000000
0.182519,228.879100,8251.000000,1.000000
0.182551,238.519200,8252.000000,1.000000
0.182596,228.726000,8253.000000,1.000000
0.182641,236.443500,8254.000000,1.000000
0.182731,236.756500,8255.000000,1.000000
0.182776,228.893400,8256.000000,1.000000
0.182808,228.917700,8257.000000,1.000000
0.182814,237.515700,8258.000000,1.000000
0.182834,236.482400,8259.000000,1.000000
0.182879,228.691100,8260.000000,1.000000
0.182930,228.832600,8261.000000,1.000000
0.182982,228.754200,8262.000000,1.000000
0.183027,228.618700,8263.000000,1.000000
0.183038,419.757200,8264.000000,0.000000
0.183040,228.745500,8265.000000,1.000000
0.183047,229.788400,8266.000000,1.000000
0.183085,228.618800,8267.000000,1.000000
0.183092,228.933600,8268.000000,1.000000
0.183098,229.591800,8269.000000,1.000000
0.183118,229.711000,8270.000000,1.000000
0.183124,228.960800,8271.000000,1.000000
0.183143,239.314100,8272.000000,1.000000
0.183143,240.686800,8273.000000,1.000000
0.183150,240.385700,8274.000000,1.000000
0.183150,229.620200,8275.000000,1.000000
0.183156,240.649500,8276.000000,1.000000
0.183182,240.457300,8277.000000,1.000000
0.183208,240.432800,8278.000000,1.000000
0.183227,240.059800,8279.000000,1.000000
0.183240,228.251400,8280.000000,1.000000
0.183247,229.620100,8281.000000,1.000000
0.183253,232.544800,8282.000000,1.000000
0.183273,232.646500,8283.000000,1.000000
0.183286,232.600400,8284.000000,1.000000
0.183292,232.831500,8285.000000,1.000000
0.183305,232.645000,8286.000000,1.000000
0.183311,232.945600,8287.000000,1.000000
0.183363,232.553600,8288.000000,1.000000
0.183383,229.020000,8289.000000,1.000000
0.183389,228.881200,8290.000000,1.000000
0.183389,223.874900,8291.000000,1.000000
0.183402,229.069700,8292.000000,1.000000
0.183415,228.867700,8293.000000,1.000000
0.183421,228.988800,8294.000000,1.000000
0.183441,229.049600,8295.000000,1.000000
0.183447,228.952200,8296.000000,1.000000
0.183473,228.976300,8297.000000,1.000000
0.183486,228.683700,8298.000000,1.000000
0.183525,229.097500,8299.000000,1.000000
0.183544,232.598700,8300.000000,1.000000
0.183583,232.798400,8301.000000,1.000000
0.183608,232.979400,8302.000000,1.000000
0.183615,229.085100,8303.000000,1.000000
0.183628,228.782300,8304.000000,1.000000
0.183634,228.980500,8305.000000,1.000000
0.183654,232.738100,8306.000000,1.000000
0.183673,232.381500,8307.000000,1.000000
0.183699,232.150800,8308.000000,1.000000
0.183712,229.141300,8309.000000,1.000000
0.183718,229.079500,8310.000000,1.000000
0.183718,232.117300,8311.000000,1.000000
0.183718,232.307500,8312.000000,1.000000
0.183723,370.379500,8313.000000,0.000000
0.183725,228.959800,8314.000000,1.000000
0.183787,422.489800,8315.000000,0.000000
0.183789,233.591700,8316.000000,1.000000
0.183796,235.990700,8317.000000,1.000000
0.183815,235.995200,8318.000000,1.000000
0.183815,235.513100,8319.000000,1.000000
0.183828,233.823800,8320.000000,1.000000
0.183847,233.472900,8321.000000,1.000000
0.183847,235.321600,8322.000000,1.000000
0.183873,235.892700,8323.000000,1.000000
0.183899,236.021400,8324.000000,1.000000
0.183899,236.190600,8325.000000,1.000000
0.183904,364.040500,8326.000000,0.000000
0.183944,236.107700,8327.000000,1.000000
0.183976,229.414000,8328.000000,1.000000
0.184008,236.402800,8329.000000,1.000000
0.184086,228.761300,8330.000000,1.000000
0.184092,228.997100,8331.000000,1.000000
0.184137,228.499700,8332.000000,1.000000
0.184150,234.832100,8333.000000,1.000000
0.184150,228.540600,8334.000000,1.000000
0.184201,230.548300,8335.000000,1.000000
0.184201,230.755200,8336.000000,1.000000
0.184221,234.620000,8337.000000,1.000000
0.184259,235.471900,8338.000000,1.000000
0.184265,228.181600,8339.000000,1.000000
0.184317,233.324800,8340.000000,1.000000
0.184317,233.370900,8341.000000,1.000000
0.184426,228.161100,8342.000000,1.000000
0.184432,235.592900,8343.000000,1.000000
0.184432,231.965600,8344.000000,1.000000
0.184445,232.711200,8345.000000,1.000000
0.184471,227.769300,8346.000000,1.000000
0.184496,227.929100,8347.000000,1.000000
0.184522,227.858400,8348.000000,1.000000
0.184534,299.933700,8349.000000,0.000000
0.184541,227.967800,8350.000000,1.000000
0.184560,228.279500,8351.000000,1.000000
0.184567,228.161000,8352.000000,1.000000
0.184579,227.765000,8353.000000,1.000000
0.184592,228.415700,8354.000000,1.000000
0.184624,228.038200,8355.000000,1.000000
0.184675,235.929800,8356.000000,1.000000
0.184682,235.176300,8357.000000,1.000000
0.184688,237.428900,8358.000000,1.000000
0.184701,227.820900,8359.000000,1.000000
0.184701,229.082400,8360.000000,1.000000
0.184707,229.040500,8361.000000,1.000000
0.184752,236.223300,8362.000000,1.000000
0.184784,231.766400,8363.000000,1.000000
0.184810,227.734100,8364.000000,1.000000
0.184822,231.815900,8365.000000,1.000000
0.184822,227.728200,8366.000000,1.000000
0.184829,231.466700,8367.000000,1.000000
0.184848,231.852800,8368.000000,1.000000
0.184854,231.803700,8369.000000,1.000000
0.184867,229.800200,8370.000000,1.000000
0.184957,227.457900,8371.000000,1.000000
0.184995,231.829400,8372.000000,1.000000
0.185008,226.816400,8373.000000,1.000000
0.185014,230.004600,8374.000000,1.000000
0.185034,227.294800,8375.000000,1.000000
0.185034,226.781100,8376.000000,1.000000
0.185053,229.840100,8377.000000,1.000000
0.185059,226.891600,8378.000000,1.000000
0.185072,227.178700,8379.000000,1.000000
0.185085,226.795600,8380.000000,1.000000
0.185123,226.818800,8381.000000,1.000000
0.185123,226.633200,8382.000000,1.000000
0.185136,234.530300,8383.000000,1.000000
0.185155,231.375900,8384.000000,1.000000
0.185155,234.511700,8385.000000,1.000000
0.185174,230.129300,8386.000000,1.000000
0.185200,234.377100,8387.000000,1.000000
0.185200,234.488400,8388.000000,1.000000
0.185213,234.349500,8389.000000,1.000000
0.185218,337.229600,8390.000000,0.000000
0.185219,234.459400,8391.000000,1.000000
0.185225,234.530600,8392.000000,1.000000
0.185225,234.483700,8393.000000,1.000000
0.185232,234.372500,8394.000000,1.000000
0.185232,234.258100,8395.000000,1.000000
0.185232,234.290200,8396.000000,1.000000
0.185238,234.282200,8397.000000,1.000000
0.185238,234.249100,8398.000000,1.000000
0.185238,234.444700,8399.000000,1.000000
0.185245,234.647500,8400.000000,1.000000
0.185245,234.452500,8401.000000,1.000000
0.185245,234.181600,8402.000000,1.000000
0.185245,234.392300,8403.000000,1.000000
0.185251,234.559500,8404.000000,1.000000
0.185251,234.494700,8405.000000,1.000000
0.185251,234.459900,8406.000000,1.000000
0.185251,234.210800,8407.000000,1.000000
0.185251,226.812500,8408.000000,1.000000
0.185257,234.424900,8409.000000,1.000000
0.185257,234.459600,8410.000000,1.000000
0.185257,234.534300,8411.000000,1.000000
0.185257,234.388100,8412.000000,1.000000
0.185264,234.626100,8413.000000,1.000000
0.185264,234.440400,8414.000000,1.000000
0.185264,234.407100,8415.000000,1.000000
0.185264,234.428800,8416.000000,1.000000
0.185270,234.360700,8417.000000,1.000000
0.185270,234.427700,8418.000000,1.000000
0.185270,234.387600,8419.000000,1.000000
0.185270,234.451300,8420.000000,1.000000
0.185277,234.465100,8421.000000,1.000000
0.185277,234.520700,8422.000000,1.000000
0.185277,234.510900,8423.000000,1.000000
0.185277,234.449500,8424.000000,1.000000
0.185283,234.408600,8425.000000,1.000000
0.185283,234.557700,8426.000000,1.000000
0.185283,234.553500,8427.000000,1.000000
0.185283,234.345700,8428.000000,1.000000
0.185289,234.502100,8429.000000,1.000000
0.185289,234.573600,8430.000000,1.000000
0.185289,234.485800,8431.000000,1.000000
0.185289,234.354500,8432.000000,1.000000
0.185296,234.452500,8433.000000,1.000000
0.185296,234.661200,8434.000000,1.000000
0.185296,234.562600,8435.000000,1.000000
0.185296,234.460400,8436.000000,1.000000
0.185302,234.485500,8437.000000,1.000000
0.185302,234.402600,8438.000000,1.000000
0.185302,234.434900,8439.000000,1.000000
0.185302,234.561400,8440.000000,1.000000
0.185309,234.528500,8441.000000,1.000000
0.185309,234.489300,8442.000000,1.000000
0.185309,234.445600,8443.000000,1.000000
0.185309,234.432300,8444.000000,1.000000
0.185315,234.568400,8445.000000,1.000000
0.185315,234.449800,8446.000000,1.000000
0.185315,234.334200,8447.000000,1.000000
0.185315,234.503000,8448.000000,1.000000
0.185322,234.357100,8449.000000,1.000000
0.185322,234.368400,8450.000000,1.000000
0.185322,234.411800,8451.000000,1.000000
0.185322,234.317900,8452.000000,1.000000
0.185328,234.424000,8453.000000,1.000000
0.185328,234.500800,8454.000000,1.000000
0.185328,234.495500,8455.000000,1.000000
0.185328,234.416500,8456.000000,1.000000
0.185334,234.394100,8457.000000,1.000000
0.185334,234.448300,8458.000000,1.000000
0.185334,234.479200,8459.000000,1.000000
0.185334,234.453800,8460.000000,1.000000
0.185334,226.527400,8461.000000,1.000000
0.185341,234.490600,8462.000000,1.000000
0.185341,234.457800,8463.000000,1.000000
0.185341,234.535400,8464.000000,1.000000
0.185341,234.553500,8465.000000,1.000000
0.185347,234.338800,8466.000000,1.000000
0.185347,234.503500,8467.000000,1.000000
0.185347,234.611200,8468.000000,1.000000
0.185347,234.502400,8469.000000,1.000000
0.185354,234.541700,8470.000000,1.000000
0.185354,234.342000,8471.000000,1.000000
0.185354,234.574800,8472.000000,1.000000
0.185354,234.458600,8473.000000,1.000000
0.185360,234.439800,8474.000000,1.000000
0.185360,234.562200,8475.000000,1.000000
0.185360,234.331800,8476.000000,1.000000
0.185360,234.335200,8477.000000,1.000000
0.185360,226.610200,8478.000000,1.000000
0.185366,234.476900,8479.000000,1.000000
0.185366,234.534100,8480.000000,1.000000
0.185373,234.584400,8481.000000,1.000000
0.185373,234.541400,8482.000000,1.000000
0.185373,234.490200,8483.000000,1.000000
0.185373,234.379900,8484.000000,1.000000
0.185379,234.394600,8485.000000,1.000000
0.185379,234.293200,8486.000000,1.000000
0.185379,234.428500,8487.000000,1.000000
0.185379,234.338600,8488.000000,1.000000
0.185379,226.757200,8489.000000,1.000000
0.185379,226.507400,8490.000000,1.000000
0.185386,234.465600,8491.000000,1.000000
0.185392,234.673500,8492.000000,1.000000
0.185392,234.517100,8493.000000,1.000000
0.185398,234.564100,8494.000000,1.000000
0.185405,234.454000,8495.000000,1.000000
0.185405,234.616200,8496.000000,1.000000
0.185405,234.542800,8497.000000,1.000000
0.185405,226.695600,8498.000000,1.000000
0.185411,234.721200,8499.000000,1.000000
0.185411,231.301400,8500.000000,1.000000
0.185424,226.589500,8501.000000,1.000000
0.185430,230.586800,8502.000000,1.000000
0.185443,234.531100,8503.000000,1.000000
0.185443,226.866500,8504.000000,1.000000
0.185450,234.618700,8505.000000,1.000000
0.185456,230.793200,8506.000000,1.000000
0.185456,230.840000,8507.000000,1.000000
0.185467,423.026700,8508.000000,0.000000
0.185475,231.242400,8509.000000,1.000000
0.185482,231.311100,8510.000000,1.000000
0.185532,341.069700,8511.000000,0.000000
0.185533,230.532400,8512.000000,1.000000
0.185539,230.404100,8513.000000,1.000000
0.185546,226.057300,8514.000000,1.000000
0.185559,230.294200,8515.000000,1.000000
0.185565,230.547700,8516.000000,1.000000
0.185565,226.142700,8517.000000,1.000000
0.185572,226.256400,8518.000000,1.000000
0.185584,226.198300,8519.000000,1.000000
0.185610,230.649400,8520.000000,1.000000
0.185636,226.069500,8521.000000,1.000000
0.185687,226.037600,8522.000000,1.000000
0.185700,226.152600,8523.000000,1.000000
0.185706,226.029900,8524.000000,1.000000
0.185713,225.997900,8525.000000,1.000000
0.185745,229.803900,8526.000000,1.000000
0.185771,221.918400,8527.000000,1.000000
0.185796,225.584500,8528.000000,1.000000
0.185835,230.056000,8529.000000,1.000000
0.185840,422.895200,8530.000000,0.000000
0.185841,229.943100,8531.000000,1.000000
0.185899,225.866100,8532.000000,1.000000
0.185932,225.691500,8533.000000,1.000000
0.185944,225.980300,8534.000000,1.000000
0.185944,225.804900,8535.000000,1.000000
0.185995,354.779800,8536.000000,0.000000
0.186022,230.515300,8537.000000,1.000000
0.186022,225.491100,8538.000000,1.000000
0.186067,228.274300,8539.000000,1.000000
0.186150,225.616500,8540.000000,1.000000
0.186163,225.292200,8541.000000,1.000000
0.186182,223.256700,8542.000000,1.000000
0.186215,233.580400,8543.000000,1.000000
0.186215,225.277400,8544.000000,1.000000
0.186221,233.727800,8545.000000,1.000000
0.186228,223.236000,8546.000000,1.000000
0.186253,233.594700,8547.000000,1.000000
0.186266,236.155600,8548.000000,1.000000
0.186279,233.702400,8549.000000,1.000000
0.186292,233.803000,8550.000000,1.000000
0.186305,230.627000,8551.000000,1.000000
0.186356,222.856600,8552.000000,1.000000
0.186356,224.310800,8553.000000,1.000000
0.186389,222.945700,8554.000000,1.000000
0.186498,222.953500,8555.000000,1.000000
0.186517,222.856000,8556.000000,1.000000
0.186556,228.319200,8557.000000,1.000000
0.186588,222.937500,8558.000000,1.000000
0.186614,222.918800,8559.000000,1.000000
0.186620,222.914000,8560.000000,1.000000
0.186646,223.105100,8561.000000,1.000000
0.186652,225.019900,8562.000000,1.000000
0.186659,223.054000,8563.000000,1.000000
0.186659,223.037300,8564.000000,1.000000
0.186691,231.175700,8565.000000,1.000000
0.186691,223.355500,8566.000000,1.000000
0.186723,223.539500,8567.000000,1.000000
0.186756,223.867900,8568.000000,1.000000
0.186769,215.379700,8569.000000,0.000000
0.186788,223.852400,8570.000000,1.000000
0.186820,231.794300,8571.000000,1.000000
0.186820,223.650000,8572.000000,1.000000
0.186826,231.522000,8573.000000,1.000000
0.186826,232.632100,8574.000000,1.000000
0.186826,232.504700,8575.000000,1.000000
0.186826,224.619700,8576.000000,1.000000
0.186826,227.692500,8577.000000,1.000000
0.186891,232.208400,8578.000000,1.000000
0.186910,232.718800,8579.000000,1.000000
0.186916,222.722700,8580.000000,1.000000
0.186923,232.571300,8581.000000,1.000000
0.186955,232.407800,8582.000000,1.000000
0.186961,232.515000,8583.000000,1.000000
0.186974,229.343700,8584.000000,1.000000
0.186974,232.601900,8585.000000,1.000000
0.187004,414.676500,8586.000000,0.000000
0.187038,229.418700,8587.000000,1.000000
0.187045,228.877900,8588.000000,1.000000
0.187051,229.009400,8589.000000,1.000000
0.187058,235.018700,8590.000000,1.000000
0.187071,228.859900,8591.000000,1.000000
0.187077,228.609500,8592.000000,1.000000
0.187096,226.150800,8593.000000,1.000000
0.187103,235.093600,8594.000000,1.000000
0.187161,239.047000,8595.000000,1.000000
0.187167,228.914000,8596.000000,1.000000
0.187173,239.992000,8597.000000,1.000000
0.187180,238.423000,8598.000000,1.000000
0.187186,229.919300,8599.000000,1.000000
0.187191,398.307100,8600.000000,0.000000
0.187193,228.910300,8601.000000,1.000000
0.187218,228.359100,8602.000000,1.000000
0.187289,233.660100,8603.000000,1.000000
0.187321,228.880100,8604.000000,1.000000
0.187347,228.895800,8605.000000,1.000000
0.187354,229.087000,8606.000000,1.000000
0.187405,225.834200,8607.000000,1.000000
0.187444,224.990100,8608.000000,1.000000
0.187547,225.558100,8609.000000,1.000000
0.187566,225.280600,8610.000000,1.000000
0.187598,234.434800,8611.000000,1.000000
0.187643,226.732200,8612.000000,1.000000
0.187649,233.917300,8613.000000,1.000000
0.187669,235.013700,8614.000000,1.000000
0.187695,226.340300,8615.000000,1.000000
0.187739,232.011200,8616.000000,1.000000
0.187759,229.077400,8617.000000,1.000000
0.187785,226.109700,8618.000000,1.000000
0.187830,226.429200,8619.000000,1.000000
0.187868,233.921100,8620.000000,1.000000
0.187913,225.677700,8621.000000,1.000000
0.187933,232.150500,8622.000000,1.000000
0.187971,225.775900,8623.000000,1.000000
0.188003,232.016600,8624.000000,1.000000
0.188048,229.388900,8625.000000,1.000000
0.188068,229.115800,8626.000000,1.000000
0.188132,226.200900,8627.000000,1.000000
0.188152,228.944500,8628.000000,1.000000
0.188152,226.297200,8629.000000,1.000000
0.188190,230.846000,8630.000000,1.000000
0.188203,230.942600,8631.000000,1.000000
0.188242,231.016800,8632.000000,1.000000
0.188242,231.022500,8633.000000,1.000000
0.188255,227.174800,8634.000000,1.000000
0.188268,233.220300,8635.000000,1.000000
0.188306,226.594700,8636.000000,1.000000
0.188319,234.810800,8637.000000,1.000000
0.188332,236.746400,8638.000000,1.000000
0.188350,417.026600,8639.000000,0.000000
0.188403,230.578500,8640.000000,1.000000
0.188416,229.034800,8641.000000,1.000000
0.188422,228.957300,8642.000000,1.000000
0.188428,303.185700,8643.000000,0.000000
0.188474,228.464400,8644.000000,1.000000
0.188474,226.315200,8645.000000,1.000000
0.188478,424.106300,8646.000000,0.000000
0.188525,228.716300,8647.000000,1.000000
0.188545,230.200200,8648.000000,1.000000
0.188570,234.595500,8649.000000,1.000000
0.188590,227.043600,8650.000000,1.000000
0.188603,226.461100,8651.000000,1.000000
0.188622,228.473600,8652.000000,1.000000
0.188635,226.149300,8653.000000,1.000000
0.188635,220.513400,8654.000000,0.000000
0.188648,227.099300,8655.000000,1.000000
0.188667,228.257200,8656.000000,1.000000
0.188686,227.832400,8657.000000,1.000000
0.188699,228.259000,8658.000000,1.000000
0.188706,231.464200,8659.000000,1.000000
0.188732,226.489900,8660.000000,1.000000
0.188738,230.012100,8661.000000,1.000000
0.188764,226.396200,8662.000000,1.000000
0.188777,226.410700,8663.000000,1.000000
0.188783,227.076300,8664.000000,1.000000
0.188835,228.190900,8665.000000,1.000000
0.188835,227.994700,8666.000000,1.000000
0.188847,226.050400,8667.000000,1.000000
0.188899,230.942600,8668.000000,1.000000
0.188970,234.898700,8669.000000,1.000000
0.188989,234.786800,8670.000000,1.000000
0.189021,226.689400,8671.000000,1.000000
0.189021,235.003600,8672.000000,1.000000
0.189034,226.983300,8673.000000,1.000000
0.189034,226.334800,8674.000000,1.000000
0.189060,229.191800,8675.000000,1.000000
0.189090,406.911700,8676.000000,0.000000
0.189092,226.288500,8677.000000,1.000000
0.189105,226.597900,8678.000000,1.000000
0.189187,346.094600,8679.000000,0.000000
0.189188,229.779400,8680.000000,1.000000
0.189195,226.555000,8681.000000,1.000000
0.189207,234.284400,8682.000000,1.000000
0.189233,226.329800,8683.000000,1.000000
0.189272,226.407500,8684.000000,1.000000
0.189291,230.100300,8685.000000,1.000000
0.189301,510.555700,8686.000000,0.000000
0.189310,215.130500,8687.000000,0.000000
0.189310,226.073500,8688.000000,1.000000
0.189361,232.558300,8689.000000,1.000000
0.189374,228.960000,8690.000000,1.000000
0.189419,230.883400,8691.000000,1.000000
0.189426,230.902200,8692.000000,1.000000
0.189432,226.790300,8693.000000,1.000000
0.189483,227.384300,8694.000000,1.000000
0.189483,231.139500,8695.000000,1.000000
0.189483,212.904900,8696.000000,0.000000
0.189554,227.671200,8697.000000,1.000000
0.189611,230.965100,8698.000000,1.000000
0.189650,232.212600,8699.000000,1.000000
0.189682,227.804200,8700.000000,1.000000
0.189701,231.589100,8701.000000,1.000000
0.189778,227.337000,8702.000000,1.000000
0.189791,227.749000,8703.000000,1.000000
0.189893,233.069300,8704.000000,1.000000
0.189918,233.830800,8705.000000,1.000000
0.189944,228.255100,8706.000000,1.000000
0.189970,229.812800,8707.000000,1.000000
0.189976,229.749200,8708.000000,1.000000
0.189982,231.635100,8709.000000,1.000000
0.190181,231.120500,8710.000000,1.000000
0.190225,231.480300,8711.000000,1.000000
0.190302,231.236200,8712.000000,1.000000
0.190315,231.755300,8713.000000,1.000000
0.190321,232.057800,8714.000000,1.000000
0.190346,297.165400,8715.000000,0.000000
0.190347,231.391000,8716.000000,1.000000
0.190398,231.709000,8717.000000,1.000000
0.190404,231.373800,8718.000000,1.000000
0.190404,232.135300,8719.000000,1.000000
0.190558,235.744900,8720.000000,1.000000
0.190571,232.959500,8721.000000,1.000000
0.190609,241.989900,8722.000000,1.000000
0.190609,238.210700,8723.000000,1.000000
0.190628,233.898000,8724.000000,1.000000
0.190635,234.902000,8725.000000,1.000000
0.190699,233.910300,8726.000000,1.000000
0.190705,236.856600,8727.000000,1.000000
0.190756,235.447200,8728.000000,1.000000
0.190776,234.003900,8729.000000,1.000000
0.190872,235.031600,8730.000000,1.000000
0.190923,235.373200,8731.000000,1.000000
0.190923,238.924900,8732.000000,1.000000
0.190936,235.614700,8733.000000,1.000000
0.191070,236.361500,8734.000000,1.000000
0.191134,236.412900,8735.000000,1.000000
0.191179,236.264900,8736.000000,1.000000
0.191250,236.575000,8737.000000,1.000000
0.191295,236.704700,8738.000000,1.000000
0.191301,236.755300,8739.000000,1.000000
0.191378,237.201800,8740.000000,1.000000
0.191404,237.116400,8741.000000,1.000000
0.191443,236.893200,8742.000000,1.000000
0.191533,238.174300,8743.000000,1.000000
0.191616,239.613600,8744.000000,1.000000
0.191636,238.451000,8745.000000,1.000000
0.191642,241.276600,8746.000000,1.000000
0.191668,239.941600,8747.000000,1.000000
0.191694,239.165000,8748.000000,1.000000
0.191700,239.860400,8749.000000,1.000000
0.191719,242.531900,8750.000000,1.000000
0.191732,242.747000,8751.000000,1.000000
0.191739,244.177500,8752.000000,1.000000
0.191854,245.617600,8753.000000,1.000000
0.191854,249.527700,8754.000000,1.000000
0.191900,245.409600,8755.000000,1.000000
0.191951,245.406200,8756.000000,1.000000
0.191958,245.231200,8757.000000,1.000000
0.191977,245.321400,8758.000000,1.000000
0.192003,245.563400,8759.000000,1.000000
0.192042,245.459100,8760.000000,1.000000
0.192042,245.420400,8761.000000,1.000000
0.192106,244.709700,8762.000000,1.000000
0.192125,244.602600,8763.000000,1.000000
0.192235,249.346800,8764.000000,1.000000
0.192235,242.804400,8765.000000,1.000000
0.192255,222.767900,8766.000000,0.000000
0.192287,242.591700,8767.000000,1.000000
0.192332,242.172000,8768.000000,1.000000
0.192332,242.216800,8769.000000,1.000000
0.192339,242.289800,8770.000000,1.000000
0.192345,242.412400,8771.000000,1.000000
0.192358,242.516500,8772.000000,1.000000
0.192435,242.556700,8773.000000,1.000000
0.192436,205.662200,8774.000000,0.000000
0.192448,242.192600,8775.000000,1.000000
0.192455,242.347000,8776.000000,1.000000
0.192455,217.456400,8777.000000,0.000000
0.192597,242.867600,8778.000000,1.000000
0.192603,245.634200,8779.000000,1.000000
0.192655,242.846600,8780.000000,1.000000
0.192668,242.910300,8781.000000,1.000000
0.192713,243.018100,8782.000000,1.000000
0.192726,243.977000,8783.000000,1.000000
0.192726,245.211300,8784.000000,1.000000
0.192752,245.410300,8785.000000,1.000000
0.192814,424.666500,8786.000000,0.000000
0.192829,244.048200,8787.000000,1.000000
0.192874,244.400100,8788.000000,1.000000
0.192894,245.062000,8789.000000,1.000000
0.192894,244.991100,8790.000000,1.000000
0.192939,243.202300,8791.000000,1.000000
0.192990,242.195900,8792.000000,1.000000
0.193003,242.986600,8793.000000,1.000000
0.193042,242.006900,8794.000000,1.000000
0.193080,242.108500,8795.000000,1.000000
0.193125,242.049200,8796.000000,1.000000
0.193158,242.164300,8797.000000,1.000000
0.193183,241.502400,8798.000000,1.000000
0.193196,241.255700,8799.000000,1.000000
0.193216,241.075100,8800.000000,1.000000
0.193267,239.873300,8801.000000,1.000000
0.193267,239.114400,8802.000000,1.000000
0.193294,103.197400,8803.000000,0.000000
0.193306,240.243800,8804.000000,1.000000
0.193312,239.516000,8805.000000,1.000000
0.193315,-48.594560,8806.000000,0.000000
0.193344,239.357800,8807.000000,1.000000
0.193370,238.696300,8808.000000,1.000000
0.193408,240.128100,8809.000000,1.000000
0.193408,239.365300,8810.000000,1.000000
0.193421,238.659000,8811.000000,1.000000
0.193428,238.827400,8812.000000,1.000000
0.193472,238.822700,8813.000000,1.000000
0.193569,239.229800,8814.000000,1.000000
0.193569,238.718100,8815.000000,1.000000
0.193575,238.484100,8816.000000,1.000000
0.193709,274.505700,8817.000000,0.000000
0.193787,239.174600,8818.000000,1.000000
0.193793,239.328600,8819.000000,1.000000
0.193825,239.150400,8820.000000,1.000000
0.193832,239.402600,8821.000000,1.000000
0.193844,242.842900,8822.000000,1.000000
0.193844,239.801700,8823.000000,1.000000
0.193889,239.455600,8824.000000,1.000000
0.193896,238.969600,8825.000000,1.000000
0.193915,239.416500,8826.000000,1.000000
0.193947,239.005400,8827.000000,1.000000
0.193985,238.830700,8828.000000,1.000000
0.194011,238.376800,8829.000000,1.000000
0.194024,239.029800,8830.000000,1.000000
0.194049,238.347300,8831.000000,1.000000
0.194081,237.766900,8832.000000,1.000000
0.194113,238.323000,8833.000000,1.000000
0.194177,253.638500,8834.000000,0.000000
0.194181,479.549100,8835.000000,0.000000
0.194241,237.308700,8836.000000,1.000000
0.194241,237.758600,8837.000000,1.000000
0.194245,553.601200,8838.000000,0.000000
0.194254,237.515700,8839.000000,1.000000
0.194267,237.901000,8840.000000,1.000000
0.194280,239.708700,8841.000000,1.000000
0.194286,236.205800,8842.000000,1.000000
0.194389,237.766200,8843.000000,1.000000
0.194427,237.920900,8844.000000,1.000000
0.194440,239.319800,8845.000000,1.000000
0.194472,236.732500,8846.000000,1.000000
0.194491,237.581700,8847.000000,1.000000
0.194504,237.676100,8848.000000,1.000000
0.194510,237.954300,8849.000000,1.000000
0.194517,236.828700,8850.000000,1.000000
0.194536,237.984000,8851.000000,1.000000
0.194543,236.215400,8852.000000,1.000000
0.194549,236.468200,8853.000000,1.000000
0.194575,236.744800,8854.000000,1.000000
0.194600,236.265500,8855.000000,1.000000
0.194619,236.298200,8856.000000,1.000000
0.194658,236.263400,8857.000000,1.000000
0.194664,236.295600,8858.000000,1.000000
0.194703,236.431800,8859.000000,1.000000
0.194748,236.587100,8860.000000,1.000000
0.194761,236.772200,8861.000000,1.000000
0.194773,236.632500,8862.000000,1.000000
0.194780,236.449700,8863.000000,1.000000
0.194799,236.397800,8864.000000,1.000000
0.194857,236.636700,8865.000000,1.000000
0.194889,236.652100,8866.000000,1.000000
0.194895,236.389400,8867.000000,1.000000
0.194895,236.491500,8868.000000,1.000000
0.194927,234.477900,8869.000000,1.000000
0.194940,236.519100,8870.000000,1.000000
0.195043,235.471100,8871.000000,1.000000
0.195043,234.525400,8872.000000,1.000000
0.195133,234.239800,8873.000000,1.000000
0.195197,233.593200,8874.000000,1.000000
0.195216,235.597500,8875.000000,1.000000
0.195235,235.975500,8876.000000,1.000000
0.195255,233.488000,8877.000000,1.000000
0.195274,233.213200,8878.000000,1.000000
0.195274,233.622600,8879.000000,1.000000
0.195332,232.406500,8880.000000,1.000000
0.195351,232.082600,8881.000000,1.000000
0.195364,232.271500,8882.000000,1.000000
0.195364,232.301800,8883.000000,1.000000
0.195383,232.469300,8884.000000,1.000000
0.195409,232.482300,8885.000000,1.000000
0.195441,232.392600,8886.000000,1.000000
0.195486,232.608700,8887.000000,1.000000
0.195512,232.432900,8888.000000,1.000000
0.195531,232.495700,8889.000000,1.000000
0.195531,230.861500,8890.000000,1.000000
0.195602,231.086400,8891.000000,1.000000
0.195704,230.460000,8892.000000,1.000000
0.195749,230.922000,8893.000000,1.000000
0.195769,230.741800,8894.000000,1.000000
0.195833,229.698200,8895.000000,1.000000
0.195839,229.579800,8896.000000,1.000000
0.195865,229.771700,8897.000000,1.000000
0.195884,229.582900,8898.000000,1.000000
0.195922,290.982900,8899.000000,0.000000
0.195949,229.811600,8900.000000,1.000000
0.195975,229.544100,8901.000000,1.000000
0.195987,228.667800,8902.000000,1.000000
0.195987,229.031100,8903.000000,1.000000
0.196007,228.535200,8904.000000,1.000000
0.196007,229.095200,8905.000000,1.000000
0.196013,229.746600,8906.000000,1.000000
0.196032,228.599800,8907.000000,1.000000
0.196116,228.302300,8908.000000,1.000000
0.196155,228.139600,8909.000000,1.000000
0.196161,228.002100,8910.000000,1.000000
0.196174,227.868900,8911.000000,1.000000
0.196335,227.983500,8912.000000,1.000000
0.196341,227.976700,8913.000000,1.000000
0.196354,227.796300,8914.000000,1.000000
0.196373,228.256000,8915.000000,1.000000
0.196386,226.944400,8916.000000,1.000000
0.196438,226.057400,8917.000000,1.000000
0.196463,226.389400,8918.000000,1.000000
0.196476,226.589600,8919.000000,1.000000
0.196476,226.872200,8920.000000,1.000000
0.196508,226.399900,8921.000000,1.000000
0.196540,225.942000,8922.000000,1.000000
0.196553,225.833200,8923.000000,1.000000
0.196572,311.372300,8924.000000,0.000000
0.196611,226.043500,8925.000000,1.000000
0.196663,226.001800,8926.000000,1.000000
0.196682,224.531000,8927.000000,1.000000
0.196695,224.628300,8928.000000,1.000000
0.196708,224.958400,8929.000000,1.000000
0.196772,224.611300,8930.000000,1.000000
0.196791,224.695100,8931.000000,1.000000
0.196817,224.241200,8932.000000,1.000000
0.196823,224.786300,8933.000000,1.000000
0.196836,224.286200,8934.000000,1.000000
0.196868,223.466900,8935.000000,1.000000
0.196901,224.001200,8936.000000,1.000000
0.196959,223.490200,8937.000000,1.000000
0.196965,223.934000,8938.000000,1.000000
0.197042,223.633500,8939.000000,1.000000
0.197055,223.708800,8940.000000,1.000000
0.197087,223.865200,8941.000000,1.000000
0.197119,223.816100,8942.000000,1.000000
0.197119,224.001900,8943.000000,1.000000
0.197139,223.691800,8944.000000,1.000000
0.197177,224.013700,8945.000000,1.000000
0.197235,221.645700,8946.000000,1.000000
0.197312,220.888200,8947.000000,1.000000
0.197396,221.112100,8948.000000,1.000000
0.197402,221.142200,8949.000000,1.000000
0.197441,220.908800,8950.000000,1.000000
0.197441,221.101000,8951.000000,1.000000
0.197486,221.790700,8952.000000,1.000000
0.197505,220.687400,8953.000000,1.000000
0.197505,220.082400,8954.000000,1.000000
0.197505,220.048500,8955.000000,1.000000
0.197518,220.304900,8956.000000,1.000000
0.197576,220.179600,8957.000000,1.000000
0.197608,219.672300,8958.000000,1.000000
0.197608,220.199200,8959.000000,1.000000
0.197678,215.493800,8960.000000,1.000000
0.197685,220.421400,8961.000000,1.000000
0.197698,219.403000,8962.000000,1.000000
0.197698,220.209500,8963.000000,1.000000
0.197698,219.324700,8964.000000,1.000000
0.197698,219.454700,8965.000000,1.000000
0.197736,220.551000,8966.000000,1.000000
0.197773,356.819600,8967.000000,0.000000
0.197800,219.812000,8968.000000,1.000000
0.197804,494.940500,8969.000000,0.000000
0.197813,219.083800,8970.000000,1.000000
0.197820,219.596200,8971.000000,1.000000
0.197826,219.247100,8972.000000,1.000000
0.197833,219.560500,8973.000000,1.000000
0.197833,219.608500,8974.000000,1.000000
0.197916,219.550200,8975.000000,1.000000
0.197935,219.494700,8976.000000,1.000000
0.197948,219.510500,8977.000000,1.000000
0.198019,217.014300,8978.000000,1.000000
0.198070,217.671200,8979.000000,1.000000
0.198128,217.402900,8980.000000,1.000000
0.198128,217.495200,8981.000000,1.000000
0.198160,217.459700,8982.000000,1.000000
0.198160,217.825500,8983.000000,1.000000
0.198180,217.305200,8984.000000,1.000000
0.198270,217.229000,8985.000000,1.000000
0.198289,217.380300,8986.000000,1.000000
0.198308,217.555300,8987.000000,1.000000
0.198315,216.958700,8988.000000,1.000000
0.198334,216.022700,8989.000000,1.000000
0.198334,217.316300,8990.000000,1.000000
0.198347,217.091900,8991.000000,1.000000
0.198379,217.190600,8992.000000,1.000000
0.198385,217.301000,8993.000000,1.000000
0.198430,215.385800,8994.000000,1.000000
0.198450,215.232000,8995.000000,1.000000
0.198463,215.374900,8996.000000,1.000000
0.198469,215.610500,8997.000000,1.000000
0.198546,215.129200,8998.000000,1.000000
0.198572,215.201100,8999.000000,1.000000
0.198636,214.371500,9000.000000,1.000000
0.198656,214.421100,9001.000000,1.000000
0.198668,214.207400,9002.000000,1.000000
0.198675,213.139400,9003.000000,1.000000
0.198701,215.264700,9004.000000,1.000000
0.198713,214.326300,9005.000000,1.000000
0.198752,214.036000,9006.000000,1.000000
0.198765,214.579900,9007.000000,1.000000
0.198797,214.531800,9008.000000,1.000000
0.198797,214.023800,9009.000000,1.000000
0.198803,214.386800,9010.000000,1.000000
0.198836,214.442400,9011.000000,1.000000
0.198866,398.336200,9012.000000,0.000000
0.198894,213.665100,9013.000000,1.000000
0.198932,211.138700,9014.000000,1.000000
0.198951,213.172100,9015.000000,1.000000
0.198971,212.954100,9016.000000,1.000000
0.199003,213.228700,9017.000000,1.000000
0.199022,213.433400,9018.000000,1.000000
0.199054,210.558400,9019.000000,1.000000
0.199061,210.668000,9020.000000,1.000000
0.199106,212.437200,9021.000000,1.000000
0.199209,210.844900,9022.000000,1.000000
0.199209,209.298900,9023.000000,1.000000
0.199215,209.612200,9024.000000,1.000000
0.199234,211.526100,9025.000000,1.000000
0.199254,209.197000,9026.000000,1.000000
0.199286,209.163100,9027.000000,1.000000
0.199299,208.984000,9028.000000,1.000000
0.199299,208.828600,9029.000000,1.000000
0.199363,208.728500,9030.000000,1.000000
0.199414,209.573200,9031.000000,1.000000
0.199459,207.541000,9032.000000,1.000000
0.199472,245.809100,9033.000000,0.000000
0.199479,207.713500,9034.000000,1.000000
0.199511,207.307400,9035.000000,1.000000
0.199588,206.917700,9036.000000,1.000000
0.199748,206.918100,9037.000000,1.000000
0.199845,205.821100,9038.000000,1.000000
0.199870,205.640400,9039.000000,1.000000
0.199896,205.864100,9040.000000,1.000000
0.199909,205.912100,9041.000000,1.000000
0.199947,205.435400,9042.000000,1.000000
0.199980,205.182900,9043.000000,1.000000
0.200005,205.656100,9044.000000,1.000000
0.200018,204.750700,9045.000000,1.000000
0.200028,-98.333280,9046.000000,0.000000
0.200089,203.998900,9047.000000,1.000000
0.200211,203.545300,9048.000000,1.000000
0.200224,203.460400,9049.000000,1.000000
0.200256,203.063700,9050.000000,1.000000
0.200358,202.778700,9051.000000,1.000000
0.200403,203.258200,9052.000000,1.000000
0.200525,201.794000,9053.000000,1.000000
0.200525,201.999900,9054.000000,1.000000
0.200551,201.740800,9055.000000,1.000000
0.200583,201.196300,9056.000000,1.000000
0.200615,201.249200,9057.000000,1.000000
0.200622,200.861300,9058.000000,1.000000
0.200622,201.507700,9059.000000,1.000000
0.200679,201.053300,9060.000000,1.000000
0.200789,200.718200,9061.000000,1.000000
0.200795,200.698300,9062.000000,1.000000
0.200821,200.149800,9063.000000,1.000000
0.200840,200.379700,9064.000000,1.000000
0.200943,199.777800,9065.000000,1.000000
0.200962,199.647800,9066.000000,1.000000
0.201001,199.789800,9067.000000,1.000000
0.201020,199.449600,9068.000000,1.000000
0.201084,199.580300,9069.000000,1.000000
0.201174,199.165800,9070.000000,1.000000
0.201200,198.431600,9071.000000,1.000000
0.201213,198.883000,9072.000000,1.000000
0.201232,198.582000,9073.000000,1.000000
0.201245,199.236500,9074.000000,1.000000
0.201271,198.657100,9075.000000,1.000000
0.201374,198.244900,9076.000000,1.000000
0.201430,363.253000,9077.000000,0.000000
0.201438,199.510100,9078.000000,1.000000
0.201470,198.225800,9079.000000,1.000000
0.201477,198.010400,9080.000000,1.000000
0.201534,203.099800,9081.000000,1.000000
0.201541,198.457600,9082.000000,1.000000
0.201547,198.195800,9083.000000,1.000000
0.201579,198.173000,9084.000000,1.000000
0.201624,198.126200,9085.000000,1.000000
0.201669,197.296600,9086.000000,1.000000
0.201721,197.764200,9087.000000,1.000000
0.201721,197.525000,9088.000000,1.000000
0.201727,197.534700,9089.000000,1.000000
0.201811,197.973300,9090.000000,1.000000
0.201837,197.482400,9091.000000,1.000000
0.201869,198.150300,9092.000000,1.000000
0.201907,199.092300,9093.000000,1.000000
0.201920,199.070700,9094.000000,1.000000
0.201997,197.732200,9095.000000,1.000000
0.202023,197.792300,9096.000000,1.000000
0.202029,198.416200,9097.000000,1.000000
0.202029,197.525300,9098.000000,1.000000
0.202062,197.819000,9099.000000,1.000000
0.202074,197.904100,9100.000000,1.000000
0.202081,204.980100,9101.000000,1.000000
0.202081,197.646300,9102.000000,1.000000
0.202081,197.645000,9103.000000,1.000000
0.202197,197.898900,9104.000000,1.000000
0.202203,198.129000,9105.000000,1.000000
0.202261,198.181900,9106.000000,1.000000
0.202287,197.990300,9107.000000,1.000000
0.202332,197.366100,9108.000000,1.000000
0.202344,222.346700,9109.000000,0.000000
0.202389,198.871600,9110.000000,1.000000
0.202396,198.005200,9111.000000,1.000000
0.202415,193.990000,9112.000000,1.000000
0.202486,194.535100,9113.000000,1.000000
0.202511,202.787800,9114.000000,1.000000
0.202511,194.911500,9115.000000,1.000000
0.202511,195.407500,9116.000000,1.000000
0.202544,194.983100,9117.000000,1.000000
0.202614,198.898600,9118.000000,1.000000
0.202621,198.171100,9119.000000,1.000000
0.202640,193.465900,9120.000000,1.000000
0.202653,188.001000,9121.000000,1.000000
0.202691,201.123000,9122.000000,1.000000
0.202701,506.103500,9123.000000,0.000000
0.202768,197.802900,9124.000000,1.000000
0.202833,191.452800,9125.000000,1.000000
0.202858,191.517800,9126.000000,1.000000
0.202871,191.596800,9127.000000,1.000000
0.202878,191.372500,9128.000000,1.000000
0.202884,191.821200,9129.000000,1.000000
0.202897,191.723400,9130.000000,1.000000
0.202910,191.490200,9131.000000,1.000000
0.202910,191.673200,9132.000000,1.000000
0.202935,191.716800,9133.000000,1.000000
0.202942,191.802800,9134.000000,1.000000
0.202968,191.503200,9135.000000,1.000000
0.202974,191.558000,9136.000000,1.000000
0.202980,191.756400,9137.000000,1.000000
0.203032,191.961900,9138.000000,1.000000
0.203032,191.834900,9139.000000,1.000000
0.203096,191.539200,9140.000000,1.000000
0.203115,191.460500,9141.000000,1.000000
0.203135,191.831300,9142.000000,1.000000
0.203135,191.674900,9143.000000,1.000000
0.203146,366.312100,9144.000000,0.000000
0.203225,191.668600,9145.000000,1.000000
0.203244,191.880400,9146.000000,1.000000
0.203263,191.602700,9147.000000,1.000000
0.203327,193.673600,9148.000000,1.000000
0.203398,194.236500,9149.000000,1.000000
0.203404,194.111100,9150.000000,1.000000
0.203430,194.235400,9151.000000,1.000000
0.203462,198.475500,9152.000000,1.000000
0.203520,194.642600,9153.000000,1.000000
0.203526,199.727700,9154.000000,1.000000
0.203559,197.442200,9155.000000,1.000000
0.203571,199.381500,9156.000000,1.000000
0.203636,196.751300,9157.000000,1.000000
0.203655,194.071900,9158.000000,1.000000
0.203745,193.743300,9159.000000,1.000000
0.203771,193.603300,9160.000000,1.000000
0.203783,194.060100,9161.000000,1.000000
0.203790,193.831500,9162.000000,1.000000
0.203809,193.904900,9163.000000,1.000000
0.203816,196.945200,9164.000000,1.000000
0.203828,193.608900,9165.000000,1.000000
0.203854,197.948400,9166.000000,1.000000
0.203873,204.207300,9167.000000,1.000000
0.203873,197.117000,9168.000000,1.000000
0.203873,197.165700,9169.000000,1.000000
0.203899,197.069800,9170.000000,1.000000
0.203906,197.388800,9171.000000,1.000000
0.204028,197.356800,9172.000000,1.000000
0.204034,198.247800,9173.000000,1.000000
0.204047,205.975900,9174.000000,1.000000
0.204092,201.412900,9175.000000,1.000000
0.204150,201.247700,9176.000000,1.000000
0.204150,203.310200,9177.000000,1.000000
0.204150,203.318900,9178.000000,1.000000
0.204150,201.237300,9179.000000,1.000000
0.204150,193.392600,9180.000000,1.000000
0.204220,203.889600,9181.000000,1.000000
0.204233,202.955600,9182.000000,1.000000
0.204233,199.239900,9183.000000,1.000000
0.204259,197.940900,9184.000000,1.000000
0.204298,195.902700,9185.000000,1.000000
0.204304,195.757100,9186.000000,1.000000
0.204375,195.430100,9187.000000,1.000000
0.204433,196.362900,9188.000000,1.000000
0.204438,280.953700,9189.000000,0.000000
0.204497,196.240700,9190.000000,1.000000
0.204536,196.111300,9191.000000,1.000000
0.204568,196.266000,9192.000000,1.000000
0.204606,195.828700,9193.000000,1.000000
0.204638,196.072600,9194.000000,1.000000
0.204638,193.897000,9195.000000,1.000000
0.204703,193.739500,9196.000000,1.000000
0.204709,196.000500,9197.000000,1.000000
0.204709,193.735900,9198.000000,1.000000
0.204735,195.688200,9199.000000,1.000000
0.204748,193.718600,9200.000000,1.000000
0.204767,193.791000,9201.000000,1.000000
0.204773,193.622800,9202.000000,1.000000
0.204780,193.659900,9203.000000,1.000000
0.204806,194.114500,9204.000000,1.000000
0.204812,193.394400,9205.000000,1.000000
0.204876,193.425500,9206.000000,1.000000
0.204889,193.694600,9207.000000,1.000000
0.204889,194.192500,9208.000000,1.000000
0.204896,194.016100,9209.000000,1.000000
0.204915,193.873300,9210.000000,1.000000
0.204960,193.468000,9211.000000,1.000000
0.204973,193.746300,9212.000000,1.000000
0.204973,193.873500,9213.000000,1.000000
0.204986,193.922600,9214.000000,1.000000
0.204999,193.274800,9215.000000,1.000000
0.205217,189.187700,9216.000000,1.000000
0.205269,189.037900,9217.000000,1.000000
0.205365,189.398700,9218.000000,1.000000
0.205371,189.360900,9219.000000,1.000000
0.205378,189.354600,9220.000000,1.000000
0.205391,184.939200,9221.000000,1.000000
0.205410,189.342600,9222.000000,1.000000
0.205460,322.811400,9223.000000,0.000000
0.205461,184.811400,9224.000000,1.000000
0.205461,184.610100,9225.000000,1.000000
0.205467,261.865300,9226.000000,0.000000
0.205474,189.759000,9227.000000,1.000000
0.205525,188.122100,9228.000000,1.000000
0.205557,185.021900,9229.000000,1.000000
0.205615,191.741700,9230.000000,1.000000
0.205615,184.818300,9231.000000,1.000000
0.205634,192.068700,9232.000000,1.000000
0.205666,191.395100,9233.000000,1.000000
0.205692,190.754400,9234.000000,1.000000
0.205692,194.323300,9235.000000,1.000000
0.205756,190.786600,9236.000000,1.000000
0.205775,192.568500,9237.000000,1.000000
0.205795,187.440800,9238.000000,1.000000
0.205814,186.985900,9239.000000,1.000000
0.205820,187.394900,9240.000000,1.000000
0.205865,201.359400,9241.000000,1.000000
0.205897,204.636100,9242.000000,1.000000
0.205903,192.240100,9243.000000,1.000000
0.205916,192.364800,9244.000000,1.000000
0.205916,201.764000,9245.000000,1.000000
0.205967,191.632400,9246.000000,1.000000
0.205987,191.799000,9247.000000,1.000000
0.205987,191.597900,9248.000000,1.000000
0.205993,191.473800,9249.000000,1.000000
0.206000,187.730000,9250.000000,1.000000
0.206019,189.907000,9251.000000,1.000000
0.206019,191.634100,9252.000000,1.000000
0.206057,190.401600,9253.000000,1.000000
0.206095,188.975900,9254.000000,1.000000
0.206102,188.088900,9255.000000,1.000000
0.206140,193.095300,9256.000000,1.000000
0.206159,193.747700,9257.000000,1.000000
0.206172,188.542900,9258.000000,1.000000
0.206217,188.466600,9259.000000,1.000000
0.206242,188.974600,9260.000000,1.000000
0.206325,188.002100,9261.000000,1.000000
0.206395,187.907900,9262.000000,1.000000
0.206510,191.039300,9263.000000,1.000000
0.206516,191.007100,9264.000000,1.000000
0.206606,186.673400,9265.000000,1.000000
0.206612,190.452100,9266.000000,1.000000
0.206612,186.871700,9267.000000,1.000000
0.206619,190.665100,9268.000000,1.000000
0.206695,190.556200,9269.000000,1.000000
0.206695,190.916400,9270.000000,1.000000
0.206708,190.774400,9271.000000,1.000000
0.206715,186.473200,9272.000000,1.000000
0.206727,186.495600,9273.000000,1.000000
0.206734,189.220600,9274.000000,1.000000
0.206740,189.658400,9275.000000,1.000000
0.206753,189.275500,9276.000000,1.000000
0.206759,188.633100,9277.000000,1.000000
0.206772,189.026400,9278.000000,1.000000
0.206791,189.141600,9279.000000,1.000000
0.206798,184.779900,9280.000000,1.000000
0.206804,184.965500,9281.000000,1.000000
0.206836,184.954400,9282.000000,1.000000
0.206843,185.058800,9283.000000,1.000000
0.206849,185.052900,9284.000000,1.000000
0.206881,184.567600,9285.000000,1.000000
0.206887,184.327300,9286.000000,1.000000
0.206917,397.873100,9287.000000,0.000000
0.206977,188.586800,9288.000000,1.000000
0.207035,191.111600,9289.000000,1.000000
0.207080,184.389800,9290.000000,1.000000
0.207080,184.512000,9291.000000,1.000000
0.207086,183.772100,9292.000000,1.000000
0.207086,188.659000,9293.000000,1.000000
0.207189,183.844400,9294.000000,1.000000
0.207239,326.908000,9295.000000,0.000000
0.207253,183.180500,9296.000000,1.000000
0.207253,183.894300,9297.000000,1.000000
0.207260,184.198500,9298.000000,1.000000
0.207304,186.082900,9299.000000,1.000000
0.207350,181.132200,9300.000000,1.000000
0.207350,185.394000,9301.000000,1.000000
0.207356,189.003000,9302.000000,1.000000
0.207382,185.639400,9303.000000,1.000000
0.207388,184.517700,9304.000000,1.000000
0.207401,183.639700,9305.000000,1.000000
0.207453,181.189700,9306.000000,1.000000
0.207473,180.239400,9307.000000,1.000000
0.207537,190.241600,9308.000000,1.000000
0.207550,178.829600,9309.000000,1.000000
0.207582,178.553300,9310.000000,1.000000
0.207608,178.779800,9311.000000,1.000000
0.207641,191.539900,9312.000000,1.000000
0.207641,192.852300,9313.000000,1.000000
0.207647,179.279400,9314.000000,1.000000
0.207654,180.046400,9315.000000,1.000000
0.207660,184.878000,9316.000000,1.000000
0.207686,191.836000,9317.000000,1.000000
0.207718,179.148500,9318.000000,1.000000
0.207725,179.244900,9319.000000,1.000000
0.207829,179.365100,9320.000000,1.000000
0.207874,179.397300,9321.000000,1.000000
0.207900,178.163100,9322.000000,1.000000
0.207919,179.575500,9323.000000,1.000000
0.207919,175.980200,9324.000000,1.000000
0.207926,179.302300,9325.000000,1.000000
0.207932,175.967700,9326.000000,1.000000
0.207933,117.381600,9327.000000,0.000000
0.207952,176.142300,9328.000000,1.000000
0.207965,176.019100,9329.000000,1.000000
0.207971,176.024700,9330.000000,1.000000
0.207984,176.277700,9331.000000,1.000000
0.207984,176.454100,9332.000000,1.000000
0.207991,175.972300,9333.000000,1.000000
0.207991,176.244800,9334.000000,1.000000
0.208010,176.311600,9335.000000,1.000000
0.208016,176.180800,9336.000000,1.000000
0.208042,179.182200,9337.000000,1.000000
0.208094,180.082800,9338.000000,1.000000
0.208130,470.747300,9339.000000,0.000000
0.208139,180.131900,9340.000000,1.000000
0.208146,180.163600,9341.000000,1.000000
0.208165,180.118700,9342.000000,1.000000
0.208172,180.099300,9343.000000,1.000000
0.208185,180.026300,9344.000000,1.000000
0.208198,180.073200,9345.000000,1.000000
0.208243,180.066200,9346.000000,1.000000
0.208256,185.608000,9347.000000,1.000000
0.208282,180.072200,9348.000000,1.000000
0.208327,180.156400,9349.000000,1.000000
0.208327,180.173000,9350.000000,1.000000
0.208346,185.944200,9351.000000,1.000000
0.208359,185.996300,9352.000000,1.000000
0.208379,180.193400,9353.000000,1.000000
0.208379,180.158600,9354.000000,1.000000
0.208385,180.167300,9355.000000,1.000000
0.208385,185.978500,9356.000000,1.000000
0.208398,185.825000,9357.000000,1.000000
0.208405,185.996900,9358.000000,1.000000
0.208405,185.983000,9359.000000,1.000000
0.208431,180.012200,9360.000000,1.000000
0.208431,180.318300,9361.000000,1.000000
0.208444,179.984400,9362.000000,1.000000
0.208444,180.213400,9363.000000,1.000000
0.208444,180.139900,9364.000000,1.000000
0.208456,179.981900,9365.000000,1.000000
0.208495,180.262700,9366.000000,1.000000
0.208502,180.145200,9367.000000,1.000000
0.208508,179.766700,9368.000000,1.000000
0.208547,177.990200,9369.000000,1.000000
0.208573,180.342300,9370.000000,1.000000
0.208586,180.497100,9371.000000,1.000000
0.208592,180.282600,9372.000000,1.000000
0.208637,180.410400,9373.000000,1.000000
0.208644,180.425400,9374.000000,1.000000
0.208676,180.630800,9375.000000,1.000000
0.208682,180.431800,9376.000000,1.000000
0.208708,180.635000,9377.000000,1.000000
0.208753,180.642800,9378.000000,1.000000
0.208766,180.689600,9379.000000,1.000000
0.208791,206.987700,9380.000000,1.000000
0.208836,207.217900,9381.000000,1.000000
0.208856,206.219000,9382.000000,1.000000
0.208879,458.684300,9383.000000,0.000000
0.208894,207.296500,9384.000000,1.000000
0.208913,207.191400,9385.000000,1.000000
0.208939,207.217900,9386.000000,1.000000
0.209010,180.288100,9387.000000,1.000000
0.209087,180.635200,9388.000000,1.000000
0.209093,180.674700,9389.000000,1.000000
0.209100,180.587200,9390.000000,1.000000
0.209106,180.669100,9391.000000,1.000000
0.209113,180.524200,9392.000000,1.000000
0.209119,180.363900,9393.000000,1.000000
0.209228,180.747700,9394.000000,1.000000
0.209241,180.711100,9395.000000,1.000000
0.209247,180.644900,9396.000000,1.000000
0.209273,180.783100,9397.000000,1.000000
0.209279,180.566400,9398.000000,1.000000
0.209279,180.830600,9399.000000,1.000000
0.209286,180.690700,9400.000000,1.000000
0.209311,180.698800,9401.000000,1.000000
0.209330,180.713500,9402.000000,1.000000
0.209350,180.803300,9403.000000,1.000000
0.209356,180.702900,9404.000000,1.000000
0.209362,180.803600,9405.000000,1.000000
0.209369,180.748600,9406.000000,1.000000
0.209369,181.021000,9407.000000,1.000000
0.209439,181.410600,9408.000000,1.000000
0.209452,180.875500,9409.000000,1.000000
0.209465,181.109600,9410.000000,1.000000
0.209465,181.385100,9411.000000,1.000000
0.209471,181.106900,9412.000000,1.000000
0.209475,490.267000,9413.000000,0.000000
0.209491,181.215700,9414.000000,1.000000
0.209510,181.268300,9415.000000,1.000000
0.209548,181.239300,9416.000000,1.000000
0.209612,199.573500,9417.000000,1.000000
0.209619,197.172000,9418.000000,1.000000
0.209619,196.800700,9419.000000,1.000000
0.209638,196.690100,9420.000000,1.000000
0.209689,196.842200,9421.000000,1.000000
0.209727,196.991400,9422.000000,1.000000
0.209758,377.993400,9423.000000,0.000000
0.209804,191.578100,9424.000000,1.000000
0.209881,191.688300,9425.000000,1.000000
0.209900,191.830500,9426.000000,1.000000
0.209990,192.177100,9427.000000,1.000000
0.209997,191.561700,9428.000000,1.000000
0.210061,192.152700,9429.000000,1.000000
0.210074,192.184100,9430.000000,1.000000
0.210099,192.165900,9431.000000,1.000000
0.210164,193.014300,9432.000000,1.000000
0.210202,194.366300,9433.000000,1.000000
0.210228,196.599200,9434.000000,1.000000
0.210234,193.964200,9435.000000,1.000000
0.210234,194.142500,9436.000000,1.000000
0.210266,196.278100,9437.000000,1.000000
0.210267,172.135100,9438.000000,0.000000
0.210279,194.468900,9439.000000,1.000000
0.210311,195.976000,9440.000000,1.000000
0.210330,208.909200,9441.000000,1.000000
0.210369,195.974600,9442.000000,1.000000
0.210459,207.647400,9443.000000,1.000000
0.210504,208.124500,9444.000000,1.000000
0.210504,211.031200,9445.000000,1.000000
0.210510,196.247100,9446.000000,1.000000
0.210511,169.184700,9447.000000,0.000000
0.210549,196.690600,9448.000000,1.000000
0.210581,200.686300,9449.000000,1.000000
0.210690,204.977300,9450.000000,1.000000
0.210735,199.481600,9451.000000,1.000000
0.210761,199.718200,9452.000000,1.000000
0.210825,194.494400,9453.000000,1.000000
0.210896,192.698600,9454.000000,1.000000
0.210928,192.042600,9455.000000,1.000000
0.210941,191.906600,9456.000000,1.000000
0.210993,189.190500,9457.000000,1.000000
0.211025,189.790300,9458.000000,1.000000
0.211050,185.042000,9459.000000,1.000000
0.211076,185.770000,9460.000000,1.000000
0.211083,188.328400,9461.000000,1.000000
0.211115,186.644900,9462.000000,1.000000
0.211160,185.039900,9463.000000,1.000000
0.211217,189.544200,9464.000000,1.000000
0.211237,187.206800,9465.000000,1.000000
0.211250,185.996800,9466.000000,1.000000
0.211250,187.106600,9467.000000,1.000000
0.211250,173.880100,9468.000000,0.000000
0.211262,192.416300,9469.000000,1.000000
0.211282,191.455200,9470.000000,1.000000
0.211288,187.349000,9471.000000,1.000000
0.211339,191.191900,9472.000000,1.000000
0.211352,192.381100,9473.000000,1.000000
0.211397,191.623400,9474.000000,1.000000
0.211410,190.441000,9475.000000,1.000000
0.211416,191.632200,9476.000000,1.000000
0.211423,189.441800,9477.000000,1.000000
0.211442,188.608300,9478.000000,1.000000
0.211449,195.538900,9479.000000,1.000000
0.211455,189.632900,9480.000000,1.000000
0.211519,182.472500,9481.000000,1.000000
0.211526,191.428600,9482.000000,1.000000
0.211564,192.484800,9483.000000,1.000000
0.211603,194.640500,9484.000000,1.000000
0.211615,198.317600,9485.000000,1.000000
0.211628,209.272200,9486.000000,1.000000
0.211634,215.437200,9487.000000,1.000000
0.211660,215.033300,9488.000000,1.000000
0.211673,215.954100,9489.000000,1.000000
0.211686,215.603000,9490.000000,1.000000
0.211705,215.789300,9491.000000,1.000000
0.211711,214.383400,9492.000000,1.000000
0.211731,215.715300,9493.000000,1.000000
0.211731,215.825000,9494.000000,1.000000
0.211750,215.904600,9495.000000,1.000000
0.211760,532.216900,9496.000000,0.000000
0.211769,215.645200,9497.000000,1.000000
0.211821,217.369400,9498.000000,1.000000
0.211853,216.619400,9499.000000,1.000000
0.211853,216.574900,9500.000000,1.000000
0.211885,216.732700,9501.000000,1.000000
0.211891,216.966200,9502.000000,1.000000
0.211936,218.574100,9503.000000,1.000000
0.211962,218.677800,9504.000000,1.000000
0.211994,218.785400,9505.000000,1.000000
0.212020,219.632300,9506.000000,1.000000
0.212026,220.751700,9507.000000,1.000000
0.212077,218.670600,9508.000000,1.000000
0.212097,218.877300,9509.000000,1.000000
0.212135,219.916500,9510.000000,1.000000
0.212167,219.751400,9511.000000,1.000000
0.212172,333.783000,9512.000000,0.000000
0.212193,220.425000,9513.000000,1.000000
0.212212,220.021700,9514.000000,1.000000
0.212212,220.885600,9515.000000,1.000000
0.212231,220.799200,9516.000000,1.000000
0.212276,220.880500,9517.000000,1.000000
0.212289,220.767300,9518.000000,1.000000
0.212321,222.819700,9519.000000,1.000000
0.212379,222.700400,9520.000000,1.000000
0.212392,222.462700,9521.000000,1.000000
0.212520,223.763300,9522.000000,1.000000
0.212527,223.601500,9523.000000,1.000000
0.212584,223.746500,9524.000000,1.000000
0.212610,223.131000,9525.000000,1.000000
0.212687,223.215600,9526.000000,1.000000
0.212700,223.734600,9527.000000,1.000000
0.212707,223.778000,9528.000000,1.000000
0.212737,412.026400,9529.000000,0.000000
0.212806,535.849700,9530.000000,0.000000
0.212841,224.053400,9531.000000,1.000000
0.212848,226.894800,9532.000000,1.000000
0.212861,223.963400,9533.000000,1.000000
0.212874,223.759800,9534.000000,1.000000
0.212880,224.648600,9535.000000,1.000000
0.212880,223.769200,9536.000000,1.000000
0.212899,223.997700,9537.000000,1.000000
0.212906,223.926900,9538.000000,1.000000
0.212919,223.951800,9539.000000,1.000000
0.212938,224.426200,9540.000000,1.000000
0.212983,221.181800,9541.000000,1.000000
0.212983,222.856700,9542.000000,1.000000
0.213041,222.184800,9543.000000,1.000000
0.213060,225.016100,9544.000000,1.000000
0.213099,217.854000,9545.000000,1.000000
0.213111,218.911900,9546.000000,1.000000
0.213137,213.809400,9547.000000,1.000000
0.213150,221.924200,9548.000000,1.000000
0.213156,217.795700,9549.000000,1.000000
0.213195,215.352000,9550.000000,1.000000
0.213201,212.652100,9551.000000,1.000000
0.213227,212.653800,9552.000000,1.000000
0.213246,212.770600,9553.000000,1.000000
0.213285,212.025800,9554.000000,1.000000
0.213298,210.098400,9555.000000,1.000000
0.213343,211.798100,9556.000000,1.000000
0.213349,208.949100,9557.000000,1.000000
0.213452,205.247800,9558.000000,1.000000
0.213549,202.507300,9559.000000,1.000000
0.213555,201.998700,9560.000000,1.000000
0.213587,207.084400,9561.000000,1.000000
0.213599,269.096400,9562.000000,0.000000
0.213613,198.942300,9563.000000,1.000000
0.213626,201.574600,9564.000000,1.000000
0.213651,200.961300,9565.000000,1.000000
0.213690,201.665900,9566.000000,1.000000
0.213729,197.774400,9567.000000,1.000000
0.213748,196.762600,9568.000000,1.000000
0.213825,192.884900,9569.000000,1.000000
0.213857,191.975300,9570.000000,1.000000
0.213863,195.979100,9571.000000,1.000000
0.213870,187.702200,9572.000000,1.000000
0.213870,192.861600,9573.000000,1.000000
0.213941,189.778100,9574.000000,1.000000
0.213947,190.758000,9575.000000,1.000000
0.214018,178.121400,9576.000000,1.000000
0.214037,185.051300,9577.000000,1.000000
0.214056,175.443400,9578.000000,1.000000
0.214082,174.279800,9579.000000,1.000000
0.214159,177.545900,9580.000000,1.000000
0.214191,176.268500,9581.000000,1.000000
0.214223,173.627800,9582.000000,1.000000
0.214236,176.921200,9583.000000,1.000000
0.214236,176.806100,9584.000000,1.000000
0.214248,244.420500,9585.000000,0.000000
0.214256,173.798800,9586.000000,1.000000
0.214345,176.853600,9587.000000,1.000000
0.214358,173.160400,9588.000000,1.000000
0.214397,174.039800,9589.000000,1.000000
0.214410,173.022400,9590.000000,1.000000
0.214468,173.212100,9591.000000,1.000000
0.214519,173.156400,9592.000000,1.000000
0.214532,173.271200,9593.000000,1.000000
0.214538,173.082800,9594.000000,1.000000
0.214545,173.402300,9595.000000,1.000000
0.214551,173.142300,9596.000000,1.000000
0.214551,172.808500,9597.000000,1.000000
0.214570,172.737600,9598.000000,1.000000
0.214596,173.173200,9599.000000,1.000000
0.214635,173.456300,9600.000000,1.000000
0.214725,173.591500,9601.000000,1.000000
0.214802,173.528300,9602.000000,1.000000
0.214827,173.440900,9603.000000,1.000000
0.214840,173.712900,9604.000000,1.000000
0.214847,173.442500,9605.000000,1.000000
0.214872,173.548600,9606.000000,1.000000
0.214885,173.405700,9607.000000,1.000000
0.214892,173.597700,9608.000000,1.000000
0.214937,183.215800,9609.000000,1.000000
0.214943,173.439100,9610.000000,1.000000
0.214969,173.490900,9611.000000,1.000000
0.214975,178.818700,9612.000000,1.000000
0.214988,185.000900,9613.000000,1.000000
0.214994,172.490400,9614.000000,1.000000
0.215027,185.706100,9615.000000,1.000000
0.215059,171.942800,9616.000000,1.000000
0.215084,178.798600,9617.000000,1.000000
0.215123,171.933900,9618.000000,1.000000
0.215142,172.113900,9619.000000,1.000000
0.215168,173.546500,9620.000000,1.000000
0.215168,173.059000,9621.000000,1.000000
0.215181,172.677400,9622.000000,1.000000
0.215226,173.346600,9623.000000,1.000000
0.215239,173.149400,9624.000000,1.000000
0.215252,173.479100,9625.000000,1.000000
0.215265,173.347300,9626.000000,1.000000
0.215271,172.869300,9627.000000,1.000000
0.215302,251.730200,9628.000000,0.000000
0.215322,172.928300,9629.000000,1.000000
0.215355,172.841900,9630.000000,1.000000
0.215451,170.397000,9631.000000,1.000000
0.215458,170.134400,9632.000000,1.000000
0.215483,172.294400,9633.000000,1.000000
0.215483,170.215000,9634.000000,1.000000
0.215490,169.805800,9635.000000,1.000000
0.215503,170.369300,9636.000000,1.000000
0.215509,170.291200,9637.000000,1.000000
0.215509,170.094700,9638.000000,1.000000
0.215515,170.282100,9639.000000,1.000000
0.215528,170.785800,9640.000000,1.000000
0.215533,373.632000,9641.000000,0.000000
0.215535,170.335300,9642.000000,1.000000
0.215548,170.339500,9643.000000,1.000000
0.215554,170.108000,9644.000000,1.000000
0.215560,170.454500,9645.000000,1.000000
0.215570,468.633200,9646.000000,0.000000
0.215573,170.088600,9647.000000,1.000000
0.215580,170.476100,9648.000000,1.000000
0.215599,170.177000,9649.000000,1.000000
0.215612,170.700200,9650.000000,1.000000
0.215612,170.714400,9651.000000,1.000000
0.215638,170.543400,9652.000000,1.000000
0.215638,170.664700,9653.000000,1.000000
0.215663,170.410800,9654.000000,1.000000
0.215740,173.121100,9655.000000,1.000000
0.215747,171.516600,9656.000000,1.000000
0.215747,174.054800,9657.000000,1.000000
0.215747,143.975600,9658.000000,0.000000
0.215747,143.401000,9659.000000,0.000000
0.215760,172.046000,9660.000000,1.000000
0.215766,174.158400,9661.000000,1.000000
0.215766,174.494000,9662.000000,1.000000
0.215767,124.724700,9663.000000,0.000000
0.215779,173.766900,9664.000000,1.000000
0.215779,173.971600,9665.000000,1.000000
0.215798,178.402200,9666.000000,1.000000
0.215824,174.213500,9667.000000,1.000000
0.215856,174.130000,9668.000000,1.000000
0.215869,174.141500,9669.000000,1.000000
0.215882,179.627400,9670.000000,1.000000
0.215901,180.180500,9671.000000,1.000000
0.215906,359.692300,9672.000000,0.000000
0.215933,177.228700,9673.000000,1.000000
0.215997,182.420400,9674.000000,1.000000
0.216004,177.358100,9675.000000,1.000000
0.216010,181.555000,9676.000000,1.000000
0.216062,182.543200,9677.000000,1.000000
0.216066,432.789600,9678.000000,0.000000
0.216068,182.607000,9679.000000,1.000000
0.216081,182.466200,9680.000000,1.000000
0.216087,182.537700,9681.000000,1.000000
0.216120,182.599900,9682.000000,1.000000
0.216139,182.991300,9683.000000,1.000000
0.216158,182.720900,9684.000000,1.000000
0.216164,182.849000,9685.000000,1.000000
0.216254,182.807400,9686.000000,1.000000
0.216267,182.582800,9687.000000,1.000000
0.216299,182.674200,9688.000000,1.000000
0.216306,182.628300,9689.000000,1.000000
0.216325,182.886600,9690.000000,1.000000
0.216351,182.539200,9691.000000,1.000000
0.216364,182.655300,9692.000000,1.000000
0.216415,182.680700,9693.000000,1.000000
0.216419,373.870100,9694.000000,0.000000
0.216428,182.769200,9695.000000,1.000000
0.216447,182.375400,9696.000000,1.000000
0.216492,182.810900,9697.000000,1.000000
0.216556,182.460400,9698.000000,1.000000
0.216562,181.456300,9699.000000,1.000000
0.216588,181.095600,9700.000000,1.000000
0.216601,181.762500,9701.000000,1.000000
0.216614,181.322600,9702.000000,1.000000
0.216639,182.254200,9703.000000,1.000000
0.216659,181.722000,9704.000000,1.000000
0.216742,183.768800,9705.000000,1.000000
0.216761,182.393200,9706.000000,1.000000
0.216768,182.632500,9707.000000,1.000000
0.216793,182.764100,9708.000000,1.000000
0.216838,182.456800,9709.000000,1.000000
0.216838,182.363600,9710.000000,1.000000
0.216845,183.291400,9711.000000,1.000000
0.216877,184.558200,9712.000000,1.000000
0.216883,181.930600,9713.000000,1.000000
0.216889,184.239800,9714.000000,1.000000
0.216902,183.284100,9715.000000,1.000000
0.216902,184.501600,9716.000000,1.000000
0.216947,184.633900,9717.000000,1.000000
0.216954,184.371900,9718.000000,1.000000
0.217028,396.439800,9719.000000,0.000000
0.217061,347.202000,9720.000000,0.000000
0.217069,184.589700,9721.000000,1.000000
0.217082,183.743200,9722.000000,1.000000
0.217082,185.138500,9723.000000,1.000000
0.217146,216.522700,9724.000000,1.000000
0.217159,183.398600,9725.000000,1.000000
0.217159,196.150400,9726.000000,1.000000
0.217165,190.318200,9727.000000,1.000000
0.217178,223.463700,9728.000000,1.000000
0.217178,193.660200,9729.000000,1.000000
0.217248,223.722400,9730.000000,1.000000
0.217274,224.720100,9731.000000,1.000000
0.217300,223.297000,9732.000000,1.000000
0.217319,223.537000,9733.000000,1.000000
0.217338,223.479200,9734.000000,1.000000
0.217364,222.969500,9735.000000,1.000000
0.217396,223.200900,9736.000000,1.000000
0.217480,228.342500,9737.000000,1.000000
0.217505,224.895000,9738.000000,1.000000
0.217512,228.627700,9739.000000,1.000000
0.217595,227.263100,9740.000000,1.000000
0.217608,226.982200,9741.000000,1.000000
0.217647,226.877500,9742.000000,1.000000
0.217705,227.198400,9743.000000,1.000000
0.217717,227.177300,9744.000000,1.000000
0.217743,227.895000,9745.000000,1.000000
0.217782,227.720800,9746.000000,1.000000
0.217782,209.824200,9747.000000,1.000000
0.217814,227.561300,9748.000000,1.000000
0.217853,227.272000,9749.000000,1.000000
0.217885,227.538100,9750.000000,1.000000
0.217891,227.000500,9751.000000,1.000000
0.217898,227.531600,9752.000000,1.000000
0.217923,227.227900,9753.000000,1.000000
0.217923,224.449600,9754.000000,1.000000
0.217943,227.492500,9755.000000,1.000000
0.217981,224.941100,9756.000000,1.000000
0.218001,222.949100,9757.000000,1.000000
0.218020,222.133900,9758.000000,1.000000
0.218059,221.790000,9759.000000,1.000000
0.218065,222.487600,9760.000000,1.000000
0.218091,221.949700,9761.000000,1.000000
0.218102,350.476000,9762.000000,0.000000
0.218187,229.879900,9763.000000,1.000000
0.218264,229.206800,9764.000000,1.000000
0.218277,219.915200,9765.000000,1.000000
0.218290,219.708900,9766.000000,1.000000
0.218309,219.652900,9767.000000,1.000000
0.218316,219.736300,9768.000000,1.000000
0.218348,219.662500,9769.000000,1.000000
0.218354,219.839700,9770.000000,1.000000
0.218380,219.628000,9771.000000,1.000000
0.218387,219.617400,9772.000000,1.000000
0.218387,220.270500,9773.000000,1.000000
0.218470,219.619800,9774.000000,1.000000
0.218483,217.611300,9775.000000,1.000000
0.218489,219.570300,9776.000000,1.000000
0.218496,216.924700,9777.000000,1.000000
0.218496,217.036400,9778.000000,1.000000
0.218528,216.867600,9779.000000,1.000000
0.218534,217.021800,9780.000000,1.000000
0.218554,217.182700,9781.000000,1.000000
0.218554,216.989000,9782.000000,1.000000
0.218573,216.875900,9783.000000,1.000000
0.218605,216.997500,9784.000000,1.000000
0.218618,216.566300,9785.000000,1.000000
0.218663,216.364700,9786.000000,1.000000
0.218663,215.938000,9787.000000,1.000000
0.218663,215.762700,9788.000000,1.000000
0.218689,217.278200,9789.000000,1.000000
0.218721,215.286000,9790.000000,1.000000
0.218734,215.535300,9791.000000,1.000000
0.218740,226.891600,9792.000000,1.000000
0.218785,214.934100,9793.000000,1.000000
0.218817,226.424000,9794.000000,1.000000
0.218900,216.519200,9795.000000,1.000000
0.218900,214.870700,9796.000000,1.000000
0.218945,221.924100,9797.000000,1.000000
0.218977,223.276400,9798.000000,1.000000
0.218990,223.232700,9799.000000,1.000000
0.219073,212.908600,9800.000000,1.000000
0.219080,212.719500,9801.000000,1.000000
0.219099,213.171500,9802.000000,1.000000
0.219131,213.731900,9803.000000,1.000000
0.219240,213.640500,9804.000000,1.000000
0.219246,210.312400,9805.000000,1.000000
0.219259,210.274500,9806.000000,1.000000
0.219278,210.233100,9807.000000,1.000000
0.219284,210.723800,9808.000000,1.000000
0.219342,210.067700,9809.000000,1.000000
0.219380,210.488100,9810.000000,1.000000
0.219393,210.631700,9811.000000,1.000000
0.219508,208.825200,9812.000000,1.000000
0.219598,207.249500,9813.000000,1.000000
0.219598,216.353000,9814.000000,1.000000
0.219630,206.520800,9815.000000,1.000000
0.219636,206.985700,9816.000000,1.000000
0.219732,206.489800,9817.000000,1.000000
0.219783,206.973700,9818.000000,1.000000
0.219815,204.488100,9819.000000,1.000000
0.219880,204.486000,9820.000000,1.000000
0.219912,202.370700,9821.000000,1.000000
0.219912,202.217800,9822.000000,1.000000
0.219988,202.122900,9823.000000,1.000000
0.220001,202.385800,9824.000000,1.000000
0.220008,202.202000,9825.000000,1.000000
0.220033,199.232100,9826.000000,1.000000
0.220046,199.172700,9827.000000,1.000000
0.220046,175.850500,9828.000000,0.000000
0.220053,201.865800,9829.000000,1.000000
0.220053,199.029700,9830.000000,1.000000
0.220059,206.801900,9831.000000,1.000000
0.220059,201.221100,9832.000000,1.000000
0.220059,199.194300,9833.000000,1.000000
0.220065,200.470300,9834.000000,1.000000
0.220072,201.685500,9835.000000,1.000000
0.220110,199.001700,9836.000000,1.000000
0.220117,200.311600,9837.000000,1.000000
0.220117,198.193500,9838.000000,1.000000
0.220155,220.852900,9839.000000,1.000000
0.220155,198.053100,9840.000000,1.000000
0.220162,198.847800,9841.000000,1.000000
0.220187,198.119100,9842.000000,1.000000
0.220194,197.373700,9843.000000,1.000000
0.220200,199.521500,9844.000000,1.000000
0.220213,197.635800,9845.000000,1.000000
0.220219,197.503300,9846.000000,1.000000
0.220232,197.339800,9847.000000,1.000000
0.220232,197.066700,9848.000000,1.000000
0.220245,197.475600,9849.000000,1.000000
0.220271,199.837400,9850.000000,1.000000
0.220316,196.562000,9851.000000,1.000000
0.220322,217.877400,9852.000000,1.000000
0.220322,196.312000,9853.000000,1.000000
0.220374,219.317700,9854.000000,1.000000
0.220399,217.988700,9855.000000,1.000000
0.220406,218.683600,9856.000000,1.000000
0.220406,218.058200,9857.000000,1.000000
0.220412,217.964100,9858.000000,1.000000
0.220419,196.881700,9859.000000,1.000000
0.220425,218.125900,9860.000000,1.000000
0.220470,218.144800,9861.000000,1.000000
0.220470,196.621800,9862.000000,1.000000
0.220476,218.099900,9863.000000,1.000000
0.220476,217.721200,9864.000000,1.000000
0.220483,218.200200,9865.000000,1.000000
0.220489,218.160000,9866.000000,1.000000
0.220496,218.026700,9867.000000,1.000000
0.220515,196.483200,9868.000000,1.000000
0.220515,196.737800,9869.000000,1.000000
0.220528,218.142600,9870.000000,1.000000
0.220528,197.308400,9871.000000,1.000000
0.220541,196.947300,9872.000000,1.000000
0.220560,196.903600,9873.000000,1.000000
0.220573,193.840100,9874.000000,1.000000
0.220599,193.704300,9875.000000,1.000000
0.220605,193.797900,9876.000000,1.000000
0.220605,196.886000,9877.000000,1.000000
0.220612,193.796200,9878.000000,1.000000
0.220644,194.040500,9879.000000,1.000000
0.220688,329.349300,9880.000000,0.000000
0.220689,195.441600,9881.000000,1.000000
0.220760,196.741200,9882.000000,1.000000
0.220837,194.968400,9883.000000,1.000000
0.220841,501.276500,9884.000000,0.000000
0.220889,193.312600,9885.000000,1.000000
0.220902,191.488600,9886.000000,1.000000
0.220947,191.511400,9887.000000,1.000000
0.220960,191.344200,9888.000000,1.000000
0.220979,191.415400,9889.000000,1.000000
0.220979,191.488300,9890.000000,1.000000
0.221005,191.619400,9891.000000,1.000000
0.221069,193.579900,9892.000000,1.000000
0.221094,284.458700,9893.000000,0.000000
0.221102,194.668500,9894.000000,1.000000
0.221137,469.460900,9895.000000,0.000000
0.221198,189.479900,9896.000000,1.000000
0.221211,189.822100,9897.000000,1.000000
0.221276,189.699900,9898.000000,1.000000
0.221276,189.619800,9899.000000,1.000000
0.221276,189.449300,9900.000000,1.000000
0.221282,189.409900,9901.000000,1.000000
0.221295,189.526600,9902.000000,1.000000
0.221301,189.782200,9903.000000,1.000000
0.221314,189.757700,9904.000000,1.000000
0.221372,189.239400,9905.000000,1.000000
0.221392,189.298000,9906.000000,1.000000
0.221469,189.420700,9907.000000,1.000000
0.221495,189.157600,9908.000000,1.000000
0.221507,189.575600,9909.000000,1.000000
0.221546,188.805800,9910.000000,1.000000
0.221636,184.240400,9911.000000,1.000000
0.221643,184.102400,9912.000000,1.000000
0.221700,186.239600,9913.000000,1.000000
0.221705,410.641500,9914.000000,0.000000
0.221713,184.190700,9915.000000,1.000000
0.221842,184.979700,9916.000000,1.000000
0.221880,184.111100,9917.000000,1.000000
0.221893,182.967600,9918.000000,1.000000
0.221900,182.898300,9919.000000,1.000000
0.221906,182.505500,9920.000000,1.000000
0.221906,182.736400,9921.000000,1.000000
0.221932,178.054300,9922.000000,1.000000
0.221945,180.916900,9923.000000,1.000000
0.221983,182.256400,9924.000000,1.000000
0.221990,182.360900,9925.000000,1.000000
0.221996,182.636200,9926.000000,1.000000
0.222003,182.530400,9927.000000,1.000000
0.222028,182.504000,9928.000000,1.000000
0.222048,180.606800,9929.000000,1.000000
0.222105,182.232700,9930.000000,1.000000
0.222112,178.467300,9931.000000,1.000000
0.222112,179.044800,9932.000000,1.000000
0.222112,182.235000,9933.000000,1.000000
0.222118,180.625000,9934.000000,1.000000
0.222195,185.695800,9935.000000,1.000000
0.222195,183.859300,9936.000000,1.000000
0.222195,177.829500,9937.000000,1.000000
0.222208,175.888100,9938.000000,1.000000
0.222234,175.783700,9939.000000,1.000000
0.222234,175.483900,9940.000000,1.000000
0.222298,175.743900,9941.000000,1.000000
0.222311,175.160200,9942.000000,1.000000
0.222330,178.609000,9943.000000,1.000000
0.222369,174.222600,9944.000000,1.000000
0.222375,174.337700,9945.000000,1.000000
0.222382,179.274100,9946.000000,1.000000
0.222452,174.611800,9947.000000,1.000000
0.222472,174.560500,9948.000000,1.000000
0.222497,174.450400,9949.000000,1.000000
0.222497,174.661200,9950.000000,1.000000
0.222510,176.394800,9951.000000,1.000000
0.222517,176.551300,9952.000000,1.000000
0.222517,176.112700,9953.000000,1.000000
0.222529,176.597400,9954.000000,1.000000
0.222549,176.603400,9955.000000,1.000000
0.222613,175.044600,9956.000000,1.000000
0.222613,171.792900,9957.000000,1.000000
0.222619,174.972900,9958.000000,1.000000
0.222639,174.792600,9959.000000,1.000000
0.222645,171.853800,9960.000000,1.000000
0.222652,174.986500,9961.000000,1.000000
0.222658,171.768100,9962.000000,1.000000
0.222658,170.978500,9963.000000,1.000000
0.222786,177.830700,9964.000000,1.000000
0.222819,177.683000,9965.000000,1.000000
0.222838,173.803200,9966.000000,1.000000
0.222857,177.627000,9967.000000,1.000000
0.222864,177.932400,9968.000000,1.000000
0.222876,177.455800,9969.000000,1.000000
0.222909,170.417800,9970.000000,1.000000
0.222915,177.738200,9971.000000,1.000000
0.222973,170.545000,9972.000000,1.000000
0.223024,170.401300,9973.000000,1.000000
0.223024,170.877000,9974.000000,1.000000
0.223102,170.282300,9975.000000,1.000000
0.223108,170.255600,9976.000000,1.000000
0.223159,170.311400,9977.000000,1.000000
0.223256,174.270200,9978.000000,1.000000
0.223269,170.226600,9979.000000,1.000000
0.223301,170.041600,9980.000000,1.000000
0.223307,170.157300,9981.000000,1.000000
0.223320,170.273500,9982.000000,1.000000
0.223333,170.019700,9983.000000,1.000000
0.223333,174.866300,9984.000000,1.000000
0.223378,174.495300,9985.000000,1.000000
0.223391,173.673900,9986.000000,1.000000
0.223404,170.299300,9987.000000,1.000000
0.223442,173.953800,9988.000000,1.000000
0.223455,173.412000,9989.000000,1.000000
0.223462,178.401900,9990.000000,1.000000
0.223545,187.328200,9991.000000,1.000000
0.223564,184.006200,9992.000000,1.000000
0.223603,175.456000,9993.000000,1.000000
0.223609,184.393100,9994.000000,1.000000
0.223629,169.848500,9995.000000,1.000000
0.223648,184.225400,9996.000000,1.000000
0.223667,182.237200,9997.000000,1.000000
0.223706,185.118700,9998.000000,1.000000
0.223719,169.725700,9999.000000,1.000000
0.223719,169.703900,10000.000000,1.000000
0.223719,173.898300,10001.000000,1.000000
0.223796,173.022400,10002.000000,1.000000
0.223809,173.944700,10003.000000,1.000000
0.223815,173.673100,10004.000000,1.000000
0.223815,169.665000,10005.000000,1.000000
0.223822,169.653300,10006.000000,1.000000
0.223873,169.587300,10007.000000,1.000000
0.223873,174.894000,10008.000000,1.000000
0.223905,174.975500,10009.000000,1.000000
0.223931,174.902200,10010.000000,1.000000
0.223937,174.883200,10011.000000,1.000000
0.223937,175.045000,10012.000000,1.000000
0.223976,175.002700,10013.000000,1.000000
0.224066,168.854200,10014.000000,1.000000
0.224085,169.080800,10015.000000,1.000000
0.224105,168.548400,10016.000000,1.000000
0.224124,169.054600,10017.000000,1.000000
0.224124,168.394300,10018.000000,1.000000
0.224150,168.770100,10019.000000,1.000000
0.224252,169.346400,10020.000000,1.000000
0.224394,168.587100,10021.000000,1.000000
0.224400,212.430900,10022.000000,0.000000
0.224445,168.870700,10023.000000,1.000000
0.224484,169.022000,10024.000000,1.000000
0.224490,168.881100,10025.000000,1.000000
0.224535,169.341100,10026.000000,1.000000
0.224541,168.492300,10027.000000,1.000000
0.224554,169.346500,10028.000000,1.000000
0.224612,169.358600,10029.000000,1.000000
0.224664,168.627800,10030.000000,1.000000
0.224683,169.155800,10031.000000,1.000000
0.224702,168.885600,10032.000000,1.000000
0.224715,168.528500,10033.000000,1.000000
0.224715,168.995800,10034.000000,1.000000
0.224721,168.943900,10035.000000,1.000000
0.224721,169.271600,10036.000000,1.000000
0.224760,197.173900,10037.000000,1.000000
0.224792,168.995800,10038.000000,1.000000
0.224805,168.887300,10039.000000,1.000000
0.224824,169.116700,10040.000000,1.000000
0.224831,169.516300,10041.000000,1.000000
0.224856,168.836300,10042.000000,1.000000
0.224888,206.312900,10043.000000,0.000000
0.224921,169.083300,10044.000000,1.000000
0.224921,169.052400,10045.000000,1.000000
0.224940,169.010900,10046.000000,1.000000
0.224946,169.024200,10047.000000,1.000000
0.224998,169.225500,10048.000000,1.000000
0.224998,169.237800,10049.000000,1.000000
0.225023,169.059800,10050.000000,1.000000
0.225094,169.058700,10051.000000,1.000000
0.225120,169.529700,10052.000000,1.000000
0.225126,169.276000,10053.000000,1.000000
0.225146,168.675100,10054.000000,1.000000
0.225191,169.245400,10055.000000,1.000000
0.225197,168.843200,10056.000000,1.000000
0.225223,169.736900,10057.000000,1.000000
0.225300,169.027500,10058.000000,1.000000
0.225319,168.192500,10059.000000,1.000000
0.225344,210.958400,10060.000000,0.000000
0.225345,168.337100,10061.000000,1.000000
0.225364,168.796800,10062.000000,1.000000
0.225390,168.786100,10063.000000,1.000000
0.225409,168.140000,10064.000000,1.000000
0.225416,168.740200,10065.000000,1.000000
0.225428,168.239700,10066.000000,1.000000
0.225480,168.002200,10067.000000,1.000000
0.225512,168.761500,10068.000000,1.000000
0.225518,168.538100,10069.000000,1.000000
0.225615,167.807200,10070.000000,1.000000
0.225621,167.889300,10071.000000,1.000000
0.225654,168.017700,10072.000000,1.000000
0.225679,167.915400,10073.000000,1.000000
0.225692,167.544400,10074.000000,1.000000
0.225737,167.606100,10075.000000,1.000000
0.225776,167.285700,10076.000000,1.000000
0.225814,167.941000,10077.000000,1.000000
0.225866,121.015700,10078.000000,0.000000
0.225930,167.655200,10079.000000,1.000000
0.225969,167.392800,10080.000000,1.000000
0.226027,167.972600,10081.000000,1.000000
0.226059,167.980300,10082.000000,1.000000
0.226059,168.056900,10083.000000,1.000000
0.226065,167.148700,10084.000000,1.000000
0.226065,167.303300,10085.000000,1.000000
0.226091,166.984100,10086.000000,1.000000
0.226116,167.181400,10087.000000,1.000000
0.226149,167.697600,10088.000000,1.000000
0.226168,167.153200,10089.000000,1.000000
0.226232,167.286500,10090.000000,1.000000
0.226258,167.409100,10091.000000,1.000000
0.226328,167.149600,10092.000000,1.000000
0.226386,166.668900,10093.000000,1.000000
0.226412,167.232700,10094.000000,1.000000
0.226431,166.682700,10095.000000,1.000000
0.226470,166.911600,10096.000000,1.000000
0.226489,166.819900,10097.000000,1.000000
0.226540,167.152200,10098.000000,1.000000
0.226547,166.356000,10099.000000,1.000000
0.226579,166.085800,10100.000000,1.000000
0.226617,176.440300,10101.000000,1.000000
0.226643,177.430900,10102.000000,1.000000
0.226643,177.044400,10103.000000,1.000000
0.226662,177.680600,10104.000000,1.000000
0.226681,177.385800,10105.000000,1.000000
0.226688,178.090300,10106.000000,1.000000
0.226713,177.975800,10107.000000,1.000000
0.226745,177.109600,10108.000000,1.000000
0.226752,177.996700,10109.000000,1.000000
0.226758,177.644700,10110.000000,1.000000
0.226765,175.621700,10111.000000,1.000000
0.226803,176.114600,10112.000000,1.000000
0.226906,167.554000,10113.000000,1.000000
0.226912,167.414500,10114.000000,1.000000
0.226938,167.465700,10115.000000,1.000000
0.227034,173.697600,10116.000000,1.000000
0.227082,-140.408100,10117.000000,0.000000
0.227290,167.857100,10118.000000,1.000000
0.227316,167.798000,10119.000000,1.000000
0.227316,167.784400,10120.000000,1.000000
0.227341,167.512100,10121.000000,1.000000
0.227373,167.586900,10122.000000,1.000000
0.227380,167.884200,10123.000000,1.000000
0.227386,167.623500,10124.000000,1.000000
0.227438,167.608500,10125.000000,1.000000
0.227444,167.745000,10126.000000,1.000000
0.227457,167.774100,10127.000000,1.000000
0.227489,167.805800,10128.000000,1.000000
0.227489,167.677300,10129.000000,1.000000
0.227495,167.670400,10130.000000,1.000000
0.227521,167.642200,10131.000000,1.000000
0.227553,167.664600,10132.000000,1.000000
0.227572,167.643200,10133.000000,1.000000
0.227598,167.628400,10134.000000,1.000000
0.227611,167.700000,10135.000000,1.000000
0.227636,167.721300,10136.000000,1.000000
0.227636,167.628100,10137.000000,1.000000
0.227656,167.546400,10138.000000,1.000000
0.227655,168.880800,10139.000000,1.000000
0.227668,167.383000,10140.000000,1.000000
0.227732,167.569600,10141.000000,1.000000
0.227732,167.529700,10142.000000,1.000000
0.227739,167.556000,10143.000000,1.000000
0.227752,167.304800,10144.000000,1.000000
0.227822,167.380100,10145.000000,1.000000
0.227835,168.149300,10146.000000,1.000000
0.227867,167.331000,10147.000000,1.000000
0.227874,167.395100,10148.000000,1.000000
0.227925,167.329500,10149.000000,1.000000
0.227931,167.152000,10150.000000,1.000000
0.227931,167.621000,10151.000000,1.000000
0.227938,167.354600,10152.000000,1.000000
0.227963,167.513700,10153.000000,1.000000
0.227996,169.216900,10154.000000,1.000000
0.228034,167.621700,10155.000000,1.000000
0.228041,168.844900,10156.000000,1.000000
0.228066,167.901700,10157.000000,1.000000
0.228066,169.301700,10158.000000,1.000000
0.228066,167.547000,10159.000000,1.000000
0.228073,168.781000,10160.000000,1.000000
0.228086,169.445900,10161.000000,1.000000
0.228137,169.754100,10162.000000,1.000000
0.228143,169.612000,10163.000000,1.000000
0.228169,167.775300,10164.000000,1.000000
0.228188,167.374600,10165.000000,1.000000
0.228214,167.714300,10166.000000,1.000000
0.228250,420.805100,10167.000000,0.000000
0.228278,202.538600,10168.000000,0.000000
0.228285,167.481200,10169.000000,1.000000
0.228304,167.294900,10170.000000,1.000000
0.228388,167.247400,10171.000000,1.000000
0.228388,167.708800,10172.000000,1.000000
0.228394,167.903500,10173.000000,1.000000
0.228400,167.381200,10174.000000,1.000000
0.228407,167.334500,10175.000000,1.000000
0.228413,167.519300,10176.000000,1.000000
0.228420,167.777700,10177.000000,1.000000
0.228445,167.235300,10178.000000,1.000000
0.228490,167.182200,10179.000000,1.000000
0.228574,167.035600,10180.000000,1.000000
0.228580,165.088800,10181.000000,1.000000
0.228613,167.295200,10182.000000,1.000000
0.228651,166.924500,10183.000000,1.000000
0.228696,166.985200,10184.000000,1.000000
0.228754,167.510500,10185.000000,1.000000
0.228760,166.827400,10186.000000,1.000000
0.228773,168.406800,10187.000000,1.000000
0.228786,166.885300,10188.000000,1.000000
0.228831,165.184300,10189.000000,1.000000
0.228850,165.905500,10190.000000,1.000000
0.228857,166.137000,10191.000000,1.000000
0.228921,165.819300,10192.000000,1.000000
0.228947,165.950200,10193.000000,1.000000
0.228953,165.869800,10194.000000,1.000000
0.228979,165.754800,10195.000000,1.000000
0.229005,165.552400,10196.000000,1.000000
0.229011,165.875900,10197.000000,1.000000
0.229120,165.635500,10198.000000,1.000000
0.229140,165.564700,10199.000000,1.000000
0.229191,165.344100,10200.000000,1.000000
0.229204,165.772000,10201.000000,1.000000
0.229255,165.045600,10202.000000,1.000000
0.229268,165.730600,10203.000000,1.000000
0.229281,165.612700,10204.000000,1.000000
0.229306,165.529100,10205.000000,1.000000
0.229306,165.589500,10206.000000,1.000000
0.229428,165.971000,10207.000000,1.000000
0.229492,165.770600,10208.000000,1.000000
0.229499,165.869200,10209.000000,1.000000
0.229505,165.570300,10210.000000,1.000000
0.229537,165.886700,10211.000000,1.000000
0.229592,455.577700,10212.000000,0.000000
0.229608,166.211700,10213.000000,1.000000
0.229659,166.133000,10214.000000,1.000000
0.229672,166.227400,10215.000000,1.000000
0.229672,166.330400,10216.000000,1.000000
0.229698,166.834100,10217.000000,1.000000
0.229704,166.693100,10218.000000,1.000000
0.229717,166.282000,10219.000000,1.000000
0.229717,165.940000,10220.000000,1.000000
0.229723,165.837500,10221.000000,1.000000
0.229742,173.214300,10222.000000,1.000000
0.229781,166.868200,10223.000000,1.000000
0.229781,166.089400,10224.000000,1.000000
0.229787,165.261300,10225.000000,1.000000
0.229800,166.073600,10226.000000,1.000000
0.229813,166.203700,10227.000000,1.000000
0.229839,165.941300,10228.000000,1.000000
0.229864,165.762300,10229.000000,1.000000
0.229877,166.318100,10230.000000,1.000000
0.230044,165.444500,10231.000000,1.000000
0.230063,165.892200,10232.000000,1.000000
0.230076,165.873200,10233.000000,1.000000
0.230115,169.044300,10234.000000,1.000000
0.230134,165.807400,10235.000000,1.000000
0.230204,264.550500,10236.000000,0.000000
0.230262,165.590400,10237.000000,1.000000
0.230294,166.049000,10238.000000,1.000000
0.230352,165.554700,10239.000000,1.000000
0.230352,165.911300,10240.000000,1.000000
0.230352,165.685300,10241.000000,1.000000
0.230359,166.196100,10242.000000,1.000000
0.230365,165.481400,10243.000000,1.000000
0.230391,165.615300,10244.000000,1.000000
0.230404,165.593200,10245.000000,1.000000
0.230416,165.289300,10246.000000,1.000000
0.230423,165.331600,10247.000000,1.000000
0.230461,165.600000,10248.000000,1.000000
0.230513,171.369100,10249.000000,1.000000
0.230532,172.386100,10250.000000,1.000000
0.230577,178.430800,10251.000000,1.000000
0.230751,185.164300,10252.000000,1.000000
0.230764,188.176600,10253.000000,1.000000
0.230867,190.214200,10254.000000,1.000000
0.230880,194.483000,10255.000000,1.000000
0.230925,195.369500,10256.000000,1.000000
0.230989,196.423100,10257.000000,1.000000
0.231021,203.242600,10258.000000,1.000000
0.231021,198.500700,10259.000000,1.000000
0.231060,199.287700,10260.000000,1.000000
0.231156,203.365000,10261.000000,1.000000
0.231156,211.585400,10262.000000,1.000000
0.231180,424.241000,10263.000000,0.000000
0.231214,201.490500,10264.000000,1.000000
0.231246,203.253900,10265.000000,1.000000
0.231283,435.369000,10266.000000,0.000000
0.231343,216.494600,10267.000000,1.000000
0.231433,212.620800,10268.000000,1.000000
0.231433,211.827400,10269.000000,1.000000
0.231478,205.233500,10270.000000,1.000000
0.231484,205.133600,10271.000000,1.000000
0.231542,200.803300,10272.000000,1.000000
0.231645,205.231000,10273.000000,1.000000
0.231645,178.819300,10274.000000,0.000000
0.231703,204.874200,10275.000000,1.000000
0.231735,204.978200,10276.000000,1.000000
0.231850,205.654100,10277.000000,1.000000
0.231869,205.296500,10278.000000,1.000000
0.231888,204.994000,10279.000000,1.000000
0.231895,205.082700,10280.000000,1.000000
0.231997,207.148200,10281.000000,1.000000
0.231997,208.325100,10282.000000,1.000000
0.232001,475.770800,10283.000000,0.000000
0.232049,207.881100,10284.000000,1.000000
0.232074,207.708700,10285.000000,1.000000
0.232125,209.533600,10286.000000,1.000000
0.232189,209.717300,10287.000000,1.000000
0.232209,209.920300,10288.000000,1.000000
0.232253,209.991000,10289.000000,1.000000
0.232266,209.516800,10290.000000,1.000000
0.232279,209.715100,10291.000000,1.000000
0.232311,209.871900,10292.000000,1.000000
0.232375,209.715500,10293.000000,1.000000
0.232381,210.805600,10294.000000,1.000000
0.232548,210.473400,10295.000000,1.000000
0.232567,210.531000,10296.000000,1.000000
0.232606,209.640600,10297.000000,1.000000
0.232644,210.528000,10298.000000,1.000000
0.232670,209.869100,10299.000000,1.000000
0.232702,210.014700,10300.000000,1.000000
0.232721,209.588300,10301.000000,1.000000
0.232734,210.216200,10302.000000,1.000000
0.232741,209.911200,10303.000000,1.000000
0.232824,209.713200,10304.000000,1.000000
0.232837,209.578400,10305.000000,1.000000
0.232959,211.341300,10306.000000,1.000000
0.233113,208.477800,10307.000000,1.000000
0.233132,216.863700,10308.000000,1.000000
0.233171,207.669100,10309.000000,1.000000
0.233178,221.413200,10310.000000,1.000000
0.233191,205.845500,10311.000000,1.000000
0.233197,215.473600,10312.000000,1.000000
0.233255,208.294100,10313.000000,1.000000
0.233300,201.998000,10314.000000,1.000000
0.233300,207.326100,10315.000000,1.000000
0.233320,198.378100,10316.000000,1.000000
0.233345,197.972700,10317.000000,1.000000
0.233358,203.387800,10318.000000,1.000000
0.233397,204.315800,10319.000000,1.000000
0.233397,201.182400,10320.000000,1.000000
0.233614,409.377300,10321.000000,0.000000
0.233623,201.081500,10322.000000,1.000000
0.233642,198.428200,10323.000000,1.000000
0.233668,198.619500,10324.000000,1.000000
0.233687,197.445200,10325.000000,1.000000
0.233713,198.162400,10326.000000,1.000000
0.233745,195.932300,10327.000000,1.000000
0.233752,197.827000,10328.000000,1.000000
0.233829,192.591600,10329.000000,1.000000
0.233829,195.872000,10330.000000,1.000000
0.233842,195.400500,10331.000000,1.000000
0.233888,186.348900,10332.000000,1.000000
0.233894,189.233000,10333.000000,1.000000
0.233920,188.732600,10334.000000,1.000000
0.233933,189.140300,10335.000000,1.000000
0.233933,188.994000,10336.000000,1.000000
0.233952,192.251200,10337.000000,1.000000
0.233984,189.232900,10338.000000,1.000000
0.234010,188.831100,10339.000000,1.000000
0.234029,189.097500,10340.000000,1.000000
0.234087,191.653400,10341.000000,1.000000
0.234088,190.730000,10342.000000,1.000000
0.234178,206.506200,10343.000000,1.000000
0.234184,191.142900,10344.000000,1.000000
0.234191,205.541000,10345.000000,1.000000
0.234210,202.299700,10346.000000,1.000000
0.234281,209.343500,10347.000000,1.000000
0.234313,225.637000,10348.000000,1.000000
0.234371,210.422500,10349.000000,1.000000
0.234377,202.790200,10350.000000,1.000000
0.234384,202.578100,10351.000000,1.000000
0.234461,206.171300,10352.000000,1.000000
0.234506,202.399200,10353.000000,1.000000
0.234511,358.319100,10354.000000,0.000000
0.234545,211.765700,10355.000000,1.000000
0.234545,213.741700,10356.000000,1.000000
0.234570,245.265500,10357.000000,0.000000
0.234686,212.271700,10358.000000,1.000000
0.234686,215.743500,10359.000000,1.000000
0.234744,213.243800,10360.000000,1.000000
0.234750,213.289800,10361.000000,1.000000
0.234776,213.318800,10362.000000,1.000000
0.234776,213.314700,10363.000000,1.000000
0.234783,213.011600,10364.000000,1.000000
0.234859,266.994000,10365.000000,0.000000
0.234904,226.800200,10366.000000,1.000000
0.234930,216.560900,10367.000000,1.000000
0.234988,228.182300,10368.000000,1.000000
0.235001,226.373000,10369.000000,1.000000
0.235052,222.749300,10370.000000,1.000000
0.235052,225.328400,10371.000000,1.000000
0.235084,223.089400,10372.000000,1.000000
0.235097,221.401000,10373.000000,1.000000
0.235116,224.197100,10374.000000,1.000000
0.235276,224.355300,10375.000000,1.000000
0.235315,224.377200,10376.000000,1.000000
0.235321,224.438100,10377.000000,1.000000
0.235328,224.293900,10378.000000,1.000000
0.235340,224.377300,10379.000000,1.000000
0.235340,224.058000,10380.000000,1.000000
0.235347,233.022400,10381.000000,1.000000
0.235360,224.128700,10382.000000,1.000000
0.235360,224.234700,10383.000000,1.000000
0.235424,224.621000,10384.000000,1.000000
0.235449,227.331200,10385.000000,1.000000
0.235475,227.146000,10386.000000,1.000000
0.235494,225.934800,10387.000000,1.000000
0.235500,227.154500,10388.000000,1.000000
0.235545,227.201900,10389.000000,1.000000
0.235545,227.178200,10390.000000,1.000000
0.235558,227.567600,10391.000000,1.000000
0.235571,228.035800,10392.000000,1.000000
0.235654,228.085300,10393.000000,1.000000
0.235660,228.147800,10394.000000,1.000000
0.235667,227.403300,10395.000000,1.000000
0.235673,228.577700,10396.000000,1.000000
0.235731,227.728500,10397.000000,1.000000
0.235756,229.163600,10398.000000,1.000000
0.235788,228.469300,10399.000000,1.000000
0.235846,228.238900,10400.000000,1.000000
0.235904,118.196800,10401.000000,0.000000
0.235948,228.194200,10402.000000,1.000000
0.235967,228.496500,10403.000000,1.000000
0.235986,228.811000,10404.000000,1.000000
0.236018,256.497300,10405.000000,0.000000
0.236050,228.316500,10406.000000,1.000000
0.236082,228.240100,10407.000000,1.000000
0.236095,228.478900,10408.000000,1.000000
0.236101,228.689600,10409.000000,1.000000
0.236127,228.354600,10410.000000,1.000000
0.236140,228.647200,10411.000000,1.000000
0.236165,228.817300,10412.000000,1.000000
0.236172,228.637400,10413.000000,1.000000
0.236184,228.617300,10414.000000,1.000000
0.236216,228.573900,10415.000000,1.000000
0.236242,228.669700,10416.000000,1.000000
0.236261,228.719900,10417.000000,1.000000
0.236274,228.651100,10418.000000,1.000000
0.236274,228.687300,10419.000000,1.000000
0.236280,228.703300,10420.000000,1.000000
0.236447,229.058200,10421.000000,1.000000
0.236447,238.437300,10422.000000,1.000000
0.236472,228.573100,10423.000000,1.000000
0.236472,228.742700,10424.000000,1.000000
0.236492,228.903900,10425.000000,1.000000
0.236503,350.537800,10426.000000,0.000000
0.236549,228.645100,10427.000000,1.000000
0.236588,228.787500,10428.000000,1.000000
0.236601,228.909900,10429.000000,1.000000
0.236607,228.805400,10430.000000,1.000000
0.236607,229.800800,10431.000000,1.000000
0.236646,228.765600,10432.000000,1.000000
0.236652,228.835500,10433.000000,1.000000
0.236665,228.572100,10434.000000,1.000000
0.236665,228.437700,10435.000000,1.000000
0.236697,228.858100,10436.000000,1.000000
0.236710,228.540000,10437.000000,1.000000
0.236735,228.874900,10438.000000,1.000000
0.236742,228.735200,10439.000000,1.000000
0.236812,228.542300,10440.000000,1.000000
0.236838,228.810900,10441.000000,1.000000
0.236864,228.758800,10442.000000,1.000000
0.236870,229.067200,10443.000000,1.000000
0.236877,228.999900,10444.000000,1.000000
0.236896,228.822000,10445.000000,1.000000
0.236922,229.668600,10446.000000,1.000000
0.236947,228.885300,10447.000000,1.000000
0.236993,228.959800,10448.000000,1.000000
0.236999,229.609200,10449.000000,1.000000
0.237070,229.163600,10450.000000,1.000000
0.237102,229.089000,10451.000000,1.000000
0.237115,229.310200,10452.000000,1.000000
0.237134,227.617700,10453.000000,1.000000
0.237141,226.727400,10454.000000,1.000000
0.237225,227.238100,10455.000000,1.000000
0.237250,227.056300,10456.000000,1.000000
0.237328,227.423600,10457.000000,1.000000
0.237341,227.292100,10458.000000,1.000000
0.237508,227.119000,10459.000000,1.000000
0.237515,221.820800,10460.000000,1.000000
0.237644,224.183200,10461.000000,1.000000
0.237650,221.000400,10462.000000,1.000000
0.237657,220.125900,10463.000000,1.000000
0.237683,220.073900,10464.000000,1.000000
0.237734,228.297000,10465.000000,1.000000
0.237741,233.522200,10466.000000,1.000000
0.237747,228.689900,10467.000000,1.000000
0.237747,222.956300,10468.000000,1.000000
0.237786,231.745400,10469.000000,1.000000
0.237786,235.701700,10470.000000,1.000000
0.237799,226.554300,10471.000000,1.000000
0.237863,225.440400,10472.000000,1.000000
0.237915,225.454400,10473.000000,1.000000
0.237940,226.580700,10474.000000,1.000000
0.238011,226.619000,10475.000000,1.000000
0.238031,226.803100,10476.000000,1.000000
0.238076,227.008300,10477.000000,1.000000
0.238089,228.284200,10478.000000,1.000000
0.238127,227.436100,10479.000000,1.000000
0.238140,203.483200,10480.000000,0.000000
0.238192,227.617900,10481.000000,1.000000
0.238211,227.737400,10482.000000,1.000000
0.238243,227.725700,10483.000000,1.000000
0.238282,227.941300,10484.000000,1.000000
0.238307,227.952000,10485.000000,1.000000
0.238339,228.419600,10486.000000,1.000000
0.238352,228.178000,10487.000000,1.000000
0.238359,228.398400,10488.000000,1.000000
0.238404,228.288600,10489.000000,1.000000
0.238423,228.482300,10490.000000,1.000000
0.238429,244.050700,10491.000000,1.000000
0.238429,226.026800,10492.000000,1.000000
0.238474,228.721300,10493.000000,1.000000
0.238577,232.127700,10494.000000,1.000000
0.238609,232.634800,10495.000000,1.000000
0.238635,231.602000,10496.000000,1.000000
0.238647,232.476500,10497.000000,1.000000
0.238678,393.739600,10498.000000,0.000000
0.238718,232.795000,10499.000000,1.000000
0.238782,232.703700,10500.000000,1.000000
0.238788,232.627100,10501.000000,1.000000
0.238801,232.463200,10502.000000,1.000000
0.238865,232.502900,10503.000000,1.000000
0.238904,236.956000,10504.000000,1.000000
0.238993,296.339800,10505.000000,0.000000
0.238994,232.423400,10506.000000,1.000000
0.239045,231.960500,10507.000000,1.000000
0.239058,232.171800,10508.000000,1.000000
0.239071,232.299500,10509.000000,1.000000
0.239077,232.134500,10510.000000,1.000000
0.239090,232.218600,10511.000000,1.000000
0.239090,232.128300,10512.000000,1.000000
0.239109,231.948200,10513.000000,1.000000
0.239327,233.095100,10514.000000,1.000000
0.239359,233.015200,10515.000000,1.000000
0.239417,232.604400,10516.000000,1.000000
0.239423,233.233600,10517.000000,1.000000
0.239443,233.202400,10518.000000,1.000000
0.239462,233.266300,10519.000000,1.000000
0.239475,232.936000,10520.000000,1.000000
0.239494,233.239000,10521.000000,1.000000
0.239539,233.761200,10522.000000,1.000000
0.239552,233.314300,10523.000000,1.000000
0.239577,233.189900,10524.000000,1.000000
0.239584,234.194200,10525.000000,1.000000
0.239584,233.862800,10526.000000,1.000000
0.239687,233.435500,10527.000000,1.000000
0.239738,233.587900,10528.000000,1.000000
0.239751,233.260700,10529.000000,1.000000
0.239757,233.508900,10530.000000,1.000000
0.239764,232.626000,10531.000000,1.000000
0.239802,233.658900,10532.000000,1.000000
0.239860,232.925400,10533.000000,1.000000
0.239867,232.836300,10534.000000,1.000000
0.239944,232.336600,10535.000000,1.000000
0.239944,232.325300,10536.000000,1.000000
0.239963,232.532600,10537.000000,1.000000
0.240002,232.714600,10538.000000,1.000000
0.240021,232.564800,10539.000000,1.000000
0.240027,233.097900,10540.000000,1.000000
0.240207,231.961800,10541.000000,1.000000
0.240259,230.233900,10542.000000,1.000000
0.240263,480.513900,10543.000000,0.000000
0.240349,229.568300,10544.000000,1.000000
0.240349,229.689500,10545.000000,1.000000
0.240368,229.880900,10546.000000,1.000000
0.240368,229.389400,10547.000000,1.000000
0.240375,229.549300,10548.000000,1.000000
0.240381,229.739400,10549.000000,1.000000
0.240432,230.015200,10550.000000,1.000000
0.240439,229.944600,10551.000000,1.000000
0.240478,229.477500,10552.000000,1.000000
0.240484,229.674700,10553.000000,1.000000
0.240497,229.867800,10554.000000,1.000000
0.240503,229.866200,10555.000000,1.000000
0.240574,230.495300,10556.000000,1.000000
0.240580,230.735900,10557.000000,1.000000
0.240645,230.709000,10558.000000,1.000000
0.240670,230.869800,10559.000000,1.000000
0.240709,230.778900,10560.000000,1.000000
0.240767,230.802900,10561.000000,1.000000
0.240786,230.962400,10562.000000,1.000000
0.240793,230.969200,10563.000000,1.000000
0.240812,232.273300,10564.000000,1.000000
0.240889,232.500400,10565.000000,1.000000
0.240889,232.379000,10566.000000,1.000000
0.240915,229.053700,10567.000000,1.000000
0.240928,231.238300,10568.000000,1.000000
0.240991,318.078600,10569.000000,0.000000
0.241005,228.766500,10570.000000,1.000000
0.241018,228.578600,10571.000000,1.000000
0.241024,228.567800,10572.000000,1.000000
0.241043,228.739300,10573.000000,1.000000
0.241050,228.653200,10574.000000,1.000000
0.241063,228.725100,10575.000000,1.000000
0.241063,228.699800,10576.000000,1.000000
0.241114,230.496800,10577.000000,1.000000
0.241133,229.000400,10578.000000,1.000000
0.241166,229.193000,10579.000000,1.000000
0.241197,338.729200,10580.000000,0.000000
0.241204,226.812100,10581.000000,1.000000
0.241268,226.997000,10582.000000,1.000000
0.241288,226.761500,10583.000000,1.000000
0.241288,226.861800,10584.000000,1.000000
0.241300,226.454300,10585.000000,1.000000
0.241307,226.696800,10586.000000,1.000000
0.241313,226.627000,10587.000000,1.000000
0.241326,231.146800,10588.000000,1.000000
0.241371,228.890000,10589.000000,1.000000
0.241422,228.482700,10590.000000,1.000000
0.241467,228.819900,10591.000000,1.000000
0.241544,228.464700,10592.000000,1.000000
0.241557,228.008600,10593.000000,1.000000
0.241557,231.594800,10594.000000,1.000000
0.241583,228.258500,10595.000000,1.000000
0.241583,228.184800,10596.000000,1.000000
0.241622,231.713400,10597.000000,1.000000
0.241673,227.722600,10598.000000,1.000000
0.241673,227.925800,10599.000000,1.000000
0.241711,227.656000,10600.000000,1.000000
0.241712,195.629400,10601.000000,0.000000
0.241724,229.567300,10602.000000,1.000000
0.241756,237.500200,10603.000000,1.000000
0.241763,227.890000,10604.000000,1.000000
0.241801,237.833400,10605.000000,1.000000
0.241801,230.905100,10606.000000,1.000000
0.241814,232.041400,10607.000000,1.000000
0.241820,237.965300,10608.000000,1.000000
0.241833,237.055000,10609.000000,1.000000
0.241846,227.688900,10610.000000,1.000000
0.241859,232.287600,10611.000000,1.000000
0.241891,232.159700,10612.000000,1.000000
0.241930,230.684300,10613.000000,1.000000
0.241981,230.296000,10614.000000,1.000000
0.241987,230.330200,10615.000000,1.000000
0.242007,230.468700,10616.000000,1.000000
0.242039,230.146200,10617.000000,1.000000
0.242096,226.312100,10618.000000,1.000000
0.242122,226.476100,10619.000000,1.000000
0.242122,224.185400,10620.000000,1.000000
0.242135,226.392000,10621.000000,1.000000
0.242152,424.244100,10622.000000,0.000000
0.242154,230.307800,10623.000000,1.000000
0.242154,220.430700,10624.000000,1.000000
0.242161,224.026800,10625.000000,1.000000
0.242167,234.349900,10626.000000,1.000000
0.242189,566.329800,10627.000000,0.000000
0.242199,219.479300,10628.000000,1.000000
0.242225,220.439700,10629.000000,1.000000
0.242244,220.987800,10630.000000,1.000000
0.242250,225.530800,10631.000000,1.000000
0.242250,220.068300,10632.000000,1.000000
0.242276,221.254300,10633.000000,1.000000
0.242308,223.156500,10634.000000,1.000000
0.242385,223.885700,10635.000000,1.000000
0.242411,230.539400,10636.000000,1.000000
0.242411,219.499000,10637.000000,1.000000
0.242423,219.327000,10638.000000,1.000000
0.242436,216.078300,10639.000000,1.000000
0.242449,219.410900,10640.000000,1.000000
0.242456,219.413300,10641.000000,1.000000
0.242475,217.593000,10642.000000,1.000000
0.242475,217.647800,10643.000000,1.000000
0.242513,216.686500,10644.000000,1.000000
0.242571,223.081200,10645.000000,1.000000
0.242590,216.053300,10646.000000,1.000000
0.242616,224.357100,10647.000000,1.000000
0.242620,476.952100,10648.000000,0.000000
0.242693,217.348000,10649.000000,1.000000
0.242763,213.825900,10650.000000,1.000000
0.242834,213.578300,10651.000000,1.000000
0.242853,210.405100,10652.000000,1.000000
0.242918,200.182400,10653.000000,1.000000
0.242950,213.336800,10654.000000,1.000000
0.242956,200.254400,10655.000000,1.000000
0.242969,200.281500,10656.000000,1.000000
0.242982,200.381000,10657.000000,1.000000
0.242988,202.513500,10658.000000,1.000000
0.243040,217.978300,10659.000000,1.000000
0.243065,217.587600,10660.000000,1.000000
0.243091,219.209600,10661.000000,1.000000
0.243104,209.855300,10662.000000,1.000000
0.243162,223.184400,10663.000000,1.000000
0.243181,212.925800,10664.000000,1.000000
0.243194,211.358700,10665.000000,1.000000
0.243226,221.776700,10666.000000,1.000000
0.243239,226.704800,10667.000000,1.000000
0.243271,216.538700,10668.000000,1.000000
0.243277,229.314000,10669.000000,1.000000
0.243329,219.129200,10670.000000,1.000000
0.243354,232.165800,10671.000000,1.000000
0.243380,221.262600,10672.000000,1.000000
0.243425,221.285600,10673.000000,1.000000
0.243438,226.301800,10674.000000,1.000000
0.243464,221.470700,10675.000000,1.000000
0.243477,221.698800,10676.000000,1.000000
0.243483,228.275200,10677.000000,1.000000
0.243541,230.888700,10678.000000,1.000000
0.243548,227.086000,10679.000000,1.000000
0.243638,228.253100,10680.000000,1.000000
0.243638,221.485400,10681.000000,1.000000
0.243683,221.195800,10682.000000,1.000000
0.243812,220.156200,10683.000000,1.000000
0.243857,220.477700,10684.000000,1.000000
0.243973,225.886800,10685.000000,1.000000
0.243980,211.519100,10686.000000,1.000000
0.244057,212.809900,10687.000000,1.000000
0.244102,211.549800,10688.000000,1.000000
0.244121,210.856300,10689.000000,1.000000
0.244128,210.532800,10690.000000,1.000000
0.244173,221.963100,10691.000000,1.000000
0.244179,217.864500,10692.000000,1.000000
0.244179,220.428800,10693.000000,1.000000
0.244186,220.495200,10694.000000,1.000000
0.244221,-41.841630,10695.000000,0.000000
0.244250,216.010500,10696.000000,1.000000
0.244283,217.226900,10697.000000,1.000000
0.244308,217.742600,10698.000000,1.000000
0.244347,221.524800,10699.000000,1.000000
0.244347,217.730400,10700.000000,1.000000
0.244353,209.593600,10701.000000,1.000000
0.244379,218.297100,10702.000000,1.000000
0.244405,219.808600,10703.000000,1.000000
0.244437,205.962700,10704.000000,1.000000
0.244463,205.814400,10705.000000,1.000000
0.244476,203.402100,10706.000000,1.000000
0.244540,212.933800,10707.000000,1.000000
0.244560,200.263600,10708.000000,1.000000
0.244566,200.541300,10709.000000,1.000000
0.244573,200.337800,10710.000000,1.000000
0.244656,211.971800,10711.000000,1.000000
0.244675,206.831800,10712.000000,1.000000
0.244849,197.207600,10713.000000,1.000000
0.244849,195.827100,10714.000000,1.000000
0.244913,195.013000,10715.000000,1.000000
0.244958,198.089300,10716.000000,1.000000
0.244958,201.144800,10717.000000,1.000000
0.244978,195.143300,10718.000000,1.000000
0.244997,205.154100,10719.000000,1.000000
0.244997,188.625900,10720.000000,1.000000
0.245042,199.517900,10721.000000,1.000000
0.245048,188.892800,10722.000000,1.000000
0.245170,205.276200,10723.000000,1.000000
0.245196,187.737600,10724.000000,1.000000
0.245241,187.754500,10725.000000,1.000000
0.245376,187.400000,10726.000000,1.000000
0.245402,187.482600,10727.000000,1.000000
0.245453,198.806900,10728.000000,1.000000
0.245485,187.344800,10729.000000,1.000000
0.245549,195.174200,10730.000000,1.000000
0.245562,195.402100,10731.000000,1.000000
0.245619,250.094700,10732.000000,0.000000
0.245658,186.173000,10733.000000,1.000000
0.245697,185.442900,10734.000000,1.000000
0.245710,196.476500,10735.000000,1.000000
0.245723,185.464800,10736.000000,1.000000
0.245806,191.864300,10737.000000,1.000000
0.245812,193.071500,10738.000000,1.000000
0.245832,186.535800,10739.000000,1.000000
0.245857,190.307500,10740.000000,1.000000
0.245864,190.295100,10741.000000,1.000000
0.245877,186.550700,10742.000000,1.000000
0.245941,190.790500,10743.000000,1.000000
0.245960,190.785200,10744.000000,1.000000
0.246088,192.339900,10745.000000,1.000000
0.246114,204.392300,10746.000000,1.000000
0.246152,205.456100,10747.000000,1.000000
0.246152,206.575100,10748.000000,1.000000
0.246185,193.122900,10749.000000,1.000000
0.246191,185.914600,10750.000000,1.000000
0.246217,185.606300,10751.000000,1.000000
0.246313,188.743800,10752.000000,1.000000
0.246352,189.449900,10753.000000,1.000000
0.246358,183.068900,10754.000000,1.000000
0.246403,182.696300,10755.000000,1.000000
0.246435,183.153000,10756.000000,1.000000
0.246442,183.063900,10757.000000,1.000000
0.246448,183.092200,10758.000000,1.000000
0.246480,188.586500,10759.000000,1.000000
0.246564,176.974200,10760.000000,1.000000
0.246602,181.627300,10761.000000,1.000000
0.246673,176.426400,10762.000000,1.000000
0.246698,176.382900,10763.000000,1.000000
0.246711,179.208100,10764.000000,1.000000
0.246718,179.092500,10765.000000,1.000000
0.246743,175.571800,10766.000000,1.000000
0.246762,176.172100,10767.000000,1.000000
0.246769,180.254300,10768.000000,1.000000
0.246788,179.985400,10769.000000,1.000000
0.246801,179.877200,10770.000000,1.000000
0.246801,179.948200,10771.000000,1.000000
0.246801,179.855500,10772.000000,1.000000
0.246852,175.443600,10773.000000,1.000000
0.246891,176.878100,10774.000000,1.000000
0.246916,176.872800,10775.000000,1.000000
0.246981,175.373700,10776.000000,1.000000
0.247013,175.334500,10777.000000,1.000000
0.247013,178.245000,10778.000000,1.000000
0.247045,175.771300,10779.000000,1.000000
0.247064,175.160100,10780.000000,1.000000
0.247109,175.443600,10781.000000,1.000000
0.247134,185.273900,10782.000000,1.000000
0.247167,175.456900,10783.000000,1.000000
0.247167,177.808300,10784.000000,1.000000
0.247186,175.622100,10785.000000,1.000000
0.247192,188.777100,10786.000000,1.000000
0.247192,173.919800,10787.000000,1.000000
0.247243,186.991400,10788.000000,1.000000
0.247295,188.033300,10789.000000,1.000000
0.247314,168.201700,10790.000000,1.000000
0.247339,182.774600,10791.000000,1.000000
0.247346,184.246700,10792.000000,1.000000
0.247352,184.769000,10793.000000,1.000000
0.247384,175.012200,10794.000000,1.000000
0.247436,173.877400,10795.000000,1.000000
0.247442,171.259300,10796.000000,1.000000
0.247525,170.365600,10797.000000,1.000000
0.247532,170.194400,10798.000000,1.000000
0.247545,170.556800,10799.000000,1.000000
0.247551,170.028100,10800.000000,1.000000
0.247583,170.196200,10801.000000,1.000000
0.247596,170.168400,10802.000000,1.000000
0.247615,170.232100,10803.000000,1.000000
0.247615,170.133600,10804.000000,1.000000
0.247622,167.688600,10805.000000,1.000000
0.247654,170.398500,10806.000000,1.000000
0.247711,170.213600,10807.000000,1.000000
0.247737,168.491900,10808.000000,1.000000
0.247775,169.645700,10809.000000,1.000000
0.247782,168.613400,10810.000000,1.000000
0.247801,168.404400,10811.000000,1.000000
0.247814,168.351800,10812.000000,1.000000
0.247827,167.616500,10813.000000,1.000000
0.247833,168.538500,10814.000000,1.000000
0.247846,168.361800,10815.000000,1.000000
0.247865,167.694900,10816.000000,1.000000
0.247872,167.460100,10817.000000,1.000000
0.247910,167.016400,10818.000000,1.000000
0.247955,165.987500,10819.000000,1.000000
0.247955,165.918800,10820.000000,1.000000
0.248019,166.038100,10821.000000,1.000000
0.248026,166.336300,10822.000000,1.000000
0.248045,166.040600,10823.000000,1.000000
0.248045,166.783700,10824.000000,1.000000
0.248051,166.005300,10825.000000,1.000000
0.248052,137.361500,10826.000000,0.000000
0.248071,166.113000,10827.000000,1.000000
0.248077,165.877200,10828.000000,1.000000
0.248096,166.005700,10829.000000,1.000000
0.248173,167.136600,10830.000000,1.000000
0.248180,167.082400,10831.000000,1.000000
0.248186,168.647600,10832.000000,1.000000
0.248218,168.166600,10833.000000,1.000000
0.248231,167.539800,10834.000000,1.000000
0.248270,168.455400,10835.000000,1.000000
0.248315,169.415700,10836.000000,1.000000
0.248334,169.451800,10837.000000,1.000000
0.248360,168.846300,10838.000000,1.000000
0.248521,169.253900,10839.000000,1.000000
0.248540,172.680100,10840.000000,1.000000
0.248540,141.699900,10841.000000,0.000000
0.248546,272.928000,10842.000000,0.000000
0.248547,177.022600,10843.000000,1.000000
0.248592,178.036400,10844.000000,1.000000
0.248637,179.814500,10845.000000,1.000000
0.248682,179.894300,10846.000000,1.000000
0.248718,483.386100,10847.000000,0.000000
0.248734,180.570800,10848.000000,1.000000
0.248804,185.263300,10849.000000,1.000000
0.248840,463.491300,10850.000000,0.000000
0.248959,190.853600,10851.000000,1.000000
0.248959,194.223300,10852.000000,1.000000
0.249017,205.606900,10853.000000,1.000000
0.249043,199.755700,10854.000000,1.000000
0.249049,205.324800,10855.000000,1.000000
0.249082,205.910000,10856.000000,1.000000
0.249108,202.603700,10857.000000,1.000000
0.249127,210.236700,10858.000000,1.000000
0.249159,203.780600,10859.000000,1.000000
0.249198,200.074800,10860.000000,1.000000
0.249217,206.682700,10861.000000,1.000000
0.249256,198.028400,10862.000000,1.000000
0.249262,193.926400,10863.000000,1.000000
0.249307,210.173000,10864.000000,1.000000
0.249320,208.109900,10865.000000,1.000000
0.249398,207.655800,10866.000000,1.000000
0.249398,207.265100,10867.000000,1.000000
0.249398,198.072400,10868.000000,1.000000
0.249475,214.433500,10869.000000,1.000000
0.249475,202.947400,10870.000000,1.000000
0.249481,201.948600,10871.000000,1.000000
0.249520,210.190800,10872.000000,1.000000
0.249520,201.545300,10873.000000,1.000000
0.249533,202.441800,10874.000000,1.000000
0.249546,203.213000,10875.000000,1.000000
0.249555,-56.730510,10876.000000,0.000000
0.249565,200.632600,10877.000000,1.000000
0.249617,201.030000,10878.000000,1.000000
0.249662,204.255700,10879.000000,1.000000
0.249662,196.977900,10880.000000,1.000000
0.249713,206.059400,10881.000000,1.000000
0.249726,197.200200,10882.000000,1.000000
0.249810,192.829000,10883.000000,1.000000
0.249810,193.399700,10884.000000,1.000000
0.249816,193.062600,10885.000000,1.000000
0.249822,193.160700,10886.000000,1.000000
0.249854,193.097700,10887.000000,1.000000
0.249854,193.724000,10888.000000,1.000000
0.249861,192.927900,10889.000000,1.000000
0.249867,193.928800,10890.000000,1.000000
0.249880,193.422000,10891.000000,1.000000
0.249893,193.335800,10892.000000,1.000000
0.249899,193.682200,10893.000000,1.000000
0.249906,193.387700,10894.000000,1.000000
0.249912,193.634500,10895.000000,1.000000
0.249923,390.224600,10896.000000,0.000000
0.249938,193.819200,10897.000000,1.000000
0.249951,193.738700,10898.000000,1.000000
0.249957,188.314500,10899.000000,1.000000
0.249964,193.775100,10900.000000,1.000000
0.249969,258.372800,10901.000000,0.000000
0.249976,188.161700,10902.000000,1.000000
0.249996,190.854100,10903.000000,1.000000
0.250034,188.027800,10904.000000,1.000000
0.250047,188.180400,10905.000000,1.000000
0.250047,188.948700,10906.000000,1.000000
0.250073,188.072100,10907.000000,1.000000
0.250073,187.962800,10908.000000,1.000000
0.250151,1.711942,10909.000000,0.000000
0.250162,184.438000,10910.000000,1.000000
0.250163,155.839700,10911.000000,0.000000
0.250169,184.348100,10912.000000,1.000000
0.250246,184.579200,10913.000000,1.000000
0.250393,192.090100,10914.000000,1.000000
0.250412,195.048800,10915.000000,1.000000
0.250444,195.252000,10916.000000,1.000000
0.250636,200.691400,10917.000000,1.000000
0.250720,206.675000,10918.000000,1.000000
0.250803,201.929900,10919.000000,1.000000
0.250848,199.810700,10920.000000,1.000000
0.250854,199.647000,10921.000000,1.000000
0.250899,200.292800,10922.000000,1.000000
0.250957,196.516000,10923.000000,1.000000
0.250957,193.408600,10924.000000,1.000000
0.250963,196.011900,10925.000000,1.000000
0.250970,195.992000,10926.000000,1.000000
0.250982,195.412600,10927.000000,1.000000
0.251021,195.528400,10928.000000,1.000000
0.251117,195.841200,10929.000000,1.000000
0.251130,198.103900,10930.000000,1.000000
0.251137,194.613400,10931.000000,1.000000
0.251149,199.062400,10932.000000,1.000000
0.251181,195.804200,10933.000000,1.000000
0.251194,196.168600,10934.000000,1.000000
0.251246,197.211300,10935.000000,1.000000
0.251259,195.293500,10936.000000,1.000000
0.251323,200.749100,10937.000000,1.000000
0.251336,196.489000,10938.000000,1.000000
0.251342,193.738100,10939.000000,1.000000
0.251355,202.322400,10940.000000,1.000000
0.251400,193.033500,10941.000000,1.000000
0.251477,198.871100,10942.000000,1.000000
0.251490,196.996900,10943.000000,1.000000
0.251548,186.836600,10944.000000,1.000000
0.251567,203.593500,10945.000000,1.000000
0.251606,205.471100,10946.000000,1.000000
0.251606,206.444600,10947.000000,1.000000
0.251631,206.435000,10948.000000,1.000000
0.251644,205.145000,10949.000000,1.000000
0.251683,205.179800,10950.000000,1.000000
0.251799,186.188000,10951.000000,1.000000
0.251818,209.615100,10952.000000,1.000000
0.251914,202.880100,10953.000000,1.000000
0.251921,189.206800,10954.000000,1.000000
0.251940,208.481100,10955.000000,1.000000
0.251948,78.335300,10956.000000,0.000000
0.251966,199.006300,10957.000000,1.000000
0.251985,205.123200,10958.000000,1.000000
0.251992,192.909100,10959.000000,1.000000
0.251998,204.362500,10960.000000,1.000000
0.252011,189.248800,10961.000000,1.000000
0.252011,190.632600,10962.000000,1.000000
0.252075,188.812600,10963.000000,1.000000
0.252152,191.990100,10964.000000,1.000000
0.252178,209.038200,10965.000000,1.000000
0.252236,190.562900,10966.000000,1.000000
0.252275,191.403100,10967.000000,1.000000
0.252319,210.784800,10968.000000,1.000000
0.252326,189.473300,10969.000000,1.000000
0.252332,205.675500,10970.000000,1.000000
0.252333,191.466900,10971.000000,1.000000
0.252345,193.472300,10972.000000,1.000000
0.252352,193.600100,10973.000000,1.000000
0.252403,193.612000,10974.000000,1.000000
0.252416,212.223900,10975.000000,1.000000
0.252416,194.908900,10976.000000,1.000000
0.252422,209.786900,10977.000000,1.000000
0.252422,213.506100,10978.000000,1.000000
0.252435,211.051500,10979.000000,1.000000
0.252442,211.686600,10980.000000,1.000000
0.252442,193.343800,10981.000000,1.000000
0.252461,212.378200,10982.000000,1.000000
0.252487,213.372300,10983.000000,1.000000
0.252512,212.182100,10984.000000,1.000000
0.252538,210.606400,10985.000000,1.000000
0.252583,211.656400,10986.000000,1.000000
0.252583,193.626800,10987.000000,1.000000
0.252626,431.428800,10988.000000,0.000000
0.252673,193.664100,10989.000000,1.000000
0.252680,210.103300,10990.000000,1.000000
0.252731,212.307100,10991.000000,1.000000
0.252757,193.644700,10992.000000,1.000000
0.252782,204.396100,10993.000000,1.000000
0.252821,208.006600,10994.000000,1.000000
0.252821,199.348300,10995.000000,1.000000
0.252866,206.316700,10996.000000,1.000000
0.252879,196.054400,10997.000000,1.000000
0.252969,195.972300,10998.000000,1.000000
0.252981,208.451400,10999.000000,1.000000
0.253059,204.772800,11000.000000,1.000000
0.253071,208.651000,11001.000000,1.000000
0.253084,207.824300,11002.000000,1.000000
0.253091,208.267800,11003.000000,1.000000
0.253123,207.240200,11004.000000,1.000000
0.253161,206.708000,11005.000000,1.000000
0.253162,176.546800,11006.000000,0.000000
0.253251,210.502300,11007.000000,1.000000
0.253277,216.308900,11008.000000,1.000000
0.253294,393.997000,11009.000000,0.000000
0.253392,215.187800,11010.000000,1.000000
0.253495,218.094200,11011.000000,1.000000
0.253521,218.870100,11012.000000,1.000000
0.253572,221.691100,11013.000000,1.000000
0.253572,222.428800,11014.000000,1.000000
0.253591,221.504900,11015.000000,1.000000
0.253649,221.909100,11016.000000,1.000000
0.253681,221.922300,11017.000000,1.000000
0.253719,222.582100,11018.000000,1.000000
0.253739,222.866800,11019.000000,1.000000
0.253764,227.259600,11020.000000,1.000000
0.253815,227.583800,11021.000000,1.000000
0.253822,227.799600,11022.000000,1.000000
0.253860,230.757200,11023.000000,1.000000
0.253867,228.555700,11024.000000,1.000000
0.253892,228.758100,11025.000000,1.000000
0.253904,313.751400,11026.000000,0.000000
0.253982,229.035300,11027.000000,1.000000
0.254021,229.124000,11028.000000,1.000000
0.254033,229.122300,11029.000000,1.000000
0.254091,229.306100,11030.000000,1.000000
0.254136,228.173500,11031.000000,1.000000
0.254207,221.867900,11032.000000,1.000000
0.254290,221.637200,11033.000000,1.000000
0.254297,221.453900,11034.000000,1.000000
0.254354,221.744400,11035.000000,1.000000
0.254361,221.487300,11036.000000,1.000000
0.254386,221.452700,11037.000000,1.000000
0.254406,222.814700,11038.000000,1.000000
0.254406,221.735000,11039.000000,1.000000
0.254451,221.563200,11040.000000,1.000000
0.254457,221.678900,11041.000000,1.000000
0.254573,222.251000,11042.000000,1.000000
0.254579,221.694000,11043.000000,1.000000
0.254643,243.144600,11044.000000,1.000000
0.254656,222.247400,11045.000000,1.000000
0.254669,226.154500,11046.000000,1.000000
0.254669,218.286800,11047.000000,1.000000
0.254733,231.438900,11048.000000,1.000000
0.254733,231.422800,11049.000000,1.000000
0.254739,230.786700,11050.000000,1.000000
0.254752,231.238200,11051.000000,1.000000
0.254759,231.118600,11052.000000,1.000000
0.254759,231.133500,11053.000000,1.000000
0.254810,231.124100,11054.000000,1.000000
0.254823,231.315600,11055.000000,1.000000
0.254829,231.337200,11056.000000,1.000000
0.254842,231.113600,11057.000000,1.000000
0.254913,231.704400,11058.000000,1.000000
0.254932,231.487700,11059.000000,1.000000
0.254997,231.753700,11060.000000,1.000000
0.255003,231.663400,11061.000000,1.000000
0.255016,236.175500,11062.000000,1.000000
0.255048,239.963200,11063.000000,1.000000
0.255113,234.693400,11064.000000,1.000000
0.255125,235.565200,11065.000000,1.000000
0.255125,235.767700,11066.000000,1.000000
0.255151,234.812500,11067.000000,1.000000
0.255164,235.396300,11068.000000,1.000000
0.255170,236.096100,11069.000000,1.000000
0.255216,236.306700,11070.000000,1.000000
0.255280,236.273600,11071.000000,1.000000
0.255312,236.774000,11072.000000,1.000000
0.255318,271.938400,11073.000000,0.000000
0.255325,235.625400,11074.000000,1.000000
0.255407,425.127100,11075.000000,0.000000
0.255409,241.541300,11076.000000,1.000000
0.255447,236.971900,11077.000000,1.000000
0.255492,243.905500,11078.000000,1.000000
0.255512,243.480900,11079.000000,1.000000
0.255531,243.378300,11080.000000,1.000000
0.255563,243.481600,11081.000000,1.000000
0.255563,243.396000,11082.000000,1.000000
0.255608,243.411800,11083.000000,1.000000
0.255621,248.827200,11084.000000,1.000000
0.255666,243.450300,11085.000000,1.000000
0.255679,243.509100,11086.000000,1.000000
0.255686,244.275000,11087.000000,1.000000
0.255808,247.902600,11088.000000,1.000000
0.255847,248.017100,11089.000000,1.000000
0.255853,248.005100,11090.000000,1.000000
0.255924,248.077700,11091.000000,1.000000
0.255930,267.734900,11092.000000,1.000000
0.256033,248.050600,11093.000000,1.000000
0.256130,248.293400,11094.000000,1.000000
0.256143,249.207400,11095.000000,1.000000
0.256149,250.133800,11096.000000,1.000000
0.256156,249.282600,11097.000000,1.000000
0.256181,249.619700,11098.000000,1.000000
0.256213,252.881800,11099.000000,1.000000
0.256250,409.952300,11100.000000,0.000000
0.256252,253.253700,11101.000000,1.000000
0.256265,253.458800,11102.000000,1.000000
0.256271,253.151700,11103.000000,1.000000
0.256278,250.750700,11104.000000,1.000000
0.256323,253.278400,11105.000000,1.000000
0.256323,249.296900,11106.000000,1.000000
0.256348,253.374600,11107.000000,1.000000
0.256361,254.929600,11108.000000,1.000000
0.256368,249.829800,11109.000000,1.000000
0.256400,249.772500,11110.000000,1.000000
0.256413,250.822300,11111.000000,1.000000
0.256438,249.720700,11112.000000,1.000000
0.256451,256.584600,11113.000000,1.000000
0.256471,249.716200,11114.000000,1.000000
0.256477,249.213900,11115.000000,1.000000
0.256496,249.624900,11116.000000,1.000000
0.256509,261.678100,11117.000000,1.000000
0.256528,249.792900,11118.000000,1.000000
0.256541,249.855200,11119.000000,1.000000
0.256586,256.407400,11120.000000,1.000000
0.256612,249.811200,11121.000000,1.000000
0.256631,250.392800,11122.000000,1.000000
0.256663,249.718400,11123.000000,1.000000
0.256683,249.932100,11124.000000,1.000000
0.256689,249.680700,11125.000000,1.000000
0.256732,411.777600,11126.000000,0.000000
0.256760,257.483500,11127.000000,1.000000
0.256805,248.351900,11128.000000,1.000000
0.256843,257.336000,11129.000000,1.000000
0.256856,262.049200,11130.000000,1.000000
0.256888,255.589200,11131.000000,1.000000
0.256888,254.115400,11132.000000,1.000000
0.256933,255.321800,11133.000000,1.000000
0.256933,250.351700,11134.000000,1.000000
0.256965,248.345700,11135.000000,1.000000
0.256991,246.468200,11136.000000,1.000000
0.257004,248.029900,11137.000000,1.000000
0.257030,248.664500,11138.000000,1.000000
0.257042,248.417800,11139.000000,1.000000
0.257055,247.115100,11140.000000,1.000000
0.257074,252.117400,11141.000000,1.000000
0.257113,248.251600,11142.000000,1.000000
0.257126,248.586200,11143.000000,1.000000
0.257145,248.309000,11144.000000,1.000000
0.257229,246.371500,11145.000000,1.000000
0.257241,253.732300,11146.000000,1.000000
0.257254,245.826600,11147.000000,1.000000
0.257261,245.936500,11148.000000,1.000000
0.257319,250.519900,11149.000000,1.000000
0.257331,244.592900,11150.000000,1.000000
0.257344,244.977800,11151.000000,1.000000
0.257364,244.515300,11152.000000,1.000000
0.257383,244.524000,11153.000000,1.000000
0.257396,244.210300,11154.000000,1.000000
0.257409,244.675600,11155.000000,1.000000
0.257421,244.762300,11156.000000,1.000000
0.257550,246.646900,11157.000000,1.000000
0.257588,254.471000,11158.000000,1.000000
0.257627,245.107400,11159.000000,1.000000
0.257633,243.966200,11160.000000,1.000000
0.257640,245.084500,11161.000000,1.000000
0.257646,249.970200,11162.000000,1.000000
0.257666,243.547400,11163.000000,1.000000
0.257672,250.450200,11164.000000,1.000000
0.257775,243.825100,11165.000000,1.000000
0.257813,239.576600,11166.000000,1.000000
0.257833,239.590200,11167.000000,1.000000
0.257846,239.677500,11168.000000,1.000000
0.257848,-33.942090,11169.000000,0.000000
0.257848,-27.408360,11170.000000,0.000000
0.257878,240.235200,11171.000000,1.000000
0.257916,239.596000,11172.000000,1.000000
0.257916,237.531900,11173.000000,1.000000
0.257942,239.797400,11174.000000,1.000000
0.257974,242.335800,11175.000000,1.000000
0.257987,244.953500,11176.000000,1.000000
0.257993,246.391800,11177.000000,1.000000
0.258039,236.444500,11178.000000,1.000000
0.258077,236.395300,11179.000000,1.000000
0.258109,236.377700,11180.000000,1.000000
0.258135,236.940600,11181.000000,1.000000
0.258141,236.562600,11182.000000,1.000000
0.258193,236.354700,11183.000000,1.000000
0.258225,236.909900,11184.000000,1.000000
0.258231,236.567200,11185.000000,1.000000
0.258289,236.333100,11186.000000,1.000000
0.258321,239.672200,11187.000000,1.000000
0.258321,236.955200,11188.000000,1.000000
0.258344,536.313400,11189.000000,0.000000
0.258379,238.685500,11190.000000,1.000000
0.258418,239.098400,11191.000000,1.000000
0.258418,239.837000,11192.000000,1.000000
0.258424,251.715900,11193.000000,1.000000
0.258431,251.166500,11194.000000,1.000000
0.258533,253.681900,11195.000000,1.000000
0.258533,247.455400,11196.000000,1.000000
0.258585,256.549100,11197.000000,1.000000
0.258591,251.125800,11198.000000,1.000000
0.258623,246.796700,11199.000000,1.000000
0.258630,252.979600,11200.000000,1.000000
0.258649,248.263200,11201.000000,1.000000
0.258668,252.610300,11202.000000,1.000000
0.258688,252.610100,11203.000000,1.000000
0.258700,251.623400,11204.000000,1.000000
0.258701,218.370000,11205.000000,0.000000
0.258713,247.227800,11206.000000,1.000000
0.258720,247.135000,11207.000000,1.000000
0.258874,250.702300,11208.000000,1.000000
0.258900,250.346000,11209.000000,1.000000
0.258925,250.919500,11210.000000,1.000000
0.258951,250.989300,11211.000000,1.000000
0.258977,259.768000,11212.000000,1.000000
0.259002,256.696400,11213.000000,1.000000
0.259060,253.772600,11214.000000,1.000000
0.259112,248.858100,11215.000000,1.000000
0.259144,247.905300,11216.000000,1.000000
0.259150,247.253800,11217.000000,1.000000
0.259157,250.980500,11218.000000,1.000000
0.259189,251.049000,11219.000000,1.000000
0.259195,252.698500,11220.000000,1.000000
0.259202,249.155200,11221.000000,1.000000
0.259208,250.498100,11222.000000,1.000000
0.259221,251.365500,11223.000000,1.000000
0.259227,251.044200,11224.000000,1.000000
0.259240,249.492000,11225.000000,1.000000
0.259272,251.280600,11226.000000,1.000000
0.259285,250.143200,11227.000000,1.000000
0.259305,251.235500,11228.000000,1.000000
0.259337,251.879900,11229.000000,1.000000
0.259356,251.994500,11230.000000,1.000000
0.259369,248.687600,11231.000000,1.000000
0.259427,252.988700,11232.000000,1.000000
0.259427,253.312200,11233.000000,1.000000
0.259446,252.311400,11234.000000,1.000000
0.259491,249.039300,11235.000000,1.000000
0.259510,248.447300,11236.000000,1.000000
0.259555,253.251000,11237.000000,1.000000
0.259594,248.756000,11238.000000,1.000000
0.259594,251.071700,11239.000000,1.000000
0.259619,251.604200,11240.000000,1.000000
0.259699,571.100400,11241.000000,0.000000
0.259722,257.474300,11242.000000,1.000000
0.259741,257.796400,11243.000000,1.000000
0.259748,257.764400,11244.000000,1.000000
0.259747,262.623200,11245.000000,1.000000
0.259747,261.257100,11246.000000,1.000000
0.259748,255.573700,11247.000000,1.000000
0.259760,257.095400,11248.000000,1.000000
0.259773,256.548800,11249.000000,1.000000
0.259792,259.080500,11250.000000,1.000000
0.259824,268.883300,11251.000000,1.000000
0.259876,263.684300,11252.000000,1.000000
0.259908,263.831300,11253.000000,1.000000
0.259927,263.745200,11254.000000,1.000000
0.259940,263.685800,11255.000000,1.000000
0.259972,275.552100,11256.000000,1.000000
0.260017,263.627300,11257.000000,1.000000
0.260030,263.273900,11258.000000,1.000000
0.260094,259.450300,11259.000000,1.000000
0.260139,263.787800,11260.000000,1.000000
0.260299,268.314000,11261.000000,1.000000
0.260383,268.250300,11262.000000,1.000000
0.260389,268.290200,11263.000000,1.000000
0.260402,265.256000,11264.000000,1.000000
0.260402,268.355800,11265.000000,1.000000
0.260402,267.817300,11266.000000,1.000000
0.260408,268.356400,11267.000000,1.000000
0.260427,267.469700,11268.000000,1.000000
0.260427,272.433300,11269.000000,1.000000
0.260427,267.882300,11270.000000,1.000000
0.260472,268.148300,11271.000000,1.000000
0.260479,268.126000,11272.000000,1.000000
0.260498,268.001800,11273.000000,1.000000
0.260556,285.473200,11274.000000,1.000000
0.260607,286.574800,11275.000000,1.000000
0.260616,78.700380,11276.000000,0.000000
0.260710,276.524300,11277.000000,1.000000
0.260755,273.782400,11278.000000,1.000000
0.260761,276.894700,11279.000000,1.000000
0.260813,274.211100,11280.000000,1.000000
0.260825,273.924800,11281.000000,1.000000
0.260870,274.783900,11282.000000,1.000000
0.260877,286.193000,11283.000000,1.000000
0.260877,274.518000,11284.000000,1.000000
0.260883,276.424300,11285.000000,1.000000
0.260915,288.062900,11286.000000,1.000000
0.260935,287.092300,11287.000000,1.000000
0.260999,286.799100,11288.000000,1.000000
0.261005,281.886300,11289.000000,1.000000
0.261018,286.994400,11290.000000,1.000000
0.261025,277.349300,11291.000000,1.000000
0.261025,281.994100,11292.000000,1.000000
0.261029,443.247100,11293.000000,0.000000
0.261076,277.768300,11294.000000,1.000000
0.261115,277.714000,11295.000000,1.000000
0.261166,277.661600,11296.000000,1.000000
0.261185,289.845500,11297.000000,1.000000
0.261197,399.774900,11298.000000,0.000000
0.261229,430.072100,11299.000000,0.000000
0.261237,277.544800,11300.000000,1.000000
0.261250,277.431200,11301.000000,1.000000
0.261250,277.504200,11302.000000,1.000000
0.261269,277.546300,11303.000000,1.000000
0.261275,277.519300,11304.000000,1.000000
0.261288,277.649900,11305.000000,1.000000
0.261301,277.399700,11306.000000,1.000000
0.261359,277.660800,11307.000000,1.000000
0.261359,279.354500,11308.000000,1.000000
0.261359,277.738100,11309.000000,1.000000
0.261372,277.777800,11310.000000,1.000000
0.261443,277.836600,11311.000000,1.000000
0.261469,278.646800,11312.000000,1.000000
0.261469,281.119900,11313.000000,1.000000
0.261475,278.864200,11314.000000,1.000000
0.261475,278.405700,11315.000000,1.000000
0.261495,278.813600,11316.000000,1.000000
0.261508,280.854000,11317.000000,1.000000
0.261514,278.246600,11318.000000,1.000000
0.261527,278.623200,11319.000000,1.000000
0.261533,282.062300,11320.000000,1.000000
0.261546,278.704500,11321.000000,1.000000
0.261572,278.472800,11322.000000,1.000000
0.261578,278.787000,11323.000000,1.000000
0.261585,278.566700,11324.000000,1.000000
0.261643,278.957600,11325.000000,1.000000
0.261656,278.713100,11326.000000,1.000000
0.261701,278.871800,11327.000000,1.000000
0.261766,279.536900,11328.000000,1.000000
0.261778,279.535700,11329.000000,1.000000
0.261830,279.990700,11330.000000,1.000000
0.261849,279.363800,11331.000000,1.000000
0.261882,286.540000,11332.000000,1.000000
0.261920,280.720500,11333.000000,1.000000
0.261991,286.056000,11334.000000,1.000000
0.262024,285.873000,11335.000000,1.000000
0.262056,280.627800,11336.000000,1.000000
0.262056,282.882700,11337.000000,1.000000
0.262062,280.910900,11338.000000,1.000000
0.262088,281.221400,11339.000000,1.000000
0.262088,281.098100,11340.000000,1.000000
0.262120,280.420500,11341.000000,1.000000
0.262127,280.861300,11342.000000,1.000000
0.262133,284.460900,11343.000000,1.000000
0.262146,281.000600,11344.000000,1.000000
0.262191,282.172900,11345.000000,1.000000
0.262236,280.972700,11346.000000,1.000000
0.262249,281.154300,11347.000000,1.000000
0.262288,280.874800,11348.000000,1.000000
0.262301,281.186300,11349.000000,1.000000
0.262340,280.999800,11350.000000,1.000000
0.262359,281.546400,11351.000000,1.000000
0.262365,281.055100,11352.000000,1.000000
0.262385,281.373300,11353.000000,1.000000
0.262404,284.036400,11354.000000,1.000000
0.262404,281.257600,11355.000000,1.000000
0.262443,284.647200,11356.000000,1.000000
0.262481,280.599700,11357.000000,1.000000
0.262488,290.327100,11358.000000,1.000000
0.262494,280.403400,11359.000000,1.000000
0.262507,285.047000,11360.000000,1.000000
0.262520,280.897200,11361.000000,1.000000
0.262565,285.215600,11362.000000,1.000000
0.262649,291.782900,11363.000000,1.000000
0.262700,286.830700,11364.000000,1.000000
0.262743,457.306900,11365.000000,0.000000
0.262761,-10.934590,11366.000000,0.000000
0.262771,280.927800,11367.000000,1.000000
0.262822,281.287700,11368.000000,1.000000
0.262822,285.899300,11369.000000,1.000000
0.262822,288.398300,11370.000000,1.000000
0.262848,281.310100,11371.000000,1.000000
0.262854,290.454000,11372.000000,1.000000
0.262874,280.992400,11373.000000,1.000000
0.262874,257.715300,11374.000000,1.000000
0.262906,281.364900,11375.000000,1.000000
0.262963,281.222000,11376.000000,1.000000
0.262963,280.904500,11377.000000,1.000000
0.262963,280.892700,11378.000000,1.000000
0.262970,281.202200,11379.000000,1.000000
0.262989,281.201700,11380.000000,1.000000
0.262996,281.142200,11381.000000,1.000000
0.263008,281.016300,11382.000000,1.000000
0.263028,281.450600,11383.000000,1.000000
0.263028,281.135300,11384.000000,1.000000
0.263034,281.168600,11385.000000,1.000000
0.263053,281.171600,11386.000000,1.000000
0.263066,281.523200,11387.000000,1.000000
0.263085,281.404900,11388.000000,1.000000
0.263214,282.760300,11389.000000,1.000000
0.263355,274.165100,11390.000000,1.000000
0.263411,430.596100,11391.000000,0.000000
0.263580,275.326700,11392.000000,1.000000
0.263599,273.962300,11393.000000,1.000000
0.263708,268.485600,11394.000000,1.000000
0.263734,273.329800,11395.000000,1.000000
0.263747,272.096500,11396.000000,1.000000
0.263792,272.027900,11397.000000,1.000000
0.263818,264.556900,11398.000000,1.000000
0.263850,262.869000,11399.000000,1.000000
0.263895,259.502600,11400.000000,1.000000
0.263914,259.314000,11401.000000,1.000000
0.263933,262.084400,11402.000000,1.000000
0.263950,538.582300,11403.000000,0.000000
0.263972,257.354200,11404.000000,1.000000
0.263985,252.678800,11405.000000,1.000000
0.264023,254.385700,11406.000000,1.000000
0.264075,246.797500,11407.000000,1.000000
0.264146,250.473400,11408.000000,1.000000
0.264165,252.670100,11409.000000,1.000000
0.264178,249.893400,11410.000000,1.000000
0.264184,249.926400,11411.000000,1.000000
0.264197,247.515300,11412.000000,1.000000
0.264249,250.436500,11413.000000,1.000000
0.264255,250.332400,11414.000000,1.000000
0.264287,247.636200,11415.000000,1.000000
0.264294,246.374200,11416.000000,1.000000
0.264345,240.360500,11417.000000,1.000000
0.264351,246.769600,11418.000000,1.000000
0.264352,242.178100,11419.000000,1.000000
0.264358,240.759700,11420.000000,1.000000
0.264377,247.818700,11421.000000,1.000000
0.264409,245.514800,11422.000000,1.000000
0.264422,245.076400,11423.000000,1.000000
0.264435,245.060200,11424.000000,1.000000
0.264454,244.433300,11425.000000,1.000000
0.264474,242.035300,11426.000000,1.000000
0.264499,243.452900,11427.000000,1.000000
0.264512,243.421100,11428.000000,1.000000
0.264583,243.166100,11429.000000,1.000000
0.264590,243.619700,11430.000000,1.000000
0.264628,238.254200,11431.000000,1.000000
0.264635,238.273900,11432.000000,1.000000
0.264641,238.056500,11433.000000,1.000000
0.264673,238.394700,11434.000000,1.000000
0.264686,238.209100,11435.000000,1.000000
0.264693,238.222200,11436.000000,1.000000
0.264731,238.521800,11437.000000,1.000000
0.264763,234.969800,11438.000000,1.000000
0.264783,234.681500,11439.000000,1.000000
0.264802,235.140700,11440.000000,1.000000
0.264821,235.050900,11441.000000,1.000000
0.264834,233.427200,11442.000000,1.000000
0.264839,378.843800,11443.000000,0.000000
0.264841,231.494400,11444.000000,1.000000
0.264866,231.350600,11445.000000,1.000000
0.264879,231.358000,11446.000000,1.000000
0.264898,231.225100,11447.000000,1.000000
0.264921,520.319300,11448.000000,0.000000
0.264943,231.380900,11449.000000,1.000000
0.264950,231.443400,11450.000000,1.000000
0.264963,231.376900,11451.000000,1.000000
0.264963,236.128700,11452.000000,1.000000
0.264969,231.426500,11453.000000,1.000000
0.265046,231.922800,11454.000000,1.000000
0.265046,231.390900,11455.000000,1.000000
0.265066,231.534600,11456.000000,1.000000
0.265085,231.055000,11457.000000,1.000000
0.265123,234.061100,11458.000000,1.000000
0.265143,231.514300,11459.000000,1.000000
0.265168,228.811100,11460.000000,1.000000
0.265329,230.389400,11461.000000,1.000000
0.265336,226.753200,11462.000000,1.000000
0.265342,222.776100,11463.000000,1.000000
0.265348,228.277300,11464.000000,1.000000
0.265355,226.530200,11465.000000,1.000000
0.265374,222.893300,11466.000000,1.000000
0.265381,222.956500,11467.000000,1.000000
0.265393,222.703000,11468.000000,1.000000
0.265470,224.521200,11469.000000,1.000000
0.265483,224.618500,11470.000000,1.000000
0.265483,224.724000,11471.000000,1.000000
0.265490,224.820800,11472.000000,1.000000
0.265496,224.394600,11473.000000,1.000000
0.265560,219.675000,11474.000000,1.000000
0.265567,219.442100,11475.000000,1.000000
0.265580,219.553500,11476.000000,1.000000
0.265580,219.754000,11477.000000,1.000000
0.265612,218.546200,11478.000000,1.000000
0.265631,227.867500,11479.000000,1.000000
0.265650,221.829400,11480.000000,1.000000
0.265721,219.349500,11481.000000,1.000000
0.265727,219.525800,11482.000000,1.000000
0.265733,292.584500,11483.000000,0.000000
0.265766,219.778700,11484.000000,1.000000
0.265779,220.314100,11485.000000,1.000000
0.265804,225.689800,11486.000000,1.000000
0.265830,231.021300,11487.000000,1.000000
0.265836,216.025400,11488.000000,1.000000
0.265894,215.871600,11489.000000,1.000000
0.265945,216.074100,11490.000000,1.000000
0.266003,216.518300,11491.000000,1.000000
0.266016,214.492300,11492.000000,1.000000
0.266016,214.219200,11493.000000,1.000000
0.266016,214.553000,11494.000000,1.000000
0.266048,214.513200,11495.000000,1.000000
0.266054,214.759400,11496.000000,1.000000
0.266061,214.413300,11497.000000,1.000000
0.266074,214.478100,11498.000000,1.000000
0.266125,214.380400,11499.000000,1.000000
0.266182,213.889200,11500.000000,1.000000
0.266253,213.884100,11501.000000,1.000000
0.266278,284.758100,11502.000000,0.000000
0.266304,213.956400,11503.000000,1.000000
0.266375,213.612600,11504.000000,1.000000
0.266407,213.348700,11505.000000,1.000000
0.266407,214.012800,11506.000000,1.000000
0.266432,213.381800,11507.000000,1.000000
0.266503,213.362200,11508.000000,1.000000
0.266515,213.428600,11509.000000,1.000000
0.266522,213.128700,11510.000000,1.000000
0.266541,213.070600,11511.000000,1.000000
0.266547,213.332600,11512.000000,1.000000
0.266599,213.236100,11513.000000,1.000000
0.266615,459.648000,11514.000000,0.000000
0.266618,213.232100,11515.000000,1.000000
0.266663,213.185900,11516.000000,1.000000
0.266662,222.160300,11517.000000,1.000000
0.266668,340.883100,11518.000000,0.000000
0.266694,217.906100,11519.000000,1.000000
0.266790,213.693000,11520.000000,1.000000
0.266803,214.314900,11521.000000,1.000000
0.266835,209.599300,11522.000000,1.000000
0.266842,209.754500,11523.000000,1.000000
0.266842,209.549500,11524.000000,1.000000
0.266899,209.715800,11525.000000,1.000000
0.266938,209.593800,11526.000000,1.000000
0.266989,208.433800,11527.000000,1.000000
0.267034,208.435700,11528.000000,1.000000
0.267111,208.469600,11529.000000,1.000000
0.267168,208.035100,11530.000000,1.000000
0.267175,208.168400,11531.000000,1.000000
0.267175,208.189900,11532.000000,1.000000
0.267226,208.282300,11533.000000,1.000000
0.267245,207.624500,11534.000000,1.000000
0.267322,230.271700,11535.000000,1.000000
0.267386,210.541800,11536.000000,1.000000
0.267419,210.915300,11537.000000,1.000000
0.267425,210.563000,11538.000000,1.000000
0.267444,211.447000,11539.000000,1.000000
0.267470,208.565600,11540.000000,1.000000
0.267470,211.564900,11541.000000,1.000000
0.267489,212.220300,11542.000000,1.000000
0.267502,211.015200,11543.000000,1.000000
0.267509,211.242900,11544.000000,1.000000
0.267520,351.693400,11545.000000,0.000000
0.267554,211.496500,11546.000000,1.000000
0.267573,211.578000,11547.000000,1.000000
0.267573,211.722600,11548.000000,1.000000
0.267640,518.992100,11549.000000,0.000000
0.267643,224.084300,11550.000000,1.000000
0.267708,227.992500,11551.000000,1.000000
0.267721,224.964000,11552.000000,1.000000
0.267766,227.963200,11553.000000,1.000000
0.267785,212.555400,11554.000000,1.000000
0.267792,216.703100,11555.000000,1.000000
0.267830,219.759900,11556.000000,1.000000
0.267837,218.010500,11557.000000,1.000000
0.267843,216.844300,11558.000000,1.000000
0.267863,217.242200,11559.000000,1.000000
0.267882,223.319500,11560.000000,1.000000
0.267908,216.723400,11561.000000,1.000000
0.267921,218.258000,11562.000000,1.000000
0.267933,279.112900,11563.000000,0.000000
0.267934,216.349300,11564.000000,1.000000
0.267934,218.050500,11565.000000,1.000000
0.267947,218.172500,11566.000000,1.000000
0.267992,217.685800,11567.000000,1.000000
0.268037,213.056900,11568.000000,1.000000
0.268108,217.147700,11569.000000,1.000000
0.268205,217.070900,11570.000000,1.000000
0.268250,217.268100,11571.000000,1.000000
0.268257,216.972800,11572.000000,1.000000
0.268263,215.691100,11573.000000,1.000000
0.268308,215.521900,11574.000000,1.000000
0.268425,216.206000,11575.000000,1.000000
0.268431,215.969300,11576.000000,1.000000
0.268438,215.291000,11577.000000,1.000000
0.268444,218.014800,11578.000000,1.000000
0.268554,218.667200,11579.000000,1.000000
0.268702,219.302700,11580.000000,1.000000
0.268722,227.552600,11581.000000,1.000000
0.268767,233.281500,11582.000000,1.000000
0.268831,239.126400,11583.000000,1.000000
0.268883,231.822400,11584.000000,1.000000
0.268915,228.688900,11585.000000,1.000000
0.268941,227.556100,11586.000000,1.000000
0.268941,225.448100,11587.000000,1.000000
0.268973,233.239000,11588.000000,1.000000
0.268993,220.475800,11589.000000,1.000000
0.269006,218.786100,11590.000000,1.000000
0.269029,475.045600,11591.000000,0.000000
0.269166,220.729900,11592.000000,1.000000
0.269198,221.032400,11593.000000,1.000000
0.269205,221.138300,11594.000000,1.000000
0.269256,221.050800,11595.000000,1.000000
0.269282,228.987100,11596.000000,1.000000
0.269327,230.385800,11597.000000,1.000000
0.269397,230.989500,11598.000000,1.000000
0.269487,222.468000,11599.000000,1.000000
0.269499,326.919100,11600.000000,0.000000
0.269603,234.171800,11601.000000,1.000000
0.269628,223.568900,11602.000000,1.000000
0.269673,227.272800,11603.000000,1.000000
0.269776,221.950300,11604.000000,1.000000
0.269891,222.176700,11605.000000,1.000000
0.269911,222.265900,11606.000000,1.000000
0.269917,222.247000,11607.000000,1.000000
0.269930,222.217700,11608.000000,1.000000
0.269949,223.105800,11609.000000,1.000000
0.269968,222.422300,11610.000000,1.000000
0.270007,222.083500,11611.000000,1.000000
0.270076,366.085700,11612.000000,0.000000
0.270122,233.199000,11613.000000,1.000000
0.270180,244.342200,11614.000000,1.000000
0.270185,300.253500,11615.000000,0.000000
0.270202,579.955300,11616.000000,0.000000
0.270295,245.500800,11617.000000,1.000000
0.270301,245.644700,11618.000000,1.000000
0.270321,245.502000,11619.000000,1.000000
0.270327,245.723400,11620.000000,1.000000
0.270333,245.445900,11621.000000,1.000000
0.270365,245.826600,11622.000000,1.000000
0.270417,244.868700,11623.000000,1.000000
0.270423,245.797900,11624.000000,1.000000
0.270423,246.139700,11625.000000,1.000000
0.270462,243.210000,11626.000000,1.000000
0.270519,243.179700,11627.000000,1.000000
0.270552,239.310400,11628.000000,1.000000
0.270571,237.004300,11629.000000,1.000000
0.270577,241.904000,11630.000000,1.000000
0.270596,276.605300,11631.000000,0.000000
0.270648,236.481400,11632.000000,1.000000
0.270667,243.621700,11633.000000,1.000000
0.270693,236.254400,11634.000000,1.000000
0.270693,235.445600,11635.000000,1.000000
0.270738,236.351800,11636.000000,1.000000
0.270795,240.862800,11637.000000,1.000000
0.270808,237.055100,11638.000000,1.000000
0.270828,236.461600,11639.000000,1.000000
0.270834,241.424800,11640.000000,1.000000
0.270917,241.896300,11641.000000,1.000000
0.270930,241.664400,11642.000000,1.000000
0.270950,242.269300,11643.000000,1.000000
0.270962,241.962700,11644.000000,1.000000
0.270982,241.959800,11645.000000,1.000000
0.271007,242.173100,11646.000000,1.000000
0.271020,242.205300,11647.000000,1.000000
0.271020,242.343600,11648.000000,1.000000
0.271027,242.456800,11649.000000,1.000000
0.271065,242.492800,11650.000000,1.000000
0.271104,241.626400,11651.000000,1.000000
0.271117,243.122800,11652.000000,1.000000
0.271194,247.614800,11653.000000,1.000000
0.271226,245.082300,11654.000000,1.000000
0.271262,431.340500,11655.000000,0.000000
0.271271,249.774100,11656.000000,1.000000
0.271277,247.428300,11657.000000,1.000000
0.271329,239.515400,11658.000000,1.000000
0.271335,235.262900,11659.000000,1.000000
0.271342,237.877900,11660.000000,1.000000
0.271425,243.417800,11661.000000,1.000000
0.271438,243.868200,11662.000000,1.000000
0.271438,242.357400,11663.000000,1.000000
0.271509,237.060300,11664.000000,1.000000
0.271521,235.204400,11665.000000,1.000000
0.271637,248.765700,11666.000000,1.000000
0.271656,242.515800,11667.000000,1.000000
0.271663,242.389100,11668.000000,1.000000
0.271663,242.481800,11669.000000,1.000000
0.271708,242.230200,11670.000000,1.000000
0.271714,242.362500,11671.000000,1.000000
0.271746,242.398500,11672.000000,1.000000
0.271791,242.687400,11673.000000,1.000000
0.271817,243.286200,11674.000000,1.000000
0.271817,242.772700,11675.000000,1.000000
0.271933,245.726900,11676.000000,1.000000
0.271971,243.119400,11677.000000,1.000000
0.272016,254.655400,11678.000000,1.000000
0.272034,366.877400,11679.000000,0.000000
0.272055,261.384800,11680.000000,1.000000
0.272106,244.951100,11681.000000,1.000000
0.272113,245.309700,11682.000000,1.000000
0.272119,258.879500,11683.000000,1.000000
0.272136,490.926800,11684.000000,0.000000
0.272158,255.819800,11685.000000,1.000000
0.272170,256.884600,11686.000000,1.000000
0.272363,256.197500,11687.000000,1.000000
0.272376,264.370300,11688.000000,1.000000
0.272408,253.595000,11689.000000,1.000000
0.272444,538.756700,11690.000000,0.000000
0.272447,259.231000,11691.000000,1.000000
0.272498,266.345000,11692.000000,1.000000
0.272505,259.169600,11693.000000,1.000000
0.272511,259.275600,11694.000000,1.000000
0.272524,258.776200,11695.000000,1.000000
0.272556,258.862500,11696.000000,1.000000
0.272562,259.160300,11697.000000,1.000000
0.272588,260.441800,11698.000000,1.000000
0.272620,263.845500,11699.000000,1.000000
0.272646,259.865800,11700.000000,1.000000
0.272646,264.007300,11701.000000,1.000000
0.272652,263.978800,11702.000000,1.000000
0.272659,263.902400,11703.000000,1.000000
0.272717,263.714000,11704.000000,1.000000
0.272749,264.009300,11705.000000,1.000000
0.272800,264.162000,11706.000000,1.000000
0.272826,263.862800,11707.000000,1.000000
0.272832,264.185800,11708.000000,1.000000
0.272832,264.416100,11709.000000,1.000000
0.272877,264.378700,11710.000000,1.000000
0.272897,264.732900,11711.000000,1.000000
0.272897,235.378200,11712.000000,0.000000
0.272993,267.155100,11713.000000,1.000000
0.273076,267.412900,11714.000000,1.000000
0.273089,267.453200,11715.000000,1.000000
0.273089,269.414600,11716.000000,1.000000
0.273153,271.905600,11717.000000,1.000000
0.273173,270.925000,11718.000000,1.000000
0.273198,272.730300,11719.000000,1.000000
0.273256,276.130000,11720.000000,1.000000
0.273314,280.987000,11721.000000,1.000000
0.273336,580.974200,11722.000000,0.000000
0.273339,280.757600,11723.000000,1.000000
0.273404,283.484600,11724.000000,1.000000
0.273410,279.032600,11725.000000,1.000000
0.273436,287.181500,11726.000000,1.000000
0.273526,295.341000,11727.000000,1.000000
0.273526,294.762400,11728.000000,1.000000
0.273596,295.480700,11729.000000,1.000000
0.273596,296.238500,11730.000000,1.000000
0.273603,299.930900,11731.000000,1.000000
0.273628,300.416400,11732.000000,1.000000
0.273660,304.342500,11733.000000,1.000000
0.273673,300.838700,11734.000000,1.000000
0.273693,301.142500,11735.000000,1.000000
0.273712,300.728500,11736.000000,1.000000
0.273725,300.678700,11737.000000,1.000000
0.273757,304.837000,11738.000000,1.000000
0.273757,304.762500,11739.000000,1.000000
0.273815,307.253300,11740.000000,1.000000
0.273826,433.625500,11741.000000,0.000000
0.273834,305.148200,11742.000000,1.000000
0.273834,306.174600,11743.000000,1.000000
0.273847,305.793900,11744.000000,1.000000
0.273975,306.089700,11745.000000,1.000000
0.273975,305.426400,11746.000000,1.000000
0.274001,305.428000,11747.000000,1.000000
0.274008,304.731600,11748.000000,1.000000
0.274011,591.824500,11749.000000,0.000000
0.274072,304.998400,11750.000000,1.000000
0.274078,307.074300,11751.000000,1.000000
0.274207,300.208600,11752.000000,1.000000
0.274362,301.316900,11753.000000,1.000000
0.274368,297.680400,11754.000000,1.000000
0.274474,25.617000,11755.000000,0.000000
0.274510,295.077100,11756.000000,1.000000
0.274516,296.596700,11757.000000,1.000000
0.274587,292.827300,11758.000000,1.000000
0.274613,292.391100,11759.000000,1.000000
0.274613,291.172800,11760.000000,1.000000
0.274632,288.422000,11761.000000,1.000000
0.274666,110.241100,11762.000000,0.000000
0.274671,286.880400,11763.000000,1.000000
0.274697,286.212100,11764.000000,1.000000
0.274710,288.435200,11765.000000,1.000000
0.274716,288.958600,11766.000000,1.000000
0.274735,282.052900,11767.000000,1.000000
0.274761,272.365900,11768.000000,1.000000
0.274787,277.451600,11769.000000,1.000000
0.274797,542.829800,11770.000000,0.000000
0.274800,281.423200,11771.000000,1.000000
0.274961,278.763900,11772.000000,1.000000
0.275025,289.389600,11773.000000,1.000000
0.275025,276.617300,11774.000000,1.000000
0.275064,272.544100,11775.000000,1.000000
0.275077,272.394700,11776.000000,1.000000
0.275083,272.550700,11777.000000,1.000000
0.275090,272.316800,11778.000000,1.000000
0.275132,559.710900,11779.000000,0.000000
0.275135,270.451300,11780.000000,1.000000
0.275141,272.165000,11781.000000,1.000000
0.275154,272.874200,11782.000000,1.000000
0.275173,272.310900,11783.000000,1.000000
0.275371,443.657200,11784.000000,0.000000
0.275424,267.750500,11785.000000,1.000000
0.275437,266.248400,11786.000000,1.000000
0.275520,264.530800,11787.000000,1.000000
0.275546,275.205900,11788.000000,1.000000
0.275584,271.551500,11789.000000,1.000000
0.275597,280.752100,11790.000000,1.000000
0.275668,270.198800,11791.000000,1.000000
0.275732,267.259700,11792.000000,1.000000
0.275738,265.850100,11793.000000,1.000000
0.275770,265.748600,11794.000000,1.000000
0.275924,264.597600,11795.000000,1.000000
0.275944,263.600300,11796.000000,1.000000
0.275963,263.714700,11797.000000,1.000000
0.275976,264.629400,11798.000000,1.000000
0.276085,263.215100,11799.000000,1.000000
0.276104,262.481500,11800.000000,1.000000
0.276123,256.945200,11801.000000,1.000000
0.276149,262.288500,11802.000000,1.000000
0.276181,262.928500,11803.000000,1.000000
0.276187,262.864300,11804.000000,1.000000
0.276200,262.796000,11805.000000,1.000000
0.276207,263.152000,11806.000000,1.000000
0.276232,262.886100,11807.000000,1.000000
0.276232,262.885600,11808.000000,1.000000
0.276239,262.922300,11809.000000,1.000000
0.276263,435.802100,11810.000000,0.000000
0.276277,262.805900,11811.000000,1.000000
0.276277,274.091000,11812.000000,1.000000
0.276297,263.182200,11813.000000,1.000000
0.276387,267.308000,11814.000000,1.000000
0.276393,270.450600,11815.000000,1.000000
0.276412,274.003800,11816.000000,1.000000
0.276431,272.656800,11817.000000,1.000000
0.276444,264.656600,11818.000000,1.000000
0.276474,556.846200,11819.000000,0.000000
0.276528,269.545600,11820.000000,1.000000
0.276567,263.892200,11821.000000,1.000000
0.276624,350.888000,11822.000000,0.000000
0.276663,263.558300,11823.000000,1.000000
0.276727,263.658200,11824.000000,1.000000
0.276750,567.944100,11825.000000,0.000000
0.276760,263.319700,11826.000000,1.000000
0.276831,276.291400,11827.000000,1.000000
0.276844,267.854900,11828.000000,1.000000
0.276921,271.498100,11829.000000,1.000000
0.276940,281.407600,11830.000000,1.000000
0.276941,273.148100,11831.000000,1.000000
0.276953,275.224000,11832.000000,1.000000
0.276966,275.484800,11833.000000,1.000000
0.276979,273.083800,11834.000000,1.000000
0.277050,276.478900,11835.000000,1.000000
0.277057,276.752000,11836.000000,1.000000
0.277108,276.820400,11837.000000,1.000000
0.277121,280.352000,11838.000000,1.000000
0.277128,277.052900,11839.000000,1.000000
0.277147,282.391500,11840.000000,1.000000
0.277172,396.814500,11841.000000,0.000000
0.277186,283.620000,11842.000000,1.000000
0.277225,283.151600,11843.000000,1.000000
0.277238,282.881300,11844.000000,1.000000
0.277244,282.729200,11845.000000,1.000000
0.277244,281.648600,11846.000000,1.000000
0.277270,285.935500,11847.000000,1.000000
0.277309,283.137800,11848.000000,1.000000
0.277315,283.100300,11849.000000,1.000000
0.277328,282.228700,11850.000000,1.000000
0.277418,286.810600,11851.000000,1.000000
0.277457,320.282000,11852.000000,0.000000
0.277464,283.316400,11853.000000,1.000000
0.277464,285.843300,11854.000000,1.000000
0.277483,285.976100,11855.000000,1.000000
0.277502,286.132200,11856.000000,1.000000
0.277515,285.988400,11857.000000,1.000000
0.277586,286.183900,11858.000000,1.000000
0.277625,286.054000,11859.000000,1.000000
0.277625,285.888900,11860.000000,1.000000
0.277644,285.998900,11861.000000,1.000000
0.277651,286.060700,11862.000000,1.000000
0.277651,286.320300,11863.000000,1.000000
0.277670,286.207400,11864.000000,1.000000
0.277709,286.079600,11865.000000,1.000000
0.277754,286.140400,11866.000000,1.000000
0.277805,286.907500,11867.000000,1.000000
0.277831,286.747200,11868.000000,1.000000
0.277889,283.460500,11869.000000,1.000000
0.277908,283.876600,11870.000000,1.000000
0.278101,286.372600,11871.000000,1.000000
0.278114,282.410400,11872.000000,1.000000
0.278191,280.160200,11873.000000,1.000000
0.278229,291.978400,11874.000000,1.000000
0.278293,279.927400,11875.000000,1.000000
0.278357,278.918100,11876.000000,1.000000
0.278357,295.186600,11877.000000,1.000000
0.278363,292.451900,11878.000000,1.000000
0.278415,279.677800,11879.000000,1.000000
0.278446,291.596800,11880.000000,1.000000
0.278472,289.861900,11881.000000,1.000000
0.278498,289.151800,11882.000000,1.000000
0.278517,275.912700,11883.000000,1.000000
0.278523,276.265800,11884.000000,1.000000
0.278536,287.255800,11885.000000,1.000000
0.278568,287.633100,11886.000000,1.000000
0.278581,274.188200,11887.000000,1.000000
0.278626,275.418900,11888.000000,1.000000
0.278645,274.226400,11889.000000,1.000000
0.278651,280.950900,11890.000000,1.000000
0.278670,273.962300,11891.000000,1.000000
0.278696,289.174300,11892.000000,1.000000
0.278702,282.948000,11893.000000,1.000000
0.278734,285.943100,11894.000000,1.000000
0.278798,286.527400,11895.000000,1.000000
0.278815,533.172100,11896.000000,0.000000
0.278850,270.746300,11897.000000,1.000000
0.278888,271.217100,11898.000000,1.000000
0.278895,270.820100,11899.000000,1.000000
0.278914,271.167900,11900.000000,1.000000
0.278920,270.512100,11901.000000,1.000000
0.278939,269.992900,11902.000000,1.000000
0.278978,270.552200,11903.000000,1.000000
0.279004,270.184300,11904.000000,1.000000
0.279080,278.941300,11905.000000,1.000000
0.279087,277.408500,11906.000000,1.000000
0.279093,269.955800,11907.000000,1.000000
0.279132,280.235200,11908.000000,1.000000
0.279145,272.113300,11909.000000,1.000000
0.279151,283.887500,11910.000000,1.000000
0.279164,284.228700,11911.000000,1.000000
0.279164,272.498000,11912.000000,1.000000
0.279177,272.536900,11913.000000,1.000000
0.279215,266.997600,11914.000000,1.000000
0.279247,276.791000,11915.000000,1.000000
0.279273,282.327900,11916.000000,1.000000
0.279338,272.451500,11917.000000,1.000000
0.279376,279.054700,11918.000000,1.000000
0.279376,277.242600,11919.000000,1.000000
0.279434,272.315900,11920.000000,1.000000
0.279460,264.880000,11921.000000,1.000000
0.279493,264.977400,11922.000000,1.000000
0.279492,272.410800,11923.000000,1.000000
0.279544,264.393900,11924.000000,1.000000
0.279544,273.041500,11925.000000,1.000000
0.279551,264.501900,11926.000000,1.000000
0.279577,264.644600,11927.000000,1.000000
0.279576,273.237000,11928.000000,1.000000
0.279596,274.435300,11929.000000,1.000000
0.279602,271.593000,11930.000000,1.000000
0.279615,265.351100,11931.000000,1.000000
0.279615,271.470300,11932.000000,1.000000
0.279661,264.203700,11933.000000,1.000000
0.279680,264.445600,11934.000000,1.000000
0.279680,264.456800,11935.000000,1.000000
0.279769,453.621700,11936.000000,0.000000
0.279809,264.237700,11937.000000,1.000000
0.279809,264.024700,11938.000000,1.000000
0.279816,264.244800,11939.000000,1.000000
0.279829,263.845700,11940.000000,1.000000
0.279855,264.143700,11941.000000,1.000000
0.279861,255.889000,11942.000000,1.000000
0.279893,264.318100,11943.000000,1.000000
0.279893,268.981200,11944.000000,1.000000
0.279926,264.077400,11945.000000,1.000000
0.279926,263.739900,11946.000000,1.000000
0.279945,270.198800,11947.000000,1.000000
0.279952,269.773700,11948.000000,1.000000
0.279964,275.438700,11949.000000,1.000000
0.279990,267.848900,11950.000000,1.000000
0.279997,265.898300,11951.000000,1.000000
0.280010,263.985300,11952.000000,1.000000
0.280016,267.947100,11953.000000,1.000000
0.280029,268.069200,11954.000000,1.000000
0.280036,268.116900,11955.000000,1.000000
0.280042,263.823000,11956.000000,1.000000
0.280048,274.566100,11957.000000,1.000000
0.280074,268.238000,11958.000000,1.000000
0.280079,496.379600,11959.000000,0.000000
0.280113,268.344000,11960.000000,1.000000
0.280113,266.898800,11961.000000,1.000000
0.280113,268.438400,11962.000000,1.000000
0.280120,266.035100,11963.000000,1.000000
0.280139,265.167800,11964.000000,1.000000
0.280236,262.570500,11965.000000,1.000000
0.280236,262.631900,11966.000000,1.000000
0.280262,267.809400,11967.000000,1.000000
0.280307,262.488100,11968.000000,1.000000
0.280314,272.745300,11969.000000,1.000000
0.280333,262.395800,11970.000000,1.000000
0.280352,261.217900,11971.000000,1.000000
0.280359,261.625000,11972.000000,1.000000
0.280372,262.387300,11973.000000,1.000000
0.280423,262.878300,11974.000000,1.000000
0.280436,266.423700,11975.000000,1.000000
0.280443,267.804800,11976.000000,1.000000
0.280456,263.000000,11977.000000,1.000000
0.280527,263.293400,11978.000000,1.000000
0.280546,263.221500,11979.000000,1.000000
0.280572,270.930200,11980.000000,1.000000
0.280572,267.666100,11981.000000,1.000000
0.280611,269.353500,11982.000000,1.000000
0.280617,267.814700,11983.000000,1.000000
0.280636,269.927000,11984.000000,1.000000
0.280643,274.337500,11985.000000,1.000000
0.280656,270.845600,11986.000000,1.000000
0.280713,270.736200,11987.000000,1.000000
0.280739,270.827700,11988.000000,1.000000
0.280803,270.027600,11989.000000,1.000000
0.280829,270.838600,11990.000000,1.000000
0.280829,269.291000,11991.000000,1.000000
0.280887,271.177300,11992.000000,1.000000
0.280977,266.715100,11993.000000,1.000000
0.281009,266.611500,11994.000000,1.000000
0.281048,268.392600,11995.000000,1.000000
0.281054,266.892800,11996.000000,1.000000
0.281067,266.764300,11997.000000,1.000000
0.281076,578.237700,11998.000000,0.000000
0.281105,266.593700,11999.000000,1.000000
0.281125,268.315100,12000.000000,1.000000
0.281131,266.871900,12001.000000,1.000000
0.281137,266.634300,12002.000000,1.000000
0.281150,266.512700,12003.000000,1.000000
0.281150,268.018600,12004.000000,1.000000
0.281157,266.641300,12005.000000,1.000000
0.281240,266.484600,12006.000000,1.000000
0.281259,267.414200,12007.000000,1.000000
0.281266,267.072900,12008.000000,1.000000
0.281285,266.677900,12009.000000,1.000000
0.281317,269.493600,12010.000000,1.000000
0.281362,271.579000,12011.000000,1.000000
0.281387,279.915600,12012.000000,1.000000
0.281394,267.689800,12013.000000,1.000000
0.281464,267.724800,12014.000000,1.000000
0.281471,271.773000,12015.000000,1.000000
0.281490,268.359800,12016.000000,1.000000
0.281503,271.593800,12017.000000,1.000000
0.281522,268.428800,12018.000000,1.000000
0.281535,272.437300,12019.000000,1.000000
0.281541,271.330600,12020.000000,1.000000
0.281580,268.864200,12021.000000,1.000000
0.281605,268.547100,12022.000000,1.000000
0.281676,271.559000,12023.000000,1.000000
0.281676,272.993800,12024.000000,1.000000
0.281688,273.130500,12025.000000,1.000000
0.281740,272.943600,12026.000000,1.000000
0.281746,272.998300,12027.000000,1.000000
0.281759,268.981500,12028.000000,1.000000
0.281759,273.140700,12029.000000,1.000000
0.281772,268.976700,12030.000000,1.000000
0.281785,272.806200,12031.000000,1.000000
0.281785,268.844700,12032.000000,1.000000
0.281823,272.763900,12033.000000,1.000000
0.281823,272.753700,12034.000000,1.000000
0.281842,269.167500,12035.000000,1.000000
0.281881,269.051600,12036.000000,1.000000
0.281881,272.919800,12037.000000,1.000000
0.281919,269.168800,12038.000000,1.000000
0.281925,273.529400,12039.000000,1.000000
0.281945,273.489600,12040.000000,1.000000
0.281951,273.642400,12041.000000,1.000000
0.281958,269.069700,12042.000000,1.000000
0.282002,269.445300,12043.000000,1.000000
0.282009,269.556900,12044.000000,1.000000
0.282041,269.324600,12045.000000,1.000000
0.282047,273.736200,12046.000000,1.000000
0.282060,283.976500,12047.000000,1.000000
0.282066,273.396900,12048.000000,1.000000
0.282111,270.810200,12049.000000,1.000000
0.282118,287.177400,12050.000000,1.000000
0.282124,270.068500,12051.000000,1.000000
0.282207,278.346500,12052.000000,1.000000
0.282214,278.395800,12053.000000,1.000000
0.282220,278.382100,12054.000000,1.000000
0.282220,278.451400,12055.000000,1.000000
0.282259,278.398500,12056.000000,1.000000
0.282278,278.305300,12057.000000,1.000000
0.282342,278.159000,12058.000000,1.000000
0.282349,280.269200,12059.000000,1.000000
0.282368,280.297600,12060.000000,1.000000
0.282368,278.229500,12061.000000,1.000000
0.282426,281.167900,12062.000000,1.000000
0.282426,278.459200,12063.000000,1.000000
0.282445,280.235800,12064.000000,1.000000
0.282445,280.759900,12065.000000,1.000000
0.282451,280.293400,12066.000000,1.000000
0.282458,280.986800,12067.000000,1.000000
0.282528,280.911400,12068.000000,1.000000
0.282535,280.645100,12069.000000,1.000000
0.282567,282.196200,12070.000000,1.000000
0.282573,285.014800,12071.000000,1.000000
0.282593,280.354400,12072.000000,1.000000
0.282631,284.939200,12073.000000,1.000000
0.282657,284.801100,12074.000000,1.000000
0.282695,285.550800,12075.000000,1.000000
0.282702,285.453000,12076.000000,1.000000
0.282715,284.946300,12077.000000,1.000000
0.282740,285.547900,12078.000000,1.000000
0.282753,285.222800,12079.000000,1.000000
0.282811,285.896100,12080.000000,1.000000
0.282811,285.628400,12081.000000,1.000000
0.282824,286.089800,12082.000000,1.000000
0.282843,285.814100,12083.000000,1.000000
0.282849,287.184100,12084.000000,1.000000
0.282849,286.201000,12085.000000,1.000000
0.282856,286.267500,12086.000000,1.000000
0.282862,286.633900,12087.000000,1.000000
0.282888,286.710100,12088.000000,1.000000
0.282901,287.757000,12089.000000,1.000000
0.282920,288.257900,12090.000000,1.000000
0.282952,288.447800,12091.000000,1.000000
0.283004,291.862500,12092.000000,1.000000
0.283010,291.750000,12093.000000,1.000000
0.283042,291.627900,12094.000000,1.000000
0.283068,291.780100,12095.000000,1.000000
0.283100,291.798900,12096.000000,1.000000
0.283132,292.170400,12097.000000,1.000000
0.283171,291.988500,12098.000000,1.000000
0.283210,293.101200,12099.000000,1.000000
0.283242,292.555400,12100.000000,1.000000
0.283268,293.619800,12101.000000,1.000000
0.283274,341.695100,12102.000000,0.000000
0.283280,292.917400,12103.000000,1.000000
0.283313,293.649200,12104.000000,1.000000
0.283358,296.451900,12105.000000,1.000000
0.283383,302.616200,12106.000000,1.000000
0.283383,296.287200,12107.000000,1.000000
0.283396,296.778200,12108.000000,1.000000
0.283396,296.253800,12109.000000,1.000000
0.283403,294.737300,12110.000000,1.000000
0.283467,295.903300,12111.000000,1.000000
0.283487,291.524000,12112.000000,1.000000
0.283506,295.792500,12113.000000,1.000000
0.283519,295.977100,12114.000000,1.000000
0.283532,294.893600,12115.000000,1.000000
0.283532,295.864300,12116.000000,1.000000
0.283544,303.995900,12117.000000,1.000000
0.283551,295.794600,12118.000000,1.000000
0.283551,296.054600,12119.000000,1.000000
0.283554,36.253410,12120.000000,0.000000
0.283557,296.356800,12121.000000,1.000000
0.283564,295.988100,12122.000000,1.000000
0.283570,295.794900,12123.000000,1.000000
0.283577,295.967100,12124.000000,1.000000
0.283583,295.014000,12125.000000,1.000000
0.283615,296.385100,12126.000000,1.000000
0.283628,296.582800,12127.000000,1.000000
0.283628,296.755300,12128.000000,1.000000
0.283635,296.453100,12129.000000,1.000000
0.283635,296.343400,12130.000000,1.000000
0.283641,295.018000,12131.000000,1.000000
0.283648,296.855900,12132.000000,1.000000
0.283648,296.219100,12133.000000,1.000000
0.283658,552.434600,12134.000000,0.000000
0.283661,296.331100,12135.000000,1.000000
0.283667,296.513500,12136.000000,1.000000
0.283667,296.212800,12137.000000,1.000000
0.283667,296.646900,12138.000000,1.000000
0.283680,291.305200,12139.000000,1.000000
0.283686,296.315900,12140.000000,1.000000
0.283706,295.986200,12141.000000,1.000000
0.283706,291.195300,12142.000000,1.000000
0.283719,296.717500,12143.000000,1.000000
0.283751,296.122700,12144.000000,1.000000
0.283757,296.836600,12145.000000,1.000000
0.283809,300.172100,12146.000000,1.000000
0.283828,298.348400,12147.000000,1.000000
0.283860,303.321700,12148.000000,1.000000
0.283867,302.882900,12149.000000,1.000000
0.283873,299.531900,12150.000000,1.000000
0.283893,298.965500,12151.000000,1.000000
0.283899,299.590300,12152.000000,1.000000
0.283925,299.564200,12153.000000,1.000000
0.283931,299.449500,12154.000000,1.000000
0.283944,299.987100,12155.000000,1.000000
0.283976,301.700300,12156.000000,1.000000
0.284008,300.282100,12157.000000,1.000000
0.284047,300.549500,12158.000000,1.000000
0.284054,303.769600,12159.000000,1.000000
0.284060,300.338100,12160.000000,1.000000
0.284066,300.628600,12161.000000,1.000000
0.284073,300.300100,12162.000000,1.000000
0.284099,302.436300,12163.000000,1.000000
0.284124,301.458300,12164.000000,1.000000
0.284144,301.075100,12165.000000,1.000000
0.284150,301.790400,12166.000000,1.000000
0.284163,300.962400,12167.000000,1.000000
0.284208,304.310300,12168.000000,1.000000
0.284221,305.391700,12169.000000,1.000000
0.284279,302.127300,12170.000000,1.000000
0.284286,302.635000,12171.000000,1.000000
0.284317,335.534500,12172.000000,0.000000
0.284331,306.298600,12173.000000,1.000000
0.284369,306.039400,12174.000000,1.000000
0.284376,305.398500,12175.000000,1.000000
0.284382,305.657300,12176.000000,1.000000
0.284395,312.388400,12177.000000,1.000000
0.284401,306.170600,12178.000000,1.000000
0.284414,305.134900,12179.000000,1.000000
0.284427,312.277500,12180.000000,1.000000
0.284479,315.298200,12181.000000,1.000000
0.284491,320.530400,12182.000000,1.000000
0.284517,305.503500,12183.000000,1.000000
0.284517,305.073500,12184.000000,1.000000
0.284537,305.577900,12185.000000,1.000000
0.284550,305.581600,12186.000000,1.000000
0.284620,305.501800,12187.000000,1.000000
0.284620,320.348800,12188.000000,1.000000
0.284621,276.603700,12189.000000,0.000000
0.284621,284.521600,12190.000000,0.000000
0.284627,308.112900,12191.000000,1.000000
0.284646,314.535200,12192.000000,1.000000
0.284672,321.790700,12193.000000,1.000000
0.284691,317.535800,12194.000000,1.000000
0.284781,320.104300,12195.000000,1.000000
0.284794,308.196400,12196.000000,1.000000
0.284845,308.354500,12197.000000,1.000000
0.284852,317.179200,12198.000000,1.000000
0.284852,311.287000,12199.000000,1.000000
0.284852,318.295300,12200.000000,1.000000
0.284865,314.939500,12201.000000,1.000000
0.284903,311.243900,12202.000000,1.000000
0.284916,312.277400,12203.000000,1.000000
0.284916,311.894300,12204.000000,1.000000
0.284935,311.818100,12205.000000,1.000000
0.284942,311.324200,12206.000000,1.000000
0.284961,311.584100,12207.000000,1.000000
0.284980,312.192600,12208.000000,1.000000
0.284980,311.549800,12209.000000,1.000000
0.284993,311.979900,12210.000000,1.000000
0.285025,311.872500,12211.000000,1.000000
0.285096,312.226000,12212.000000,1.000000
0.285154,312.008900,12213.000000,1.000000
0.285160,311.993400,12214.000000,1.000000
0.285199,312.511300,12215.000000,1.000000
0.285237,313.513900,12216.000000,1.000000
0.285250,313.134900,12217.000000,1.000000
0.285302,312.592400,12218.000000,1.000000
0.285359,321.073500,12219.000000,1.000000
0.285375,634.976000,12220.000000,0.000000
0.285404,313.863800,12221.000000,1.000000
0.285424,308.928400,12222.000000,1.000000
0.285462,316.228400,12223.000000,1.000000
0.285488,309.776600,12224.000000,1.000000
0.285539,320.225200,12225.000000,1.000000
0.285578,318.966900,12226.000000,1.000000
0.285667,313.612200,12227.000000,1.000000
0.285680,313.429900,12228.000000,1.000000
0.285680,319.417700,12229.000000,1.000000
0.285699,312.077900,12230.000000,1.000000
0.285751,313.425500,12231.000000,1.000000
0.285789,312.411600,12232.000000,1.000000
0.285892,316.176100,12233.000000,1.000000
0.285917,310.645900,12234.000000,1.000000
0.285924,310.155500,12235.000000,1.000000
0.285937,311.092300,12236.000000,1.000000
0.285956,310.513600,12237.000000,1.000000
0.285969,311.025300,12238.000000,1.000000
0.285988,311.104900,12239.000000,1.000000
0.286007,305.640300,12240.000000,1.000000
0.286039,312.469100,12241.000000,1.000000
0.286059,312.219400,12242.000000,1.000000
0.286071,311.162900,12243.000000,1.000000
0.286078,311.128400,12244.000000,1.000000
0.286084,311.833500,12245.000000,1.000000
0.286152,556.865800,12246.000000,0.000000
0.286180,330.985100,12247.000000,1.000000
0.286180,322.626900,12248.000000,1.000000
0.286219,322.457000,12249.000000,1.000000
0.286238,323.107200,12250.000000,1.000000
0.286257,322.441400,12251.000000,1.000000
0.286264,322.297500,12252.000000,1.000000
0.286276,322.765200,12253.000000,1.000000
0.286340,322.623400,12254.000000,1.000000
0.286456,322.992900,12255.000000,1.000000
0.286462,323.019000,12256.000000,1.000000
0.286475,324.916400,12257.000000,1.000000
0.286558,329.522200,12258.000000,1.000000
0.286591,329.609000,12259.000000,1.000000
0.286591,329.658400,12260.000000,1.000000
0.286616,332.154700,12261.000000,1.000000
0.286642,325.360900,12262.000000,1.000000
0.286648,331.036300,12263.000000,1.000000
0.286655,330.930300,12264.000000,1.000000
0.286655,334.763400,12265.000000,1.000000
0.286661,329.851500,12266.000000,1.000000
0.286680,335.791600,12267.000000,1.000000
0.286680,337.559100,12268.000000,1.000000
0.286706,335.365700,12269.000000,1.000000
0.286706,339.085100,12270.000000,1.000000
0.286738,330.781800,12271.000000,1.000000
0.286822,326.842200,12272.000000,1.000000
0.286937,338.884400,12273.000000,1.000000
0.286950,338.635100,12274.000000,1.000000
0.286963,326.743100,12275.000000,1.000000
0.286976,331.139300,12276.000000,1.000000
0.286995,342.786000,12277.000000,0.000000
0.287053,340.385200,12278.000000,0.000000
0.287053,340.259900,12279.000000,1.000000
0.287059,332.064600,12280.000000,1.000000
0.287130,328.784200,12281.000000,1.000000
